Copyright 1986-2022 Xilinx, Inc. All Rights Reserved.
---------------------------------------------------------------------------------------------------------------------------------------------------------------------------------------------------------------------------------------
| Tool Version : Vivado v.2022.2 (win64) Build 3671981 Fri Oct 14 05:00:03 MDT 2022
| Date         : Wed Oct 30 14:27:18 2024
| Host         : cop running 64-bit major release  (build 9200)
| Command      : report_timing_summary -max_paths 10 -report_unconstrained -file risc32_wrapper_timing_summary_routed.rpt -pb risc32_wrapper_timing_summary_routed.pb -rpx risc32_wrapper_timing_summary_routed.rpx -warn_on_violation
| Design       : risc32_wrapper
| Device       : 7a100t-csg324
| Speed File   : -1  PRODUCTION 1.23 2018-06-13
---------------------------------------------------------------------------------------------------------------------------------------------------------------------------------------------------------------------------------------

Timing Summary Report

------------------------------------------------------------------------------------------------
| Timer Settings
| --------------
------------------------------------------------------------------------------------------------

  Enable Multi Corner Analysis               :  Yes
  Enable Pessimism Removal                   :  Yes
  Pessimism Removal Resolution               :  Nearest Common Node
  Enable Input Delay Default Clock           :  No
  Enable Preset / Clear Arcs                 :  No
  Disable Flight Delays                      :  No
  Ignore I/O Paths                           :  No
  Timing Early Launch at Borrowing Latches   :  No
  Borrow Time for Max Delay Exceptions       :  Yes
  Merge Timing Exceptions                    :  Yes

  Corner  Analyze    Analyze    
  Name    Max Paths  Min Paths  
  ------  ---------  ---------  
  Slow    Yes        Yes        
  Fast    Yes        Yes        


------------------------------------------------------------------------------------------------
| Report Methodology
| ------------------
------------------------------------------------------------------------------------------------

Rule       Severity          Description                                                       Violations  
---------  ----------------  ----------------------------------------------------------------  ----------  
TIMING-6   Critical Warning  No common primary clock between related clocks                    2           
TIMING-17  Critical Warning  Non-clocked sequential cell                                       96          
TIMING-56  Warning           Missing logically or physically excluded clock groups constraint  2           

Note: This report is based on the most recent report_methodology run and may not be up-to-date. Run report_methodology on the current design for the latest report.



check_timing report

Table of Contents
-----------------
1. checking no_clock (96)
2. checking constant_clock (0)
3. checking pulse_width_clock (0)
4. checking unconstrained_internal_endpoints (612)
5. checking no_input_delay (1)
6. checking no_output_delay (15)
7. checking multiple_clock (38)
8. checking generated_clocks (0)
9. checking loops (0)
10. checking partial_input_delay (0)
11. checking partial_output_delay (0)
12. checking latch_loops (0)

1. checking no_clock (96)
-------------------------
 There are 96 register/latch pins with no clock driven by root clock pin: clk (HIGH)


2. checking constant_clock (0)
------------------------------
 There are 0 register/latch pins with constant_clock.


3. checking pulse_width_clock (0)
---------------------------------
 There are 0 register/latch pins which need pulse_width check


4. checking unconstrained_internal_endpoints (612)
--------------------------------------------------
 There are 612 pins that are not constrained for maximum delay. (HIGH)

 There are 0 pins that are not constrained for maximum delay due to constant clock.


5. checking no_input_delay (1)
------------------------------
 There is 1 input port with no input delay specified. (HIGH)

 There are 0 input ports with no input delay but user has a false path constraint.


6. checking no_output_delay (15)
--------------------------------
 There are 15 ports with no output delay specified. (HIGH)

 There are 0 ports with no output delay but user has a false path constraint

 There are 0 ports with no output delay but with a timing clock defined on it or propagating through it


7. checking multiple_clock (38)
-------------------------------
 There are 38 register/latch pins with multiple clocks. (HIGH)


8. checking generated_clocks (0)
--------------------------------
 There are 0 generated clocks that are not connected to a clock source.


9. checking loops (0)
---------------------
 There are 0 combinational loops in the design.


10. checking partial_input_delay (0)
------------------------------------
 There are 0 input ports with partial input delay specified.


11. checking partial_output_delay (0)
-------------------------------------
 There are 0 ports with partial output delay specified.


12. checking latch_loops (0)
----------------------------
 There are 0 combinational latch loops in the design through latch input



------------------------------------------------------------------------------------------------
| Design Timing Summary
| ---------------------
------------------------------------------------------------------------------------------------

    WNS(ns)      TNS(ns)  TNS Failing Endpoints  TNS Total Endpoints      WHS(ns)      THS(ns)  THS Failing Endpoints  THS Total Endpoints     WPWS(ns)     TPWS(ns)  TPWS Failing Endpoints  TPWS Total Endpoints  
    -------      -------  ---------------------  -------------------      -------      -------  ---------------------  -------------------     --------     --------  ----------------------  --------------------  
     16.149        0.000                      0                   38        0.092        0.000                      0                   38        3.000        0.000                       0                    44  


All user specified timing constraints are met.


------------------------------------------------------------------------------------------------
| Clock Summary
| -------------
------------------------------------------------------------------------------------------------

Clock                            Waveform(ns)       Period(ns)      Frequency(MHz)
-----                            ------------       ----------      --------------
clk_in1_0                        {0.000 5.000}      10.000          100.000         
  clk_out1_risc32_clk_wiz_0_0    {0.000 10.000}     20.000          50.000          
  clkfbout_risc32_clk_wiz_0_0    {0.000 10.000}     20.000          50.000          
sys_clk_pin                      {0.000 5.000}      10.000          100.000         
  clk_out1_risc32_clk_wiz_0_0_1  {0.000 10.000}     20.000          50.000          
  clkfbout_risc32_clk_wiz_0_0_1  {0.000 10.000}     20.000          50.000          


------------------------------------------------------------------------------------------------
| Intra Clock Table
| -----------------
------------------------------------------------------------------------------------------------

Clock                                WNS(ns)      TNS(ns)  TNS Failing Endpoints  TNS Total Endpoints      WHS(ns)      THS(ns)  THS Failing Endpoints  THS Total Endpoints     WPWS(ns)     TPWS(ns)  TPWS Failing Endpoints  TPWS Total Endpoints  
-----                                -------      -------  ---------------------  -------------------      -------      -------  ---------------------  -------------------     --------     --------  ----------------------  --------------------  
clk_in1_0                                                                                                                                                                          3.000        0.000                       0                     1  
  clk_out1_risc32_clk_wiz_0_0         16.149        0.000                      0                   38        0.199        0.000                      0                   38        9.500        0.000                       0                    40  
  clkfbout_risc32_clk_wiz_0_0                                                                                                                                                     17.845        0.000                       0                     3  
sys_clk_pin                                                                                                                                                                        3.000        0.000                       0                     1  
  clk_out1_risc32_clk_wiz_0_0_1       16.154        0.000                      0                   38        0.199        0.000                      0                   38        9.500        0.000                       0                    40  
  clkfbout_risc32_clk_wiz_0_0_1                                                                                                                                                   17.845        0.000                       0                     3  


------------------------------------------------------------------------------------------------
| Inter Clock Table
| -----------------
------------------------------------------------------------------------------------------------

From Clock                     To Clock                           WNS(ns)      TNS(ns)  TNS Failing Endpoints  TNS Total Endpoints      WHS(ns)      THS(ns)  THS Failing Endpoints  THS Total Endpoints  
----------                     --------                           -------      -------  ---------------------  -------------------      -------      -------  ---------------------  -------------------  
clk_out1_risc32_clk_wiz_0_0_1  clk_out1_risc32_clk_wiz_0_0         16.149        0.000                      0                   38        0.092        0.000                      0                   38  
clk_out1_risc32_clk_wiz_0_0    clk_out1_risc32_clk_wiz_0_0_1       16.149        0.000                      0                   38        0.092        0.000                      0                   38  


------------------------------------------------------------------------------------------------
| Other Path Groups Table
| -----------------------
------------------------------------------------------------------------------------------------

Path Group    From Clock    To Clock          WNS(ns)      TNS(ns)  TNS Failing Endpoints  TNS Total Endpoints      WHS(ns)      THS(ns)  THS Failing Endpoints  THS Total Endpoints  
----------    ----------    --------          -------      -------  ---------------------  -------------------      -------      -------  ---------------------  -------------------  


------------------------------------------------------------------------------------------------
| User Ignored Path Table
| -----------------------
------------------------------------------------------------------------------------------------

Path Group    From Clock    To Clock    
----------    ----------    --------    


------------------------------------------------------------------------------------------------
| Unconstrained Path Table
| ------------------------
------------------------------------------------------------------------------------------------

Path Group                     From Clock                     To Clock                     
----------                     ----------                     --------                     
(none)                                                                                       
(none)                         clk_out1_risc32_clk_wiz_0_0                                   
(none)                         clk_out1_risc32_clk_wiz_0_0_1                                 
(none)                         clkfbout_risc32_clk_wiz_0_0                                   
(none)                         clkfbout_risc32_clk_wiz_0_0_1                                 
(none)                                                        clk_out1_risc32_clk_wiz_0_0    
(none)                                                        clk_out1_risc32_clk_wiz_0_0_1  


------------------------------------------------------------------------------------------------
| Timing Details
| --------------
------------------------------------------------------------------------------------------------


---------------------------------------------------------------------------------------------------
From Clock:  clk_in1_0
  To Clock:  clk_in1_0

Setup :           NA  Failing Endpoints,  Worst Slack           NA  ,  Total Violation           NA
Hold  :           NA  Failing Endpoints,  Worst Slack           NA  ,  Total Violation           NA
PW    :            0  Failing Endpoints,  Worst Slack        3.000ns,  Total Violation        0.000ns
---------------------------------------------------------------------------------------------------


Pulse Width Checks
--------------------------------------------------------------------------------------
Clock Name:         clk_in1_0
Waveform(ns):       { 0.000 5.000 }
Period(ns):         10.000
Sources:            { clk_in1_0 }

Check Type        Corner  Lib Pin           Reference Pin  Required(ns)  Actual(ns)  Slack(ns)  Location        Pin
Min Period        n/a     PLLE2_ADV/CLKIN1  n/a            1.249         10.000      8.751      PLLE2_ADV_X1Y2  risc32_i/clk_wiz_0/inst/plle2_adv_inst/CLKIN1
Max Period        n/a     PLLE2_ADV/CLKIN1  n/a            52.633        10.000      42.633     PLLE2_ADV_X1Y2  risc32_i/clk_wiz_0/inst/plle2_adv_inst/CLKIN1
Low Pulse Width   Slow    PLLE2_ADV/CLKIN1  n/a            2.000         5.000       3.000      PLLE2_ADV_X1Y2  risc32_i/clk_wiz_0/inst/plle2_adv_inst/CLKIN1
Low Pulse Width   Fast    PLLE2_ADV/CLKIN1  n/a            2.000         5.000       3.000      PLLE2_ADV_X1Y2  risc32_i/clk_wiz_0/inst/plle2_adv_inst/CLKIN1
High Pulse Width  Slow    PLLE2_ADV/CLKIN1  n/a            2.000         5.000       3.000      PLLE2_ADV_X1Y2  risc32_i/clk_wiz_0/inst/plle2_adv_inst/CLKIN1
High Pulse Width  Fast    PLLE2_ADV/CLKIN1  n/a            2.000         5.000       3.000      PLLE2_ADV_X1Y2  risc32_i/clk_wiz_0/inst/plle2_adv_inst/CLKIN1



---------------------------------------------------------------------------------------------------
From Clock:  clk_out1_risc32_clk_wiz_0_0
  To Clock:  clk_out1_risc32_clk_wiz_0_0

Setup :            0  Failing Endpoints,  Worst Slack       16.149ns,  Total Violation        0.000ns
Hold  :            0  Failing Endpoints,  Worst Slack        0.199ns,  Total Violation        0.000ns
PW    :            0  Failing Endpoints,  Worst Slack        9.500ns,  Total Violation        0.000ns
---------------------------------------------------------------------------------------------------


Max Delay Paths
--------------------------------------------------------------------------------------
Slack (MET) :             16.149ns  (required time - arrival time)
  Source:                 risc32_i/segment_0/inst/cnt_ms_reg[1]/C
                            (rising edge-triggered cell FDCE clocked by clk_out1_risc32_clk_wiz_0_0  {rise@0.000ns fall@10.000ns period=20.000ns})
  Destination:            risc32_i/segment_0/inst/cnt_ms_reg[13]/D
                            (rising edge-triggered cell FDCE clocked by clk_out1_risc32_clk_wiz_0_0  {rise@0.000ns fall@10.000ns period=20.000ns})
  Path Group:             clk_out1_risc32_clk_wiz_0_0
  Path Type:              Setup (Max at Slow Process Corner)
  Requirement:            20.000ns  (clk_out1_risc32_clk_wiz_0_0 rise@20.000ns - clk_out1_risc32_clk_wiz_0_0 rise@0.000ns)
  Data Path Delay:        3.795ns  (logic 1.889ns (49.779%)  route 1.906ns (50.221%))
  Logic Levels:           5  (CARRY4=4 LUT2=1)
  Clock Path Skew:        -0.024ns (DCD - SCD + CPR)
    Destination Clock Delay (DCD):    -1.933ns = ( 18.067 - 20.000 ) 
    Source Clock Delay      (SCD):    -2.323ns
    Clock Pessimism Removal (CPR):    -0.414ns
  Clock Uncertainty:      0.108ns  ((TSJ^2 + DJ^2)^1/2) / 2 + PE
    Total System Jitter     (TSJ):    0.071ns
    Discrete Jitter          (DJ):    0.203ns
    Phase Error              (PE):    0.000ns

    Location             Delay type                Incr(ns)  Path(ns)    Netlist Resource(s)
  -------------------------------------------------------------------    -------------------
                         (clock clk_out1_risc32_clk_wiz_0_0 rise edge)
                                                      0.000     0.000 r  
    E3                                                0.000     0.000 r  clk_in1_0 (IN)
                         net (fo=0)                   0.000     0.000    risc32_i/clk_wiz_0/inst/clk_in1
    E3                   IBUF (Prop_ibuf_I_O)         1.482     1.482 r  risc32_i/clk_wiz_0/inst/clkin1_ibufg/O
                         net (fo=1, routed)           1.253     2.735    risc32_i/clk_wiz_0/inst/clk_in1_risc32_clk_wiz_0_0
    PLLE2_ADV_X1Y2       PLLE2_ADV (Prop_plle2_adv_CLKIN1_CLKOUT0)
                                                     -8.591    -5.856 r  risc32_i/clk_wiz_0/inst/plle2_adv_inst/CLKOUT0
                         net (fo=1, routed)           1.713    -4.143    risc32_i/clk_wiz_0/inst/clk_out1_risc32_clk_wiz_0_0
    BUFGCTRL_X0Y16       BUFG (Prop_bufg_I_O)         0.096    -4.047 r  risc32_i/clk_wiz_0/inst/clkout1_buf/O
                         net (fo=38, routed)          1.724    -2.323    risc32_i/segment_0/inst/clk
    SLICE_X1Y91          FDCE                                         r  risc32_i/segment_0/inst/cnt_ms_reg[1]/C
  -------------------------------------------------------------------    -------------------
    SLICE_X1Y91          FDCE (Prop_fdce_C_Q)         0.456    -1.867 r  risc32_i/segment_0/inst/cnt_ms_reg[1]/Q
                         net (fo=2, routed)           1.046    -0.821    risc32_i/segment_0/inst/cnt_ms[1]
    SLICE_X0Y91          CARRY4 (Prop_carry4_S[0]_CO[3])
                                                      0.656    -0.165 r  risc32_i/segment_0/inst/cnt_ms0_carry/CO[3]
                         net (fo=1, routed)           0.000    -0.165    risc32_i/segment_0/inst/cnt_ms0_carry_n_0
    SLICE_X0Y92          CARRY4 (Prop_carry4_CI_CO[3])
                                                      0.114    -0.051 r  risc32_i/segment_0/inst/cnt_ms0_carry__0/CO[3]
                         net (fo=1, routed)           0.000    -0.051    risc32_i/segment_0/inst/cnt_ms0_carry__0_n_0
    SLICE_X0Y93          CARRY4 (Prop_carry4_CI_CO[3])
                                                      0.114     0.063 r  risc32_i/segment_0/inst/cnt_ms0_carry__1/CO[3]
                         net (fo=1, routed)           0.000     0.063    risc32_i/segment_0/inst/cnt_ms0_carry__1_n_0
    SLICE_X0Y94          CARRY4 (Prop_carry4_CI_O[0])
                                                      0.222     0.285 r  risc32_i/segment_0/inst/cnt_ms0_carry__2/O[0]
                         net (fo=1, routed)           0.860     1.145    risc32_i/segment_0/inst/data0[13]
    SLICE_X1Y94          LUT2 (Prop_lut2_I1_O)        0.327     1.472 r  risc32_i/segment_0/inst/cnt_ms[13]_i_1/O
                         net (fo=1, routed)           0.000     1.472    risc32_i/segment_0/inst/cnt_ms_1[13]
    SLICE_X1Y94          FDCE                                         r  risc32_i/segment_0/inst/cnt_ms_reg[13]/D
  -------------------------------------------------------------------    -------------------

                         (clock clk_out1_risc32_clk_wiz_0_0 rise edge)
                                                     20.000    20.000 r  
    E3                                                0.000    20.000 r  clk_in1_0 (IN)
                         net (fo=0)                   0.000    20.000    risc32_i/clk_wiz_0/inst/clk_in1
    E3                   IBUF (Prop_ibuf_I_O)         1.411    21.411 r  risc32_i/clk_wiz_0/inst/clkin1_ibufg/O
                         net (fo=1, routed)           1.181    22.592    risc32_i/clk_wiz_0/inst/clk_in1_risc32_clk_wiz_0_0
    PLLE2_ADV_X1Y2       PLLE2_ADV (Prop_plle2_adv_CLKIN1_CLKOUT0)
                                                     -7.856    14.736 r  risc32_i/clk_wiz_0/inst/plle2_adv_inst/CLKOUT0
                         net (fo=1, routed)           1.634    16.370    risc32_i/clk_wiz_0/inst/clk_out1_risc32_clk_wiz_0_0
    BUFGCTRL_X0Y16       BUFG (Prop_bufg_I_O)         0.091    16.461 r  risc32_i/clk_wiz_0/inst/clkout1_buf/O
                         net (fo=38, routed)          1.605    18.067    risc32_i/segment_0/inst/clk
    SLICE_X1Y94          FDCE                                         r  risc32_i/segment_0/inst/cnt_ms_reg[13]/C
                         clock pessimism             -0.414    17.653    
                         clock uncertainty           -0.108    17.546    
    SLICE_X1Y94          FDCE (Setup_fdce_C_D)        0.075    17.621    risc32_i/segment_0/inst/cnt_ms_reg[13]
  -------------------------------------------------------------------
                         required time                         17.621    
                         arrival time                          -1.472    
  -------------------------------------------------------------------
                         slack                                 16.149    

Slack (MET) :             16.191ns  (required time - arrival time)
  Source:                 risc32_i/segment_0/inst/cnt_ms_reg[5]/C
                            (rising edge-triggered cell FDCE clocked by clk_out1_risc32_clk_wiz_0_0  {rise@0.000ns fall@10.000ns period=20.000ns})
  Destination:            risc32_i/segment_0/inst/cnt_reg[1]/D
                            (rising edge-triggered cell FDCE clocked by clk_out1_risc32_clk_wiz_0_0  {rise@0.000ns fall@10.000ns period=20.000ns})
  Path Group:             clk_out1_risc32_clk_wiz_0_0
  Path Type:              Setup (Max at Slow Process Corner)
  Requirement:            20.000ns  (clk_out1_risc32_clk_wiz_0_0 rise@20.000ns - clk_out1_risc32_clk_wiz_0_0 rise@0.000ns)
  Data Path Delay:        3.705ns  (logic 0.966ns (26.071%)  route 2.739ns (73.929%))
  Logic Levels:           3  (LUT3=1 LUT4=2)
  Clock Path Skew:        -0.025ns (DCD - SCD + CPR)
    Destination Clock Delay (DCD):    -1.934ns = ( 18.066 - 20.000 ) 
    Source Clock Delay      (SCD):    -2.323ns
    Clock Pessimism Removal (CPR):    -0.414ns
  Clock Uncertainty:      0.108ns  ((TSJ^2 + DJ^2)^1/2) / 2 + PE
    Total System Jitter     (TSJ):    0.071ns
    Discrete Jitter          (DJ):    0.203ns
    Phase Error              (PE):    0.000ns

    Location             Delay type                Incr(ns)  Path(ns)    Netlist Resource(s)
  -------------------------------------------------------------------    -------------------
                         (clock clk_out1_risc32_clk_wiz_0_0 rise edge)
                                                      0.000     0.000 r  
    E3                                                0.000     0.000 r  clk_in1_0 (IN)
                         net (fo=0)                   0.000     0.000    risc32_i/clk_wiz_0/inst/clk_in1
    E3                   IBUF (Prop_ibuf_I_O)         1.482     1.482 r  risc32_i/clk_wiz_0/inst/clkin1_ibufg/O
                         net (fo=1, routed)           1.253     2.735    risc32_i/clk_wiz_0/inst/clk_in1_risc32_clk_wiz_0_0
    PLLE2_ADV_X1Y2       PLLE2_ADV (Prop_plle2_adv_CLKIN1_CLKOUT0)
                                                     -8.591    -5.856 r  risc32_i/clk_wiz_0/inst/plle2_adv_inst/CLKOUT0
                         net (fo=1, routed)           1.713    -4.143    risc32_i/clk_wiz_0/inst/clk_out1_risc32_clk_wiz_0_0
    BUFGCTRL_X0Y16       BUFG (Prop_bufg_I_O)         0.096    -4.047 r  risc32_i/clk_wiz_0/inst/clkout1_buf/O
                         net (fo=38, routed)          1.724    -2.323    risc32_i/segment_0/inst/clk
    SLICE_X1Y92          FDCE                                         r  risc32_i/segment_0/inst/cnt_ms_reg[5]/C
  -------------------------------------------------------------------    -------------------
    SLICE_X1Y92          FDCE (Prop_fdce_C_Q)         0.419    -1.904 r  risc32_i/segment_0/inst/cnt_ms_reg[5]/Q
                         net (fo=2, routed)           1.105    -0.799    risc32_i/segment_0/inst/cnt_ms[5]
    SLICE_X1Y92          LUT4 (Prop_lut4_I0_O)        0.299    -0.500 r  risc32_i/segment_0/inst/cnt_ms[15]_i_3/O
                         net (fo=1, routed)           0.797     0.297    risc32_i/segment_0/inst/cnt_ms[15]_i_3_n_0
    SLICE_X1Y93          LUT4 (Prop_lut4_I0_O)        0.124     0.421 r  risc32_i/segment_0/inst/cnt_ms[15]_i_2/O
                         net (fo=18, routed)          0.837     1.259    risc32_i/segment_0/inst/cnt_ms[15]_i_2_n_0
    SLICE_X1Y91          LUT3 (Prop_lut3_I1_O)        0.124     1.383 r  risc32_i/segment_0/inst/cnt[1]_i_1/O
                         net (fo=1, routed)           0.000     1.383    risc32_i/segment_0/inst/cnt[1]_i_1_n_0
    SLICE_X1Y91          FDCE                                         r  risc32_i/segment_0/inst/cnt_reg[1]/D
  -------------------------------------------------------------------    -------------------

                         (clock clk_out1_risc32_clk_wiz_0_0 rise edge)
                                                     20.000    20.000 r  
    E3                                                0.000    20.000 r  clk_in1_0 (IN)
                         net (fo=0)                   0.000    20.000    risc32_i/clk_wiz_0/inst/clk_in1
    E3                   IBUF (Prop_ibuf_I_O)         1.411    21.411 r  risc32_i/clk_wiz_0/inst/clkin1_ibufg/O
                         net (fo=1, routed)           1.181    22.592    risc32_i/clk_wiz_0/inst/clk_in1_risc32_clk_wiz_0_0
    PLLE2_ADV_X1Y2       PLLE2_ADV (Prop_plle2_adv_CLKIN1_CLKOUT0)
                                                     -7.856    14.736 r  risc32_i/clk_wiz_0/inst/plle2_adv_inst/CLKOUT0
                         net (fo=1, routed)           1.634    16.370    risc32_i/clk_wiz_0/inst/clk_out1_risc32_clk_wiz_0_0
    BUFGCTRL_X0Y16       BUFG (Prop_bufg_I_O)         0.091    16.461 r  risc32_i/clk_wiz_0/inst/clkout1_buf/O
                         net (fo=38, routed)          1.604    18.066    risc32_i/segment_0/inst/clk
    SLICE_X1Y91          FDCE                                         r  risc32_i/segment_0/inst/cnt_reg[1]/C
                         clock pessimism             -0.414    17.652    
                         clock uncertainty           -0.108    17.545    
    SLICE_X1Y91          FDCE (Setup_fdce_C_D)        0.029    17.574    risc32_i/segment_0/inst/cnt_reg[1]
  -------------------------------------------------------------------
                         required time                         17.574    
                         arrival time                          -1.383    
  -------------------------------------------------------------------
                         slack                                 16.191    

Slack (MET) :             16.205ns  (required time - arrival time)
  Source:                 risc32_i/segment_0/inst/cnt_ms_reg[1]/C
                            (rising edge-triggered cell FDCE clocked by clk_out1_risc32_clk_wiz_0_0  {rise@0.000ns fall@10.000ns period=20.000ns})
  Destination:            risc32_i/segment_0/inst/cnt_ms_reg[12]/D
                            (rising edge-triggered cell FDCE clocked by clk_out1_risc32_clk_wiz_0_0  {rise@0.000ns fall@10.000ns period=20.000ns})
  Path Group:             clk_out1_risc32_clk_wiz_0_0
  Path Type:              Setup (Max at Slow Process Corner)
  Requirement:            20.000ns  (clk_out1_risc32_clk_wiz_0_0 rise@20.000ns - clk_out1_risc32_clk_wiz_0_0 rise@0.000ns)
  Data Path Delay:        3.694ns  (logic 1.845ns (49.942%)  route 1.849ns (50.058%))
  Logic Levels:           4  (CARRY4=3 LUT2=1)
  Clock Path Skew:        -0.024ns (DCD - SCD + CPR)
    Destination Clock Delay (DCD):    -1.933ns = ( 18.067 - 20.000 ) 
    Source Clock Delay      (SCD):    -2.323ns
    Clock Pessimism Removal (CPR):    -0.414ns
  Clock Uncertainty:      0.108ns  ((TSJ^2 + DJ^2)^1/2) / 2 + PE
    Total System Jitter     (TSJ):    0.071ns
    Discrete Jitter          (DJ):    0.203ns
    Phase Error              (PE):    0.000ns

    Location             Delay type                Incr(ns)  Path(ns)    Netlist Resource(s)
  -------------------------------------------------------------------    -------------------
                         (clock clk_out1_risc32_clk_wiz_0_0 rise edge)
                                                      0.000     0.000 r  
    E3                                                0.000     0.000 r  clk_in1_0 (IN)
                         net (fo=0)                   0.000     0.000    risc32_i/clk_wiz_0/inst/clk_in1
    E3                   IBUF (Prop_ibuf_I_O)         1.482     1.482 r  risc32_i/clk_wiz_0/inst/clkin1_ibufg/O
                         net (fo=1, routed)           1.253     2.735    risc32_i/clk_wiz_0/inst/clk_in1_risc32_clk_wiz_0_0
    PLLE2_ADV_X1Y2       PLLE2_ADV (Prop_plle2_adv_CLKIN1_CLKOUT0)
                                                     -8.591    -5.856 r  risc32_i/clk_wiz_0/inst/plle2_adv_inst/CLKOUT0
                         net (fo=1, routed)           1.713    -4.143    risc32_i/clk_wiz_0/inst/clk_out1_risc32_clk_wiz_0_0
    BUFGCTRL_X0Y16       BUFG (Prop_bufg_I_O)         0.096    -4.047 r  risc32_i/clk_wiz_0/inst/clkout1_buf/O
                         net (fo=38, routed)          1.724    -2.323    risc32_i/segment_0/inst/clk
    SLICE_X1Y91          FDCE                                         r  risc32_i/segment_0/inst/cnt_ms_reg[1]/C
  -------------------------------------------------------------------    -------------------
    SLICE_X1Y91          FDCE (Prop_fdce_C_Q)         0.456    -1.867 r  risc32_i/segment_0/inst/cnt_ms_reg[1]/Q
                         net (fo=2, routed)           1.046    -0.821    risc32_i/segment_0/inst/cnt_ms[1]
    SLICE_X0Y91          CARRY4 (Prop_carry4_S[0]_CO[3])
                                                      0.656    -0.165 r  risc32_i/segment_0/inst/cnt_ms0_carry/CO[3]
                         net (fo=1, routed)           0.000    -0.165    risc32_i/segment_0/inst/cnt_ms0_carry_n_0
    SLICE_X0Y92          CARRY4 (Prop_carry4_CI_CO[3])
                                                      0.114    -0.051 r  risc32_i/segment_0/inst/cnt_ms0_carry__0/CO[3]
                         net (fo=1, routed)           0.000    -0.051    risc32_i/segment_0/inst/cnt_ms0_carry__0_n_0
    SLICE_X0Y93          CARRY4 (Prop_carry4_CI_O[3])
                                                      0.313     0.262 r  risc32_i/segment_0/inst/cnt_ms0_carry__1/O[3]
                         net (fo=1, routed)           0.803     1.066    risc32_i/segment_0/inst/data0[12]
    SLICE_X1Y94          LUT2 (Prop_lut2_I1_O)        0.306     1.372 r  risc32_i/segment_0/inst/cnt_ms[12]_i_1/O
                         net (fo=1, routed)           0.000     1.372    risc32_i/segment_0/inst/cnt_ms_1[12]
    SLICE_X1Y94          FDCE                                         r  risc32_i/segment_0/inst/cnt_ms_reg[12]/D
  -------------------------------------------------------------------    -------------------

                         (clock clk_out1_risc32_clk_wiz_0_0 rise edge)
                                                     20.000    20.000 r  
    E3                                                0.000    20.000 r  clk_in1_0 (IN)
                         net (fo=0)                   0.000    20.000    risc32_i/clk_wiz_0/inst/clk_in1
    E3                   IBUF (Prop_ibuf_I_O)         1.411    21.411 r  risc32_i/clk_wiz_0/inst/clkin1_ibufg/O
                         net (fo=1, routed)           1.181    22.592    risc32_i/clk_wiz_0/inst/clk_in1_risc32_clk_wiz_0_0
    PLLE2_ADV_X1Y2       PLLE2_ADV (Prop_plle2_adv_CLKIN1_CLKOUT0)
                                                     -7.856    14.736 r  risc32_i/clk_wiz_0/inst/plle2_adv_inst/CLKOUT0
                         net (fo=1, routed)           1.634    16.370    risc32_i/clk_wiz_0/inst/clk_out1_risc32_clk_wiz_0_0
    BUFGCTRL_X0Y16       BUFG (Prop_bufg_I_O)         0.091    16.461 r  risc32_i/clk_wiz_0/inst/clkout1_buf/O
                         net (fo=38, routed)          1.605    18.067    risc32_i/segment_0/inst/clk
    SLICE_X1Y94          FDCE                                         r  risc32_i/segment_0/inst/cnt_ms_reg[12]/C
                         clock pessimism             -0.414    17.653    
                         clock uncertainty           -0.108    17.546    
    SLICE_X1Y94          FDCE (Setup_fdce_C_D)        0.031    17.577    risc32_i/segment_0/inst/cnt_ms_reg[12]
  -------------------------------------------------------------------
                         required time                         17.577    
                         arrival time                          -1.372    
  -------------------------------------------------------------------
                         slack                                 16.205    

Slack (MET) :             16.209ns  (required time - arrival time)
  Source:                 risc32_i/segment_0/inst/cnt_ms_reg[5]/C
                            (rising edge-triggered cell FDCE clocked by clk_out1_risc32_clk_wiz_0_0  {rise@0.000ns fall@10.000ns period=20.000ns})
  Destination:            risc32_i/segment_0/inst/cnt_reg[2]/D
                            (rising edge-triggered cell FDCE clocked by clk_out1_risc32_clk_wiz_0_0  {rise@0.000ns fall@10.000ns period=20.000ns})
  Path Group:             clk_out1_risc32_clk_wiz_0_0
  Path Type:              Setup (Max at Slow Process Corner)
  Requirement:            20.000ns  (clk_out1_risc32_clk_wiz_0_0 rise@20.000ns - clk_out1_risc32_clk_wiz_0_0 rise@0.000ns)
  Data Path Delay:        3.733ns  (logic 0.994ns (26.625%)  route 2.739ns (73.375%))
  Logic Levels:           3  (LUT4=3)
  Clock Path Skew:        -0.025ns (DCD - SCD + CPR)
    Destination Clock Delay (DCD):    -1.934ns = ( 18.066 - 20.000 ) 
    Source Clock Delay      (SCD):    -2.323ns
    Clock Pessimism Removal (CPR):    -0.414ns
  Clock Uncertainty:      0.108ns  ((TSJ^2 + DJ^2)^1/2) / 2 + PE
    Total System Jitter     (TSJ):    0.071ns
    Discrete Jitter          (DJ):    0.203ns
    Phase Error              (PE):    0.000ns

    Location             Delay type                Incr(ns)  Path(ns)    Netlist Resource(s)
  -------------------------------------------------------------------    -------------------
                         (clock clk_out1_risc32_clk_wiz_0_0 rise edge)
                                                      0.000     0.000 r  
    E3                                                0.000     0.000 r  clk_in1_0 (IN)
                         net (fo=0)                   0.000     0.000    risc32_i/clk_wiz_0/inst/clk_in1
    E3                   IBUF (Prop_ibuf_I_O)         1.482     1.482 r  risc32_i/clk_wiz_0/inst/clkin1_ibufg/O
                         net (fo=1, routed)           1.253     2.735    risc32_i/clk_wiz_0/inst/clk_in1_risc32_clk_wiz_0_0
    PLLE2_ADV_X1Y2       PLLE2_ADV (Prop_plle2_adv_CLKIN1_CLKOUT0)
                                                     -8.591    -5.856 r  risc32_i/clk_wiz_0/inst/plle2_adv_inst/CLKOUT0
                         net (fo=1, routed)           1.713    -4.143    risc32_i/clk_wiz_0/inst/clk_out1_risc32_clk_wiz_0_0
    BUFGCTRL_X0Y16       BUFG (Prop_bufg_I_O)         0.096    -4.047 r  risc32_i/clk_wiz_0/inst/clkout1_buf/O
                         net (fo=38, routed)          1.724    -2.323    risc32_i/segment_0/inst/clk
    SLICE_X1Y92          FDCE                                         r  risc32_i/segment_0/inst/cnt_ms_reg[5]/C
  -------------------------------------------------------------------    -------------------
    SLICE_X1Y92          FDCE (Prop_fdce_C_Q)         0.419    -1.904 r  risc32_i/segment_0/inst/cnt_ms_reg[5]/Q
                         net (fo=2, routed)           1.105    -0.799    risc32_i/segment_0/inst/cnt_ms[5]
    SLICE_X1Y92          LUT4 (Prop_lut4_I0_O)        0.299    -0.500 r  risc32_i/segment_0/inst/cnt_ms[15]_i_3/O
                         net (fo=1, routed)           0.797     0.297    risc32_i/segment_0/inst/cnt_ms[15]_i_3_n_0
    SLICE_X1Y93          LUT4 (Prop_lut4_I0_O)        0.124     0.421 r  risc32_i/segment_0/inst/cnt_ms[15]_i_2/O
                         net (fo=18, routed)          0.837     1.259    risc32_i/segment_0/inst/cnt_ms[15]_i_2_n_0
    SLICE_X1Y91          LUT4 (Prop_lut4_I2_O)        0.152     1.411 r  risc32_i/segment_0/inst/cnt[2]_i_1/O
                         net (fo=1, routed)           0.000     1.411    risc32_i/segment_0/inst/cnt[2]_i_1_n_0
    SLICE_X1Y91          FDCE                                         r  risc32_i/segment_0/inst/cnt_reg[2]/D
  -------------------------------------------------------------------    -------------------

                         (clock clk_out1_risc32_clk_wiz_0_0 rise edge)
                                                     20.000    20.000 r  
    E3                                                0.000    20.000 r  clk_in1_0 (IN)
                         net (fo=0)                   0.000    20.000    risc32_i/clk_wiz_0/inst/clk_in1
    E3                   IBUF (Prop_ibuf_I_O)         1.411    21.411 r  risc32_i/clk_wiz_0/inst/clkin1_ibufg/O
                         net (fo=1, routed)           1.181    22.592    risc32_i/clk_wiz_0/inst/clk_in1_risc32_clk_wiz_0_0
    PLLE2_ADV_X1Y2       PLLE2_ADV (Prop_plle2_adv_CLKIN1_CLKOUT0)
                                                     -7.856    14.736 r  risc32_i/clk_wiz_0/inst/plle2_adv_inst/CLKOUT0
                         net (fo=1, routed)           1.634    16.370    risc32_i/clk_wiz_0/inst/clk_out1_risc32_clk_wiz_0_0
    BUFGCTRL_X0Y16       BUFG (Prop_bufg_I_O)         0.091    16.461 r  risc32_i/clk_wiz_0/inst/clkout1_buf/O
                         net (fo=38, routed)          1.604    18.066    risc32_i/segment_0/inst/clk
    SLICE_X1Y91          FDCE                                         r  risc32_i/segment_0/inst/cnt_reg[2]/C
                         clock pessimism             -0.414    17.652    
                         clock uncertainty           -0.108    17.545    
    SLICE_X1Y91          FDCE (Setup_fdce_C_D)        0.075    17.620    risc32_i/segment_0/inst/cnt_reg[2]
  -------------------------------------------------------------------
                         required time                         17.620    
                         arrival time                          -1.411    
  -------------------------------------------------------------------
                         slack                                 16.209    

Slack (MET) :             16.263ns  (required time - arrival time)
  Source:                 risc32_i/segment_0/inst/cnt_ms_reg[1]/C
                            (rising edge-triggered cell FDCE clocked by clk_out1_risc32_clk_wiz_0_0  {rise@0.000ns fall@10.000ns period=20.000ns})
  Destination:            risc32_i/segment_0/inst/cnt_ms_reg[9]/D
                            (rising edge-triggered cell FDCE clocked by clk_out1_risc32_clk_wiz_0_0  {rise@0.000ns fall@10.000ns period=20.000ns})
  Path Group:             clk_out1_risc32_clk_wiz_0_0
  Path Type:              Setup (Max at Slow Process Corner)
  Requirement:            20.000ns  (clk_out1_risc32_clk_wiz_0_0 rise@20.000ns - clk_out1_risc32_clk_wiz_0_0 rise@0.000ns)
  Data Path Delay:        3.681ns  (logic 1.775ns (48.224%)  route 1.906ns (51.776%))
  Logic Levels:           4  (CARRY4=3 LUT2=1)
  Clock Path Skew:        -0.024ns (DCD - SCD + CPR)
    Destination Clock Delay (DCD):    -1.933ns = ( 18.067 - 20.000 ) 
    Source Clock Delay      (SCD):    -2.323ns
    Clock Pessimism Removal (CPR):    -0.414ns
  Clock Uncertainty:      0.108ns  ((TSJ^2 + DJ^2)^1/2) / 2 + PE
    Total System Jitter     (TSJ):    0.071ns
    Discrete Jitter          (DJ):    0.203ns
    Phase Error              (PE):    0.000ns

    Location             Delay type                Incr(ns)  Path(ns)    Netlist Resource(s)
  -------------------------------------------------------------------    -------------------
                         (clock clk_out1_risc32_clk_wiz_0_0 rise edge)
                                                      0.000     0.000 r  
    E3                                                0.000     0.000 r  clk_in1_0 (IN)
                         net (fo=0)                   0.000     0.000    risc32_i/clk_wiz_0/inst/clk_in1
    E3                   IBUF (Prop_ibuf_I_O)         1.482     1.482 r  risc32_i/clk_wiz_0/inst/clkin1_ibufg/O
                         net (fo=1, routed)           1.253     2.735    risc32_i/clk_wiz_0/inst/clk_in1_risc32_clk_wiz_0_0
    PLLE2_ADV_X1Y2       PLLE2_ADV (Prop_plle2_adv_CLKIN1_CLKOUT0)
                                                     -8.591    -5.856 r  risc32_i/clk_wiz_0/inst/plle2_adv_inst/CLKOUT0
                         net (fo=1, routed)           1.713    -4.143    risc32_i/clk_wiz_0/inst/clk_out1_risc32_clk_wiz_0_0
    BUFGCTRL_X0Y16       BUFG (Prop_bufg_I_O)         0.096    -4.047 r  risc32_i/clk_wiz_0/inst/clkout1_buf/O
                         net (fo=38, routed)          1.724    -2.323    risc32_i/segment_0/inst/clk
    SLICE_X1Y91          FDCE                                         r  risc32_i/segment_0/inst/cnt_ms_reg[1]/C
  -------------------------------------------------------------------    -------------------
    SLICE_X1Y91          FDCE (Prop_fdce_C_Q)         0.456    -1.867 r  risc32_i/segment_0/inst/cnt_ms_reg[1]/Q
                         net (fo=2, routed)           1.046    -0.821    risc32_i/segment_0/inst/cnt_ms[1]
    SLICE_X0Y91          CARRY4 (Prop_carry4_S[0]_CO[3])
                                                      0.656    -0.165 r  risc32_i/segment_0/inst/cnt_ms0_carry/CO[3]
                         net (fo=1, routed)           0.000    -0.165    risc32_i/segment_0/inst/cnt_ms0_carry_n_0
    SLICE_X0Y92          CARRY4 (Prop_carry4_CI_CO[3])
                                                      0.114    -0.051 r  risc32_i/segment_0/inst/cnt_ms0_carry__0/CO[3]
                         net (fo=1, routed)           0.000    -0.051    risc32_i/segment_0/inst/cnt_ms0_carry__0_n_0
    SLICE_X0Y93          CARRY4 (Prop_carry4_CI_O[0])
                                                      0.222     0.171 r  risc32_i/segment_0/inst/cnt_ms0_carry__1/O[0]
                         net (fo=1, routed)           0.860     1.031    risc32_i/segment_0/inst/data0[9]
    SLICE_X1Y93          LUT2 (Prop_lut2_I1_O)        0.327     1.358 r  risc32_i/segment_0/inst/cnt_ms[9]_i_1/O
                         net (fo=1, routed)           0.000     1.358    risc32_i/segment_0/inst/cnt_ms_1[9]
    SLICE_X1Y93          FDCE                                         r  risc32_i/segment_0/inst/cnt_ms_reg[9]/D
  -------------------------------------------------------------------    -------------------

                         (clock clk_out1_risc32_clk_wiz_0_0 rise edge)
                                                     20.000    20.000 r  
    E3                                                0.000    20.000 r  clk_in1_0 (IN)
                         net (fo=0)                   0.000    20.000    risc32_i/clk_wiz_0/inst/clk_in1
    E3                   IBUF (Prop_ibuf_I_O)         1.411    21.411 r  risc32_i/clk_wiz_0/inst/clkin1_ibufg/O
                         net (fo=1, routed)           1.181    22.592    risc32_i/clk_wiz_0/inst/clk_in1_risc32_clk_wiz_0_0
    PLLE2_ADV_X1Y2       PLLE2_ADV (Prop_plle2_adv_CLKIN1_CLKOUT0)
                                                     -7.856    14.736 r  risc32_i/clk_wiz_0/inst/plle2_adv_inst/CLKOUT0
                         net (fo=1, routed)           1.634    16.370    risc32_i/clk_wiz_0/inst/clk_out1_risc32_clk_wiz_0_0
    BUFGCTRL_X0Y16       BUFG (Prop_bufg_I_O)         0.091    16.461 r  risc32_i/clk_wiz_0/inst/clkout1_buf/O
                         net (fo=38, routed)          1.605    18.067    risc32_i/segment_0/inst/clk
    SLICE_X1Y93          FDCE                                         r  risc32_i/segment_0/inst/cnt_ms_reg[9]/C
                         clock pessimism             -0.414    17.653    
                         clock uncertainty           -0.108    17.546    
    SLICE_X1Y93          FDCE (Setup_fdce_C_D)        0.075    17.621    risc32_i/segment_0/inst/cnt_ms_reg[9]
  -------------------------------------------------------------------
                         required time                         17.621    
                         arrival time                          -1.358    
  -------------------------------------------------------------------
                         slack                                 16.263    

Slack (MET) :             16.319ns  (required time - arrival time)
  Source:                 risc32_i/segment_0/inst/cnt_ms_reg[1]/C
                            (rising edge-triggered cell FDCE clocked by clk_out1_risc32_clk_wiz_0_0  {rise@0.000ns fall@10.000ns period=20.000ns})
  Destination:            risc32_i/segment_0/inst/cnt_ms_reg[8]/D
                            (rising edge-triggered cell FDCE clocked by clk_out1_risc32_clk_wiz_0_0  {rise@0.000ns fall@10.000ns period=20.000ns})
  Path Group:             clk_out1_risc32_clk_wiz_0_0
  Path Type:              Setup (Max at Slow Process Corner)
  Requirement:            20.000ns  (clk_out1_risc32_clk_wiz_0_0 rise@20.000ns - clk_out1_risc32_clk_wiz_0_0 rise@0.000ns)
  Data Path Delay:        3.580ns  (logic 1.731ns (48.348%)  route 1.849ns (51.652%))
  Logic Levels:           3  (CARRY4=2 LUT2=1)
  Clock Path Skew:        -0.024ns (DCD - SCD + CPR)
    Destination Clock Delay (DCD):    -1.933ns = ( 18.067 - 20.000 ) 
    Source Clock Delay      (SCD):    -2.323ns
    Clock Pessimism Removal (CPR):    -0.414ns
  Clock Uncertainty:      0.108ns  ((TSJ^2 + DJ^2)^1/2) / 2 + PE
    Total System Jitter     (TSJ):    0.071ns
    Discrete Jitter          (DJ):    0.203ns
    Phase Error              (PE):    0.000ns

    Location             Delay type                Incr(ns)  Path(ns)    Netlist Resource(s)
  -------------------------------------------------------------------    -------------------
                         (clock clk_out1_risc32_clk_wiz_0_0 rise edge)
                                                      0.000     0.000 r  
    E3                                                0.000     0.000 r  clk_in1_0 (IN)
                         net (fo=0)                   0.000     0.000    risc32_i/clk_wiz_0/inst/clk_in1
    E3                   IBUF (Prop_ibuf_I_O)         1.482     1.482 r  risc32_i/clk_wiz_0/inst/clkin1_ibufg/O
                         net (fo=1, routed)           1.253     2.735    risc32_i/clk_wiz_0/inst/clk_in1_risc32_clk_wiz_0_0
    PLLE2_ADV_X1Y2       PLLE2_ADV (Prop_plle2_adv_CLKIN1_CLKOUT0)
                                                     -8.591    -5.856 r  risc32_i/clk_wiz_0/inst/plle2_adv_inst/CLKOUT0
                         net (fo=1, routed)           1.713    -4.143    risc32_i/clk_wiz_0/inst/clk_out1_risc32_clk_wiz_0_0
    BUFGCTRL_X0Y16       BUFG (Prop_bufg_I_O)         0.096    -4.047 r  risc32_i/clk_wiz_0/inst/clkout1_buf/O
                         net (fo=38, routed)          1.724    -2.323    risc32_i/segment_0/inst/clk
    SLICE_X1Y91          FDCE                                         r  risc32_i/segment_0/inst/cnt_ms_reg[1]/C
  -------------------------------------------------------------------    -------------------
    SLICE_X1Y91          FDCE (Prop_fdce_C_Q)         0.456    -1.867 r  risc32_i/segment_0/inst/cnt_ms_reg[1]/Q
                         net (fo=2, routed)           1.046    -0.821    risc32_i/segment_0/inst/cnt_ms[1]
    SLICE_X0Y91          CARRY4 (Prop_carry4_S[0]_CO[3])
                                                      0.656    -0.165 r  risc32_i/segment_0/inst/cnt_ms0_carry/CO[3]
                         net (fo=1, routed)           0.000    -0.165    risc32_i/segment_0/inst/cnt_ms0_carry_n_0
    SLICE_X0Y92          CARRY4 (Prop_carry4_CI_O[3])
                                                      0.313     0.148 r  risc32_i/segment_0/inst/cnt_ms0_carry__0/O[3]
                         net (fo=1, routed)           0.803     0.952    risc32_i/segment_0/inst/data0[8]
    SLICE_X1Y93          LUT2 (Prop_lut2_I1_O)        0.306     1.258 r  risc32_i/segment_0/inst/cnt_ms[8]_i_1/O
                         net (fo=1, routed)           0.000     1.258    risc32_i/segment_0/inst/cnt_ms_1[8]
    SLICE_X1Y93          FDCE                                         r  risc32_i/segment_0/inst/cnt_ms_reg[8]/D
  -------------------------------------------------------------------    -------------------

                         (clock clk_out1_risc32_clk_wiz_0_0 rise edge)
                                                     20.000    20.000 r  
    E3                                                0.000    20.000 r  clk_in1_0 (IN)
                         net (fo=0)                   0.000    20.000    risc32_i/clk_wiz_0/inst/clk_in1
    E3                   IBUF (Prop_ibuf_I_O)         1.411    21.411 r  risc32_i/clk_wiz_0/inst/clkin1_ibufg/O
                         net (fo=1, routed)           1.181    22.592    risc32_i/clk_wiz_0/inst/clk_in1_risc32_clk_wiz_0_0
    PLLE2_ADV_X1Y2       PLLE2_ADV (Prop_plle2_adv_CLKIN1_CLKOUT0)
                                                     -7.856    14.736 r  risc32_i/clk_wiz_0/inst/plle2_adv_inst/CLKOUT0
                         net (fo=1, routed)           1.634    16.370    risc32_i/clk_wiz_0/inst/clk_out1_risc32_clk_wiz_0_0
    BUFGCTRL_X0Y16       BUFG (Prop_bufg_I_O)         0.091    16.461 r  risc32_i/clk_wiz_0/inst/clkout1_buf/O
                         net (fo=38, routed)          1.605    18.067    risc32_i/segment_0/inst/clk
    SLICE_X1Y93          FDCE                                         r  risc32_i/segment_0/inst/cnt_ms_reg[8]/C
                         clock pessimism             -0.414    17.653    
                         clock uncertainty           -0.108    17.546    
    SLICE_X1Y93          FDCE (Setup_fdce_C_D)        0.031    17.577    risc32_i/segment_0/inst/cnt_ms_reg[8]
  -------------------------------------------------------------------
                         required time                         17.577    
                         arrival time                          -1.258    
  -------------------------------------------------------------------
                         slack                                 16.319    

Slack (MET) :             16.363ns  (required time - arrival time)
  Source:                 risc32_i/segment_0/inst/cnt_ms_reg[5]/C
                            (rising edge-triggered cell FDCE clocked by clk_out1_risc32_clk_wiz_0_0  {rise@0.000ns fall@10.000ns period=20.000ns})
  Destination:            risc32_i/segment_0/inst/cnt_ms_reg[6]/D
                            (rising edge-triggered cell FDCE clocked by clk_out1_risc32_clk_wiz_0_0  {rise@0.000ns fall@10.000ns period=20.000ns})
  Path Group:             clk_out1_risc32_clk_wiz_0_0
  Path Type:              Setup (Max at Slow Process Corner)
  Requirement:            20.000ns  (clk_out1_risc32_clk_wiz_0_0 rise@20.000ns - clk_out1_risc32_clk_wiz_0_0 rise@0.000ns)
  Data Path Delay:        3.560ns  (logic 0.966ns (27.134%)  route 2.594ns (72.866%))
  Logic Levels:           3  (LUT2=1 LUT4=2)
  Clock Path Skew:        0.000ns (DCD - SCD + CPR)
    Destination Clock Delay (DCD):    -1.934ns = ( 18.066 - 20.000 ) 
    Source Clock Delay      (SCD):    -2.323ns
    Clock Pessimism Removal (CPR):    -0.389ns
  Clock Uncertainty:      0.108ns  ((TSJ^2 + DJ^2)^1/2) / 2 + PE
    Total System Jitter     (TSJ):    0.071ns
    Discrete Jitter          (DJ):    0.203ns
    Phase Error              (PE):    0.000ns

    Location             Delay type                Incr(ns)  Path(ns)    Netlist Resource(s)
  -------------------------------------------------------------------    -------------------
                         (clock clk_out1_risc32_clk_wiz_0_0 rise edge)
                                                      0.000     0.000 r  
    E3                                                0.000     0.000 r  clk_in1_0 (IN)
                         net (fo=0)                   0.000     0.000    risc32_i/clk_wiz_0/inst/clk_in1
    E3                   IBUF (Prop_ibuf_I_O)         1.482     1.482 r  risc32_i/clk_wiz_0/inst/clkin1_ibufg/O
                         net (fo=1, routed)           1.253     2.735    risc32_i/clk_wiz_0/inst/clk_in1_risc32_clk_wiz_0_0
    PLLE2_ADV_X1Y2       PLLE2_ADV (Prop_plle2_adv_CLKIN1_CLKOUT0)
                                                     -8.591    -5.856 r  risc32_i/clk_wiz_0/inst/plle2_adv_inst/CLKOUT0
                         net (fo=1, routed)           1.713    -4.143    risc32_i/clk_wiz_0/inst/clk_out1_risc32_clk_wiz_0_0
    BUFGCTRL_X0Y16       BUFG (Prop_bufg_I_O)         0.096    -4.047 r  risc32_i/clk_wiz_0/inst/clkout1_buf/O
                         net (fo=38, routed)          1.724    -2.323    risc32_i/segment_0/inst/clk
    SLICE_X1Y92          FDCE                                         r  risc32_i/segment_0/inst/cnt_ms_reg[5]/C
  -------------------------------------------------------------------    -------------------
    SLICE_X1Y92          FDCE (Prop_fdce_C_Q)         0.419    -1.904 r  risc32_i/segment_0/inst/cnt_ms_reg[5]/Q
                         net (fo=2, routed)           1.105    -0.799    risc32_i/segment_0/inst/cnt_ms[5]
    SLICE_X1Y92          LUT4 (Prop_lut4_I0_O)        0.299    -0.500 r  risc32_i/segment_0/inst/cnt_ms[15]_i_3/O
                         net (fo=1, routed)           0.797     0.297    risc32_i/segment_0/inst/cnt_ms[15]_i_3_n_0
    SLICE_X1Y93          LUT4 (Prop_lut4_I0_O)        0.124     0.421 r  risc32_i/segment_0/inst/cnt_ms[15]_i_2/O
                         net (fo=18, routed)          0.692     1.113    risc32_i/segment_0/inst/cnt_ms[15]_i_2_n_0
    SLICE_X1Y92          LUT2 (Prop_lut2_I0_O)        0.124     1.237 r  risc32_i/segment_0/inst/cnt_ms[6]_i_1/O
                         net (fo=1, routed)           0.000     1.237    risc32_i/segment_0/inst/cnt_ms_1[6]
    SLICE_X1Y92          FDCE                                         r  risc32_i/segment_0/inst/cnt_ms_reg[6]/D
  -------------------------------------------------------------------    -------------------

                         (clock clk_out1_risc32_clk_wiz_0_0 rise edge)
                                                     20.000    20.000 r  
    E3                                                0.000    20.000 r  clk_in1_0 (IN)
                         net (fo=0)                   0.000    20.000    risc32_i/clk_wiz_0/inst/clk_in1
    E3                   IBUF (Prop_ibuf_I_O)         1.411    21.411 r  risc32_i/clk_wiz_0/inst/clkin1_ibufg/O
                         net (fo=1, routed)           1.181    22.592    risc32_i/clk_wiz_0/inst/clk_in1_risc32_clk_wiz_0_0
    PLLE2_ADV_X1Y2       PLLE2_ADV (Prop_plle2_adv_CLKIN1_CLKOUT0)
                                                     -7.856    14.736 r  risc32_i/clk_wiz_0/inst/plle2_adv_inst/CLKOUT0
                         net (fo=1, routed)           1.634    16.370    risc32_i/clk_wiz_0/inst/clk_out1_risc32_clk_wiz_0_0
    BUFGCTRL_X0Y16       BUFG (Prop_bufg_I_O)         0.091    16.461 r  risc32_i/clk_wiz_0/inst/clkout1_buf/O
                         net (fo=38, routed)          1.604    18.066    risc32_i/segment_0/inst/clk
    SLICE_X1Y92          FDCE                                         r  risc32_i/segment_0/inst/cnt_ms_reg[6]/C
                         clock pessimism             -0.389    17.677    
                         clock uncertainty           -0.108    17.570    
    SLICE_X1Y92          FDCE (Setup_fdce_C_D)        0.031    17.601    risc32_i/segment_0/inst/cnt_ms_reg[6]
  -------------------------------------------------------------------
                         required time                         17.601    
                         arrival time                          -1.237    
  -------------------------------------------------------------------
                         slack                                 16.363    

Slack (MET) :             16.365ns  (required time - arrival time)
  Source:                 risc32_i/segment_0/inst/cnt_ms_reg[5]/C
                            (rising edge-triggered cell FDCE clocked by clk_out1_risc32_clk_wiz_0_0  {rise@0.000ns fall@10.000ns period=20.000ns})
  Destination:            risc32_i/segment_0/inst/cnt_ms_reg[4]/D
                            (rising edge-triggered cell FDCE clocked by clk_out1_risc32_clk_wiz_0_0  {rise@0.000ns fall@10.000ns period=20.000ns})
  Path Group:             clk_out1_risc32_clk_wiz_0_0
  Path Type:              Setup (Max at Slow Process Corner)
  Requirement:            20.000ns  (clk_out1_risc32_clk_wiz_0_0 rise@20.000ns - clk_out1_risc32_clk_wiz_0_0 rise@0.000ns)
  Data Path Delay:        3.556ns  (logic 0.966ns (27.164%)  route 2.590ns (72.836%))
  Logic Levels:           3  (LUT2=1 LUT4=2)
  Clock Path Skew:        0.000ns (DCD - SCD + CPR)
    Destination Clock Delay (DCD):    -1.934ns = ( 18.066 - 20.000 ) 
    Source Clock Delay      (SCD):    -2.323ns
    Clock Pessimism Removal (CPR):    -0.389ns
  Clock Uncertainty:      0.108ns  ((TSJ^2 + DJ^2)^1/2) / 2 + PE
    Total System Jitter     (TSJ):    0.071ns
    Discrete Jitter          (DJ):    0.203ns
    Phase Error              (PE):    0.000ns

    Location             Delay type                Incr(ns)  Path(ns)    Netlist Resource(s)
  -------------------------------------------------------------------    -------------------
                         (clock clk_out1_risc32_clk_wiz_0_0 rise edge)
                                                      0.000     0.000 r  
    E3                                                0.000     0.000 r  clk_in1_0 (IN)
                         net (fo=0)                   0.000     0.000    risc32_i/clk_wiz_0/inst/clk_in1
    E3                   IBUF (Prop_ibuf_I_O)         1.482     1.482 r  risc32_i/clk_wiz_0/inst/clkin1_ibufg/O
                         net (fo=1, routed)           1.253     2.735    risc32_i/clk_wiz_0/inst/clk_in1_risc32_clk_wiz_0_0
    PLLE2_ADV_X1Y2       PLLE2_ADV (Prop_plle2_adv_CLKIN1_CLKOUT0)
                                                     -8.591    -5.856 r  risc32_i/clk_wiz_0/inst/plle2_adv_inst/CLKOUT0
                         net (fo=1, routed)           1.713    -4.143    risc32_i/clk_wiz_0/inst/clk_out1_risc32_clk_wiz_0_0
    BUFGCTRL_X0Y16       BUFG (Prop_bufg_I_O)         0.096    -4.047 r  risc32_i/clk_wiz_0/inst/clkout1_buf/O
                         net (fo=38, routed)          1.724    -2.323    risc32_i/segment_0/inst/clk
    SLICE_X1Y92          FDCE                                         r  risc32_i/segment_0/inst/cnt_ms_reg[5]/C
  -------------------------------------------------------------------    -------------------
    SLICE_X1Y92          FDCE (Prop_fdce_C_Q)         0.419    -1.904 r  risc32_i/segment_0/inst/cnt_ms_reg[5]/Q
                         net (fo=2, routed)           1.105    -0.799    risc32_i/segment_0/inst/cnt_ms[5]
    SLICE_X1Y92          LUT4 (Prop_lut4_I0_O)        0.299    -0.500 r  risc32_i/segment_0/inst/cnt_ms[15]_i_3/O
                         net (fo=1, routed)           0.797     0.297    risc32_i/segment_0/inst/cnt_ms[15]_i_3_n_0
    SLICE_X1Y93          LUT4 (Prop_lut4_I0_O)        0.124     0.421 r  risc32_i/segment_0/inst/cnt_ms[15]_i_2/O
                         net (fo=18, routed)          0.688     1.109    risc32_i/segment_0/inst/cnt_ms[15]_i_2_n_0
    SLICE_X1Y92          LUT2 (Prop_lut2_I0_O)        0.124     1.233 r  risc32_i/segment_0/inst/cnt_ms[4]_i_1/O
                         net (fo=1, routed)           0.000     1.233    risc32_i/segment_0/inst/cnt_ms_1[4]
    SLICE_X1Y92          FDCE                                         r  risc32_i/segment_0/inst/cnt_ms_reg[4]/D
  -------------------------------------------------------------------    -------------------

                         (clock clk_out1_risc32_clk_wiz_0_0 rise edge)
                                                     20.000    20.000 r  
    E3                                                0.000    20.000 r  clk_in1_0 (IN)
                         net (fo=0)                   0.000    20.000    risc32_i/clk_wiz_0/inst/clk_in1
    E3                   IBUF (Prop_ibuf_I_O)         1.411    21.411 r  risc32_i/clk_wiz_0/inst/clkin1_ibufg/O
                         net (fo=1, routed)           1.181    22.592    risc32_i/clk_wiz_0/inst/clk_in1_risc32_clk_wiz_0_0
    PLLE2_ADV_X1Y2       PLLE2_ADV (Prop_plle2_adv_CLKIN1_CLKOUT0)
                                                     -7.856    14.736 r  risc32_i/clk_wiz_0/inst/plle2_adv_inst/CLKOUT0
                         net (fo=1, routed)           1.634    16.370    risc32_i/clk_wiz_0/inst/clk_out1_risc32_clk_wiz_0_0
    BUFGCTRL_X0Y16       BUFG (Prop_bufg_I_O)         0.091    16.461 r  risc32_i/clk_wiz_0/inst/clkout1_buf/O
                         net (fo=38, routed)          1.604    18.066    risc32_i/segment_0/inst/clk
    SLICE_X1Y92          FDCE                                         r  risc32_i/segment_0/inst/cnt_ms_reg[4]/C
                         clock pessimism             -0.389    17.677    
                         clock uncertainty           -0.108    17.570    
    SLICE_X1Y92          FDCE (Setup_fdce_C_D)        0.029    17.599    risc32_i/segment_0/inst/cnt_ms_reg[4]
  -------------------------------------------------------------------
                         required time                         17.599    
                         arrival time                          -1.233    
  -------------------------------------------------------------------
                         slack                                 16.365    

Slack (MET) :             16.368ns  (required time - arrival time)
  Source:                 risc32_i/segment_0/inst/cnt_ms_reg[1]/C
                            (rising edge-triggered cell FDCE clocked by clk_out1_risc32_clk_wiz_0_0  {rise@0.000ns fall@10.000ns period=20.000ns})
  Destination:            risc32_i/segment_0/inst/cnt_ms_reg[14]/D
                            (rising edge-triggered cell FDCE clocked by clk_out1_risc32_clk_wiz_0_0  {rise@0.000ns fall@10.000ns period=20.000ns})
  Path Group:             clk_out1_risc32_clk_wiz_0_0
  Path Type:              Setup (Max at Slow Process Corner)
  Requirement:            20.000ns  (clk_out1_risc32_clk_wiz_0_0 rise@20.000ns - clk_out1_risc32_clk_wiz_0_0 rise@0.000ns)
  Data Path Delay:        3.531ns  (logic 1.977ns (55.986%)  route 1.554ns (44.014%))
  Logic Levels:           5  (CARRY4=4 LUT2=1)
  Clock Path Skew:        -0.024ns (DCD - SCD + CPR)
    Destination Clock Delay (DCD):    -1.933ns = ( 18.067 - 20.000 ) 
    Source Clock Delay      (SCD):    -2.323ns
    Clock Pessimism Removal (CPR):    -0.414ns
  Clock Uncertainty:      0.108ns  ((TSJ^2 + DJ^2)^1/2) / 2 + PE
    Total System Jitter     (TSJ):    0.071ns
    Discrete Jitter          (DJ):    0.203ns
    Phase Error              (PE):    0.000ns

    Location             Delay type                Incr(ns)  Path(ns)    Netlist Resource(s)
  -------------------------------------------------------------------    -------------------
                         (clock clk_out1_risc32_clk_wiz_0_0 rise edge)
                                                      0.000     0.000 r  
    E3                                                0.000     0.000 r  clk_in1_0 (IN)
                         net (fo=0)                   0.000     0.000    risc32_i/clk_wiz_0/inst/clk_in1
    E3                   IBUF (Prop_ibuf_I_O)         1.482     1.482 r  risc32_i/clk_wiz_0/inst/clkin1_ibufg/O
                         net (fo=1, routed)           1.253     2.735    risc32_i/clk_wiz_0/inst/clk_in1_risc32_clk_wiz_0_0
    PLLE2_ADV_X1Y2       PLLE2_ADV (Prop_plle2_adv_CLKIN1_CLKOUT0)
                                                     -8.591    -5.856 r  risc32_i/clk_wiz_0/inst/plle2_adv_inst/CLKOUT0
                         net (fo=1, routed)           1.713    -4.143    risc32_i/clk_wiz_0/inst/clk_out1_risc32_clk_wiz_0_0
    BUFGCTRL_X0Y16       BUFG (Prop_bufg_I_O)         0.096    -4.047 r  risc32_i/clk_wiz_0/inst/clkout1_buf/O
                         net (fo=38, routed)          1.724    -2.323    risc32_i/segment_0/inst/clk
    SLICE_X1Y91          FDCE                                         r  risc32_i/segment_0/inst/cnt_ms_reg[1]/C
  -------------------------------------------------------------------    -------------------
    SLICE_X1Y91          FDCE (Prop_fdce_C_Q)         0.456    -1.867 r  risc32_i/segment_0/inst/cnt_ms_reg[1]/Q
                         net (fo=2, routed)           1.046    -0.821    risc32_i/segment_0/inst/cnt_ms[1]
    SLICE_X0Y91          CARRY4 (Prop_carry4_S[0]_CO[3])
                                                      0.656    -0.165 r  risc32_i/segment_0/inst/cnt_ms0_carry/CO[3]
                         net (fo=1, routed)           0.000    -0.165    risc32_i/segment_0/inst/cnt_ms0_carry_n_0
    SLICE_X0Y92          CARRY4 (Prop_carry4_CI_CO[3])
                                                      0.114    -0.051 r  risc32_i/segment_0/inst/cnt_ms0_carry__0/CO[3]
                         net (fo=1, routed)           0.000    -0.051    risc32_i/segment_0/inst/cnt_ms0_carry__0_n_0
    SLICE_X0Y93          CARRY4 (Prop_carry4_CI_CO[3])
                                                      0.114     0.063 r  risc32_i/segment_0/inst/cnt_ms0_carry__1/CO[3]
                         net (fo=1, routed)           0.000     0.063    risc32_i/segment_0/inst/cnt_ms0_carry__1_n_0
    SLICE_X0Y94          CARRY4 (Prop_carry4_CI_O[1])
                                                      0.334     0.397 r  risc32_i/segment_0/inst/cnt_ms0_carry__2/O[1]
                         net (fo=1, routed)           0.508     0.906    risc32_i/segment_0/inst/data0[14]
    SLICE_X1Y94          LUT2 (Prop_lut2_I1_O)        0.303     1.209 r  risc32_i/segment_0/inst/cnt_ms[14]_i_1/O
                         net (fo=1, routed)           0.000     1.209    risc32_i/segment_0/inst/cnt_ms_1[14]
    SLICE_X1Y94          FDCE                                         r  risc32_i/segment_0/inst/cnt_ms_reg[14]/D
  -------------------------------------------------------------------    -------------------

                         (clock clk_out1_risc32_clk_wiz_0_0 rise edge)
                                                     20.000    20.000 r  
    E3                                                0.000    20.000 r  clk_in1_0 (IN)
                         net (fo=0)                   0.000    20.000    risc32_i/clk_wiz_0/inst/clk_in1
    E3                   IBUF (Prop_ibuf_I_O)         1.411    21.411 r  risc32_i/clk_wiz_0/inst/clkin1_ibufg/O
                         net (fo=1, routed)           1.181    22.592    risc32_i/clk_wiz_0/inst/clk_in1_risc32_clk_wiz_0_0
    PLLE2_ADV_X1Y2       PLLE2_ADV (Prop_plle2_adv_CLKIN1_CLKOUT0)
                                                     -7.856    14.736 r  risc32_i/clk_wiz_0/inst/plle2_adv_inst/CLKOUT0
                         net (fo=1, routed)           1.634    16.370    risc32_i/clk_wiz_0/inst/clk_out1_risc32_clk_wiz_0_0
    BUFGCTRL_X0Y16       BUFG (Prop_bufg_I_O)         0.091    16.461 r  risc32_i/clk_wiz_0/inst/clkout1_buf/O
                         net (fo=38, routed)          1.605    18.067    risc32_i/segment_0/inst/clk
    SLICE_X1Y94          FDCE                                         r  risc32_i/segment_0/inst/cnt_ms_reg[14]/C
                         clock pessimism             -0.414    17.653    
                         clock uncertainty           -0.108    17.546    
    SLICE_X1Y94          FDCE (Setup_fdce_C_D)        0.031    17.577    risc32_i/segment_0/inst/cnt_ms_reg[14]
  -------------------------------------------------------------------
                         required time                         17.577    
                         arrival time                          -1.209    
  -------------------------------------------------------------------
                         slack                                 16.368    

Slack (MET) :             16.378ns  (required time - arrival time)
  Source:                 risc32_i/segment_0/inst/cnt_ms_reg[1]/C
                            (rising edge-triggered cell FDCE clocked by clk_out1_risc32_clk_wiz_0_0  {rise@0.000ns fall@10.000ns period=20.000ns})
  Destination:            risc32_i/segment_0/inst/cnt_ms_reg[5]/D
                            (rising edge-triggered cell FDCE clocked by clk_out1_risc32_clk_wiz_0_0  {rise@0.000ns fall@10.000ns period=20.000ns})
  Path Group:             clk_out1_risc32_clk_wiz_0_0
  Path Type:              Setup (Max at Slow Process Corner)
  Requirement:            20.000ns  (clk_out1_risc32_clk_wiz_0_0 rise@20.000ns - clk_out1_risc32_clk_wiz_0_0 rise@0.000ns)
  Data Path Delay:        3.565ns  (logic 1.661ns (46.595%)  route 1.904ns (53.405%))
  Logic Levels:           3  (CARRY4=2 LUT2=1)
  Clock Path Skew:        -0.025ns (DCD - SCD + CPR)
    Destination Clock Delay (DCD):    -1.934ns = ( 18.066 - 20.000 ) 
    Source Clock Delay      (SCD):    -2.323ns
    Clock Pessimism Removal (CPR):    -0.414ns
  Clock Uncertainty:      0.108ns  ((TSJ^2 + DJ^2)^1/2) / 2 + PE
    Total System Jitter     (TSJ):    0.071ns
    Discrete Jitter          (DJ):    0.203ns
    Phase Error              (PE):    0.000ns

    Location             Delay type                Incr(ns)  Path(ns)    Netlist Resource(s)
  -------------------------------------------------------------------    -------------------
                         (clock clk_out1_risc32_clk_wiz_0_0 rise edge)
                                                      0.000     0.000 r  
    E3                                                0.000     0.000 r  clk_in1_0 (IN)
                         net (fo=0)                   0.000     0.000    risc32_i/clk_wiz_0/inst/clk_in1
    E3                   IBUF (Prop_ibuf_I_O)         1.482     1.482 r  risc32_i/clk_wiz_0/inst/clkin1_ibufg/O
                         net (fo=1, routed)           1.253     2.735    risc32_i/clk_wiz_0/inst/clk_in1_risc32_clk_wiz_0_0
    PLLE2_ADV_X1Y2       PLLE2_ADV (Prop_plle2_adv_CLKIN1_CLKOUT0)
                                                     -8.591    -5.856 r  risc32_i/clk_wiz_0/inst/plle2_adv_inst/CLKOUT0
                         net (fo=1, routed)           1.713    -4.143    risc32_i/clk_wiz_0/inst/clk_out1_risc32_clk_wiz_0_0
    BUFGCTRL_X0Y16       BUFG (Prop_bufg_I_O)         0.096    -4.047 r  risc32_i/clk_wiz_0/inst/clkout1_buf/O
                         net (fo=38, routed)          1.724    -2.323    risc32_i/segment_0/inst/clk
    SLICE_X1Y91          FDCE                                         r  risc32_i/segment_0/inst/cnt_ms_reg[1]/C
  -------------------------------------------------------------------    -------------------
    SLICE_X1Y91          FDCE (Prop_fdce_C_Q)         0.456    -1.867 r  risc32_i/segment_0/inst/cnt_ms_reg[1]/Q
                         net (fo=2, routed)           1.046    -0.821    risc32_i/segment_0/inst/cnt_ms[1]
    SLICE_X0Y91          CARRY4 (Prop_carry4_S[0]_CO[3])
                                                      0.656    -0.165 r  risc32_i/segment_0/inst/cnt_ms0_carry/CO[3]
                         net (fo=1, routed)           0.000    -0.165    risc32_i/segment_0/inst/cnt_ms0_carry_n_0
    SLICE_X0Y92          CARRY4 (Prop_carry4_CI_O[0])
                                                      0.222     0.057 r  risc32_i/segment_0/inst/cnt_ms0_carry__0/O[0]
                         net (fo=1, routed)           0.858     0.915    risc32_i/segment_0/inst/data0[5]
    SLICE_X1Y92          LUT2 (Prop_lut2_I1_O)        0.327     1.242 r  risc32_i/segment_0/inst/cnt_ms[5]_i_1/O
                         net (fo=1, routed)           0.000     1.242    risc32_i/segment_0/inst/cnt_ms_1[5]
    SLICE_X1Y92          FDCE                                         r  risc32_i/segment_0/inst/cnt_ms_reg[5]/D
  -------------------------------------------------------------------    -------------------

                         (clock clk_out1_risc32_clk_wiz_0_0 rise edge)
                                                     20.000    20.000 r  
    E3                                                0.000    20.000 r  clk_in1_0 (IN)
                         net (fo=0)                   0.000    20.000    risc32_i/clk_wiz_0/inst/clk_in1
    E3                   IBUF (Prop_ibuf_I_O)         1.411    21.411 r  risc32_i/clk_wiz_0/inst/clkin1_ibufg/O
                         net (fo=1, routed)           1.181    22.592    risc32_i/clk_wiz_0/inst/clk_in1_risc32_clk_wiz_0_0
    PLLE2_ADV_X1Y2       PLLE2_ADV (Prop_plle2_adv_CLKIN1_CLKOUT0)
                                                     -7.856    14.736 r  risc32_i/clk_wiz_0/inst/plle2_adv_inst/CLKOUT0
                         net (fo=1, routed)           1.634    16.370    risc32_i/clk_wiz_0/inst/clk_out1_risc32_clk_wiz_0_0
    BUFGCTRL_X0Y16       BUFG (Prop_bufg_I_O)         0.091    16.461 r  risc32_i/clk_wiz_0/inst/clkout1_buf/O
                         net (fo=38, routed)          1.604    18.066    risc32_i/segment_0/inst/clk
    SLICE_X1Y92          FDCE                                         r  risc32_i/segment_0/inst/cnt_ms_reg[5]/C
                         clock pessimism             -0.414    17.652    
                         clock uncertainty           -0.108    17.545    
    SLICE_X1Y92          FDCE (Setup_fdce_C_D)        0.075    17.620    risc32_i/segment_0/inst/cnt_ms_reg[5]
  -------------------------------------------------------------------
                         required time                         17.620    
                         arrival time                          -1.242    
  -------------------------------------------------------------------
                         slack                                 16.378    





Min Delay Paths
--------------------------------------------------------------------------------------
Slack (MET) :             0.199ns  (arrival time - required time)
  Source:                 risc32_i/segment_0/inst/seg_num_reg[2]/C
                            (rising edge-triggered cell FDCE clocked by clk_out1_risc32_clk_wiz_0_0  {rise@0.000ns fall@10.000ns period=20.000ns})
  Destination:            risc32_i/segment_0/inst/seg_data_o_reg[3]/D
                            (rising edge-triggered cell FDPE clocked by clk_out1_risc32_clk_wiz_0_0  {rise@0.000ns fall@10.000ns period=20.000ns})
  Path Group:             clk_out1_risc32_clk_wiz_0_0
  Path Type:              Hold (Min at Fast Process Corner)
  Requirement:            0.000ns  (clk_out1_risc32_clk_wiz_0_0 rise@0.000ns - clk_out1_risc32_clk_wiz_0_0 rise@0.000ns)
  Data Path Delay:        0.346ns  (logic 0.192ns (55.414%)  route 0.154ns (44.586%))
  Logic Levels:           1  (LUT4=1)
  Clock Path Skew:        0.040ns (DCD - SCD - CPR)
    Destination Clock Delay (DCD):    -0.276ns
    Source Clock Delay      (SCD):    -0.510ns
    Clock Pessimism Removal (CPR):    0.194ns

    Location             Delay type                Incr(ns)  Path(ns)    Netlist Resource(s)
  -------------------------------------------------------------------    -------------------
                         (clock clk_out1_risc32_clk_wiz_0_0 rise edge)
                                                      0.000     0.000 r  
    E3                                                0.000     0.000 r  clk_in1_0 (IN)
                         net (fo=0)                   0.000     0.000    risc32_i/clk_wiz_0/inst/clk_in1
    E3                   IBUF (Prop_ibuf_I_O)         0.250     0.250 r  risc32_i/clk_wiz_0/inst/clkin1_ibufg/O
                         net (fo=1, routed)           0.440     0.690    risc32_i/clk_wiz_0/inst/clk_in1_risc32_clk_wiz_0_0
    PLLE2_ADV_X1Y2       PLLE2_ADV (Prop_plle2_adv_CLKIN1_CLKOUT0)
                                                     -2.342    -1.652 r  risc32_i/clk_wiz_0/inst/plle2_adv_inst/CLKOUT0
                         net (fo=1, routed)           0.514    -1.138    risc32_i/clk_wiz_0/inst/clk_out1_risc32_clk_wiz_0_0
    BUFGCTRL_X0Y16       BUFG (Prop_bufg_I_O)         0.026    -1.112 r  risc32_i/clk_wiz_0/inst/clkout1_buf/O
                         net (fo=38, routed)          0.602    -0.510    risc32_i/segment_0/inst/clk
    SLICE_X5Y92          FDCE                                         r  risc32_i/segment_0/inst/seg_num_reg[2]/C
  -------------------------------------------------------------------    -------------------
    SLICE_X5Y92          FDCE (Prop_fdce_C_Q)         0.141    -0.369 r  risc32_i/segment_0/inst/seg_num_reg[2]/Q
                         net (fo=7, routed)           0.154    -0.215    risc32_i/segment_0/inst/seg_num[2]
    SLICE_X1Y92          LUT4 (Prop_lut4_I1_O)        0.051    -0.164 r  risc32_i/segment_0/inst/seg_data_o[3]_i_1/O
                         net (fo=1, routed)           0.000    -0.164    risc32_i/segment_0/inst/seg_data_o_0[3]
    SLICE_X1Y92          FDPE                                         r  risc32_i/segment_0/inst/seg_data_o_reg[3]/D
  -------------------------------------------------------------------    -------------------

                         (clock clk_out1_risc32_clk_wiz_0_0 rise edge)
                                                      0.000     0.000 r  
    E3                                                0.000     0.000 r  clk_in1_0 (IN)
                         net (fo=0)                   0.000     0.000    risc32_i/clk_wiz_0/inst/clk_in1
    E3                   IBUF (Prop_ibuf_I_O)         0.438     0.438 r  risc32_i/clk_wiz_0/inst/clkin1_ibufg/O
                         net (fo=1, routed)           0.481     0.919    risc32_i/clk_wiz_0/inst/clk_in1_risc32_clk_wiz_0_0
    PLLE2_ADV_X1Y2       PLLE2_ADV (Prop_plle2_adv_CLKIN1_CLKOUT0)
                                                     -2.659    -1.740 r  risc32_i/clk_wiz_0/inst/plle2_adv_inst/CLKOUT0
                         net (fo=1, routed)           0.560    -1.181    risc32_i/clk_wiz_0/inst/clk_out1_risc32_clk_wiz_0_0
    BUFGCTRL_X0Y16       BUFG (Prop_bufg_I_O)         0.029    -1.152 r  risc32_i/clk_wiz_0/inst/clkout1_buf/O
                         net (fo=38, routed)          0.876    -0.276    risc32_i/segment_0/inst/clk
    SLICE_X1Y92          FDPE                                         r  risc32_i/segment_0/inst/seg_data_o_reg[3]/C
                         clock pessimism             -0.194    -0.470    
    SLICE_X1Y92          FDPE (Hold_fdpe_C_D)         0.107    -0.363    risc32_i/segment_0/inst/seg_data_o_reg[3]
  -------------------------------------------------------------------
                         required time                          0.363    
                         arrival time                          -0.164    
  -------------------------------------------------------------------
                         slack                                  0.199    

Slack (MET) :             0.208ns  (arrival time - required time)
  Source:                 risc32_i/segment_0/inst/seg_num_reg[2]/C
                            (rising edge-triggered cell FDCE clocked by clk_out1_risc32_clk_wiz_0_0  {rise@0.000ns fall@10.000ns period=20.000ns})
  Destination:            risc32_i/segment_0/inst/seg_data_o_reg[2]/D
                            (rising edge-triggered cell FDPE clocked by clk_out1_risc32_clk_wiz_0_0  {rise@0.000ns fall@10.000ns period=20.000ns})
  Path Group:             clk_out1_risc32_clk_wiz_0_0
  Path Type:              Hold (Min at Fast Process Corner)
  Requirement:            0.000ns  (clk_out1_risc32_clk_wiz_0_0 rise@0.000ns - clk_out1_risc32_clk_wiz_0_0 rise@0.000ns)
  Data Path Delay:        0.340ns  (logic 0.186ns (54.628%)  route 0.154ns (45.372%))
  Logic Levels:           1  (LUT4=1)
  Clock Path Skew:        0.040ns (DCD - SCD - CPR)
    Destination Clock Delay (DCD):    -0.276ns
    Source Clock Delay      (SCD):    -0.510ns
    Clock Pessimism Removal (CPR):    0.194ns

    Location             Delay type                Incr(ns)  Path(ns)    Netlist Resource(s)
  -------------------------------------------------------------------    -------------------
                         (clock clk_out1_risc32_clk_wiz_0_0 rise edge)
                                                      0.000     0.000 r  
    E3                                                0.000     0.000 r  clk_in1_0 (IN)
                         net (fo=0)                   0.000     0.000    risc32_i/clk_wiz_0/inst/clk_in1
    E3                   IBUF (Prop_ibuf_I_O)         0.250     0.250 r  risc32_i/clk_wiz_0/inst/clkin1_ibufg/O
                         net (fo=1, routed)           0.440     0.690    risc32_i/clk_wiz_0/inst/clk_in1_risc32_clk_wiz_0_0
    PLLE2_ADV_X1Y2       PLLE2_ADV (Prop_plle2_adv_CLKIN1_CLKOUT0)
                                                     -2.342    -1.652 r  risc32_i/clk_wiz_0/inst/plle2_adv_inst/CLKOUT0
                         net (fo=1, routed)           0.514    -1.138    risc32_i/clk_wiz_0/inst/clk_out1_risc32_clk_wiz_0_0
    BUFGCTRL_X0Y16       BUFG (Prop_bufg_I_O)         0.026    -1.112 r  risc32_i/clk_wiz_0/inst/clkout1_buf/O
                         net (fo=38, routed)          0.602    -0.510    risc32_i/segment_0/inst/clk
    SLICE_X5Y92          FDCE                                         r  risc32_i/segment_0/inst/seg_num_reg[2]/C
  -------------------------------------------------------------------    -------------------
    SLICE_X5Y92          FDCE (Prop_fdce_C_Q)         0.141    -0.369 r  risc32_i/segment_0/inst/seg_num_reg[2]/Q
                         net (fo=7, routed)           0.154    -0.215    risc32_i/segment_0/inst/seg_num[2]
    SLICE_X1Y92          LUT4 (Prop_lut4_I3_O)        0.045    -0.170 r  risc32_i/segment_0/inst/seg_data_o[2]_i_1/O
                         net (fo=1, routed)           0.000    -0.170    risc32_i/segment_0/inst/seg_data_o_0[2]
    SLICE_X1Y92          FDPE                                         r  risc32_i/segment_0/inst/seg_data_o_reg[2]/D
  -------------------------------------------------------------------    -------------------

                         (clock clk_out1_risc32_clk_wiz_0_0 rise edge)
                                                      0.000     0.000 r  
    E3                                                0.000     0.000 r  clk_in1_0 (IN)
                         net (fo=0)                   0.000     0.000    risc32_i/clk_wiz_0/inst/clk_in1
    E3                   IBUF (Prop_ibuf_I_O)         0.438     0.438 r  risc32_i/clk_wiz_0/inst/clkin1_ibufg/O
                         net (fo=1, routed)           0.481     0.919    risc32_i/clk_wiz_0/inst/clk_in1_risc32_clk_wiz_0_0
    PLLE2_ADV_X1Y2       PLLE2_ADV (Prop_plle2_adv_CLKIN1_CLKOUT0)
                                                     -2.659    -1.740 r  risc32_i/clk_wiz_0/inst/plle2_adv_inst/CLKOUT0
                         net (fo=1, routed)           0.560    -1.181    risc32_i/clk_wiz_0/inst/clk_out1_risc32_clk_wiz_0_0
    BUFGCTRL_X0Y16       BUFG (Prop_bufg_I_O)         0.029    -1.152 r  risc32_i/clk_wiz_0/inst/clkout1_buf/O
                         net (fo=38, routed)          0.876    -0.276    risc32_i/segment_0/inst/clk
    SLICE_X1Y92          FDPE                                         r  risc32_i/segment_0/inst/seg_data_o_reg[2]/C
                         clock pessimism             -0.194    -0.470    
    SLICE_X1Y92          FDPE (Hold_fdpe_C_D)         0.092    -0.378    risc32_i/segment_0/inst/seg_data_o_reg[2]
  -------------------------------------------------------------------
                         required time                          0.378    
                         arrival time                          -0.170    
  -------------------------------------------------------------------
                         slack                                  0.208    

Slack (MET) :             0.252ns  (arrival time - required time)
  Source:                 risc32_i/segment_0/inst/cnt_reg[0]/C
                            (rising edge-triggered cell FDCE clocked by clk_out1_risc32_clk_wiz_0_0  {rise@0.000ns fall@10.000ns period=20.000ns})
  Destination:            risc32_i/segment_0/inst/cnt_reg[2]/D
                            (rising edge-triggered cell FDCE clocked by clk_out1_risc32_clk_wiz_0_0  {rise@0.000ns fall@10.000ns period=20.000ns})
  Path Group:             clk_out1_risc32_clk_wiz_0_0
  Path Type:              Hold (Min at Fast Process Corner)
  Requirement:            0.000ns  (clk_out1_risc32_clk_wiz_0_0 rise@0.000ns - clk_out1_risc32_clk_wiz_0_0 rise@0.000ns)
  Data Path Delay:        0.359ns  (logic 0.229ns (63.707%)  route 0.130ns (36.293%))
  Logic Levels:           1  (LUT4=1)
  Clock Path Skew:        0.000ns (DCD - SCD - CPR)
    Destination Clock Delay (DCD):    -0.276ns
    Source Clock Delay      (SCD):    -0.509ns
    Clock Pessimism Removal (CPR):    0.233ns

    Location             Delay type                Incr(ns)  Path(ns)    Netlist Resource(s)
  -------------------------------------------------------------------    -------------------
                         (clock clk_out1_risc32_clk_wiz_0_0 rise edge)
                                                      0.000     0.000 r  
    E3                                                0.000     0.000 r  clk_in1_0 (IN)
                         net (fo=0)                   0.000     0.000    risc32_i/clk_wiz_0/inst/clk_in1
    E3                   IBUF (Prop_ibuf_I_O)         0.250     0.250 r  risc32_i/clk_wiz_0/inst/clkin1_ibufg/O
                         net (fo=1, routed)           0.440     0.690    risc32_i/clk_wiz_0/inst/clk_in1_risc32_clk_wiz_0_0
    PLLE2_ADV_X1Y2       PLLE2_ADV (Prop_plle2_adv_CLKIN1_CLKOUT0)
                                                     -2.342    -1.652 r  risc32_i/clk_wiz_0/inst/plle2_adv_inst/CLKOUT0
                         net (fo=1, routed)           0.514    -1.138    risc32_i/clk_wiz_0/inst/clk_out1_risc32_clk_wiz_0_0
    BUFGCTRL_X0Y16       BUFG (Prop_bufg_I_O)         0.026    -1.112 r  risc32_i/clk_wiz_0/inst/clkout1_buf/O
                         net (fo=38, routed)          0.603    -0.509    risc32_i/segment_0/inst/clk
    SLICE_X1Y91          FDCE                                         r  risc32_i/segment_0/inst/cnt_reg[0]/C
  -------------------------------------------------------------------    -------------------
    SLICE_X1Y91          FDCE (Prop_fdce_C_Q)         0.128    -0.381 r  risc32_i/segment_0/inst/cnt_reg[0]/Q
                         net (fo=19, routed)          0.130    -0.251    risc32_i/segment_0/inst/cnt[0]
    SLICE_X1Y91          LUT4 (Prop_lut4_I1_O)        0.101    -0.150 r  risc32_i/segment_0/inst/cnt[2]_i_1/O
                         net (fo=1, routed)           0.000    -0.150    risc32_i/segment_0/inst/cnt[2]_i_1_n_0
    SLICE_X1Y91          FDCE                                         r  risc32_i/segment_0/inst/cnt_reg[2]/D
  -------------------------------------------------------------------    -------------------

                         (clock clk_out1_risc32_clk_wiz_0_0 rise edge)
                                                      0.000     0.000 r  
    E3                                                0.000     0.000 r  clk_in1_0 (IN)
                         net (fo=0)                   0.000     0.000    risc32_i/clk_wiz_0/inst/clk_in1
    E3                   IBUF (Prop_ibuf_I_O)         0.438     0.438 r  risc32_i/clk_wiz_0/inst/clkin1_ibufg/O
                         net (fo=1, routed)           0.481     0.919    risc32_i/clk_wiz_0/inst/clk_in1_risc32_clk_wiz_0_0
    PLLE2_ADV_X1Y2       PLLE2_ADV (Prop_plle2_adv_CLKIN1_CLKOUT0)
                                                     -2.659    -1.740 r  risc32_i/clk_wiz_0/inst/plle2_adv_inst/CLKOUT0
                         net (fo=1, routed)           0.560    -1.181    risc32_i/clk_wiz_0/inst/clk_out1_risc32_clk_wiz_0_0
    BUFGCTRL_X0Y16       BUFG (Prop_bufg_I_O)         0.029    -1.152 r  risc32_i/clk_wiz_0/inst/clkout1_buf/O
                         net (fo=38, routed)          0.876    -0.276    risc32_i/segment_0/inst/clk
    SLICE_X1Y91          FDCE                                         r  risc32_i/segment_0/inst/cnt_reg[2]/C
                         clock pessimism             -0.233    -0.509    
    SLICE_X1Y91          FDCE (Hold_fdce_C_D)         0.107    -0.402    risc32_i/segment_0/inst/cnt_reg[2]
  -------------------------------------------------------------------
                         required time                          0.402    
                         arrival time                          -0.150    
  -------------------------------------------------------------------
                         slack                                  0.252    

Slack (MET) :             0.265ns  (arrival time - required time)
  Source:                 risc32_i/segment_0/inst/cnt_reg[0]/C
                            (rising edge-triggered cell FDCE clocked by clk_out1_risc32_clk_wiz_0_0  {rise@0.000ns fall@10.000ns period=20.000ns})
  Destination:            risc32_i/segment_0/inst/cnt_reg[1]/D
                            (rising edge-triggered cell FDCE clocked by clk_out1_risc32_clk_wiz_0_0  {rise@0.000ns fall@10.000ns period=20.000ns})
  Path Group:             clk_out1_risc32_clk_wiz_0_0
  Path Type:              Hold (Min at Fast Process Corner)
  Requirement:            0.000ns  (clk_out1_risc32_clk_wiz_0_0 rise@0.000ns - clk_out1_risc32_clk_wiz_0_0 rise@0.000ns)
  Data Path Delay:        0.356ns  (logic 0.226ns (63.401%)  route 0.130ns (36.599%))
  Logic Levels:           1  (LUT3=1)
  Clock Path Skew:        0.000ns (DCD - SCD - CPR)
    Destination Clock Delay (DCD):    -0.276ns
    Source Clock Delay      (SCD):    -0.509ns
    Clock Pessimism Removal (CPR):    0.233ns

    Location             Delay type                Incr(ns)  Path(ns)    Netlist Resource(s)
  -------------------------------------------------------------------    -------------------
                         (clock clk_out1_risc32_clk_wiz_0_0 rise edge)
                                                      0.000     0.000 r  
    E3                                                0.000     0.000 r  clk_in1_0 (IN)
                         net (fo=0)                   0.000     0.000    risc32_i/clk_wiz_0/inst/clk_in1
    E3                   IBUF (Prop_ibuf_I_O)         0.250     0.250 r  risc32_i/clk_wiz_0/inst/clkin1_ibufg/O
                         net (fo=1, routed)           0.440     0.690    risc32_i/clk_wiz_0/inst/clk_in1_risc32_clk_wiz_0_0
    PLLE2_ADV_X1Y2       PLLE2_ADV (Prop_plle2_adv_CLKIN1_CLKOUT0)
                                                     -2.342    -1.652 r  risc32_i/clk_wiz_0/inst/plle2_adv_inst/CLKOUT0
                         net (fo=1, routed)           0.514    -1.138    risc32_i/clk_wiz_0/inst/clk_out1_risc32_clk_wiz_0_0
    BUFGCTRL_X0Y16       BUFG (Prop_bufg_I_O)         0.026    -1.112 r  risc32_i/clk_wiz_0/inst/clkout1_buf/O
                         net (fo=38, routed)          0.603    -0.509    risc32_i/segment_0/inst/clk
    SLICE_X1Y91          FDCE                                         r  risc32_i/segment_0/inst/cnt_reg[0]/C
  -------------------------------------------------------------------    -------------------
    SLICE_X1Y91          FDCE (Prop_fdce_C_Q)         0.128    -0.381 r  risc32_i/segment_0/inst/cnt_reg[0]/Q
                         net (fo=19, routed)          0.130    -0.251    risc32_i/segment_0/inst/cnt[0]
    SLICE_X1Y91          LUT3 (Prop_lut3_I0_O)        0.098    -0.153 r  risc32_i/segment_0/inst/cnt[1]_i_1/O
                         net (fo=1, routed)           0.000    -0.153    risc32_i/segment_0/inst/cnt[1]_i_1_n_0
    SLICE_X1Y91          FDCE                                         r  risc32_i/segment_0/inst/cnt_reg[1]/D
  -------------------------------------------------------------------    -------------------

                         (clock clk_out1_risc32_clk_wiz_0_0 rise edge)
                                                      0.000     0.000 r  
    E3                                                0.000     0.000 r  clk_in1_0 (IN)
                         net (fo=0)                   0.000     0.000    risc32_i/clk_wiz_0/inst/clk_in1
    E3                   IBUF (Prop_ibuf_I_O)         0.438     0.438 r  risc32_i/clk_wiz_0/inst/clkin1_ibufg/O
                         net (fo=1, routed)           0.481     0.919    risc32_i/clk_wiz_0/inst/clk_in1_risc32_clk_wiz_0_0
    PLLE2_ADV_X1Y2       PLLE2_ADV (Prop_plle2_adv_CLKIN1_CLKOUT0)
                                                     -2.659    -1.740 r  risc32_i/clk_wiz_0/inst/plle2_adv_inst/CLKOUT0
                         net (fo=1, routed)           0.560    -1.181    risc32_i/clk_wiz_0/inst/clk_out1_risc32_clk_wiz_0_0
    BUFGCTRL_X0Y16       BUFG (Prop_bufg_I_O)         0.029    -1.152 r  risc32_i/clk_wiz_0/inst/clkout1_buf/O
                         net (fo=38, routed)          0.876    -0.276    risc32_i/segment_0/inst/clk
    SLICE_X1Y91          FDCE                                         r  risc32_i/segment_0/inst/cnt_reg[1]/C
                         clock pessimism             -0.233    -0.509    
    SLICE_X1Y91          FDCE (Hold_fdce_C_D)         0.091    -0.418    risc32_i/segment_0/inst/cnt_reg[1]
  -------------------------------------------------------------------
                         required time                          0.418    
                         arrival time                          -0.153    
  -------------------------------------------------------------------
                         slack                                  0.265    

Slack (MET) :             0.299ns  (arrival time - required time)
  Source:                 risc32_i/segment_0/inst/cnt_reg[1]/C
                            (rising edge-triggered cell FDCE clocked by clk_out1_risc32_clk_wiz_0_0  {rise@0.000ns fall@10.000ns period=20.000ns})
  Destination:            risc32_i/segment_0/inst/AN_reg[3]/D
                            (rising edge-triggered cell FDPE clocked by clk_out1_risc32_clk_wiz_0_0  {rise@0.000ns fall@10.000ns period=20.000ns})
  Path Group:             clk_out1_risc32_clk_wiz_0_0
  Path Type:              Hold (Min at Fast Process Corner)
  Requirement:            0.000ns  (clk_out1_risc32_clk_wiz_0_0 rise@0.000ns - clk_out1_risc32_clk_wiz_0_0 rise@0.000ns)
  Data Path Delay:        0.423ns  (logic 0.189ns (44.706%)  route 0.234ns (55.294%))
  Logic Levels:           1  (LUT3=1)
  Clock Path Skew:        0.017ns (DCD - SCD - CPR)
    Destination Clock Delay (DCD):    -0.275ns
    Source Clock Delay      (SCD):    -0.509ns
    Clock Pessimism Removal (CPR):    0.217ns

    Location             Delay type                Incr(ns)  Path(ns)    Netlist Resource(s)
  -------------------------------------------------------------------    -------------------
                         (clock clk_out1_risc32_clk_wiz_0_0 rise edge)
                                                      0.000     0.000 r  
    E3                                                0.000     0.000 r  clk_in1_0 (IN)
                         net (fo=0)                   0.000     0.000    risc32_i/clk_wiz_0/inst/clk_in1
    E3                   IBUF (Prop_ibuf_I_O)         0.250     0.250 r  risc32_i/clk_wiz_0/inst/clkin1_ibufg/O
                         net (fo=1, routed)           0.440     0.690    risc32_i/clk_wiz_0/inst/clk_in1_risc32_clk_wiz_0_0
    PLLE2_ADV_X1Y2       PLLE2_ADV (Prop_plle2_adv_CLKIN1_CLKOUT0)
                                                     -2.342    -1.652 r  risc32_i/clk_wiz_0/inst/plle2_adv_inst/CLKOUT0
                         net (fo=1, routed)           0.514    -1.138    risc32_i/clk_wiz_0/inst/clk_out1_risc32_clk_wiz_0_0
    BUFGCTRL_X0Y16       BUFG (Prop_bufg_I_O)         0.026    -1.112 r  risc32_i/clk_wiz_0/inst/clkout1_buf/O
                         net (fo=38, routed)          0.603    -0.509    risc32_i/segment_0/inst/clk
    SLICE_X1Y91          FDCE                                         r  risc32_i/segment_0/inst/cnt_reg[1]/C
  -------------------------------------------------------------------    -------------------
    SLICE_X1Y91          FDCE (Prop_fdce_C_Q)         0.141    -0.368 f  risc32_i/segment_0/inst/cnt_reg[1]/Q
                         net (fo=18, routed)          0.234    -0.135    risc32_i/segment_0/inst/cnt[1]
    SLICE_X3Y93          LUT3 (Prop_lut3_I0_O)        0.048    -0.087 r  risc32_i/segment_0/inst/AN[3]_i_1/O
                         net (fo=1, routed)           0.000    -0.087    risc32_i/segment_0/inst/AN[3]_i_1_n_0
    SLICE_X3Y93          FDPE                                         r  risc32_i/segment_0/inst/AN_reg[3]/D
  -------------------------------------------------------------------    -------------------

                         (clock clk_out1_risc32_clk_wiz_0_0 rise edge)
                                                      0.000     0.000 r  
    E3                                                0.000     0.000 r  clk_in1_0 (IN)
                         net (fo=0)                   0.000     0.000    risc32_i/clk_wiz_0/inst/clk_in1
    E3                   IBUF (Prop_ibuf_I_O)         0.438     0.438 r  risc32_i/clk_wiz_0/inst/clkin1_ibufg/O
                         net (fo=1, routed)           0.481     0.919    risc32_i/clk_wiz_0/inst/clk_in1_risc32_clk_wiz_0_0
    PLLE2_ADV_X1Y2       PLLE2_ADV (Prop_plle2_adv_CLKIN1_CLKOUT0)
                                                     -2.659    -1.740 r  risc32_i/clk_wiz_0/inst/plle2_adv_inst/CLKOUT0
                         net (fo=1, routed)           0.560    -1.181    risc32_i/clk_wiz_0/inst/clk_out1_risc32_clk_wiz_0_0
    BUFGCTRL_X0Y16       BUFG (Prop_bufg_I_O)         0.029    -1.152 r  risc32_i/clk_wiz_0/inst/clkout1_buf/O
                         net (fo=38, routed)          0.877    -0.275    risc32_i/segment_0/inst/clk
    SLICE_X3Y93          FDPE                                         r  risc32_i/segment_0/inst/AN_reg[3]/C
                         clock pessimism             -0.217    -0.492    
    SLICE_X3Y93          FDPE (Hold_fdpe_C_D)         0.107    -0.385    risc32_i/segment_0/inst/AN_reg[3]
  -------------------------------------------------------------------
                         required time                          0.385    
                         arrival time                          -0.087    
  -------------------------------------------------------------------
                         slack                                  0.299    

Slack (MET) :             0.312ns  (arrival time - required time)
  Source:                 risc32_i/segment_0/inst/cnt_reg[1]/C
                            (rising edge-triggered cell FDCE clocked by clk_out1_risc32_clk_wiz_0_0  {rise@0.000ns fall@10.000ns period=20.000ns})
  Destination:            risc32_i/segment_0/inst/AN_reg[2]/D
                            (rising edge-triggered cell FDPE clocked by clk_out1_risc32_clk_wiz_0_0  {rise@0.000ns fall@10.000ns period=20.000ns})
  Path Group:             clk_out1_risc32_clk_wiz_0_0
  Path Type:              Hold (Min at Fast Process Corner)
  Requirement:            0.000ns  (clk_out1_risc32_clk_wiz_0_0 rise@0.000ns - clk_out1_risc32_clk_wiz_0_0 rise@0.000ns)
  Data Path Delay:        0.420ns  (logic 0.186ns (44.311%)  route 0.234ns (55.689%))
  Logic Levels:           1  (LUT3=1)
  Clock Path Skew:        0.017ns (DCD - SCD - CPR)
    Destination Clock Delay (DCD):    -0.275ns
    Source Clock Delay      (SCD):    -0.509ns
    Clock Pessimism Removal (CPR):    0.217ns

    Location             Delay type                Incr(ns)  Path(ns)    Netlist Resource(s)
  -------------------------------------------------------------------    -------------------
                         (clock clk_out1_risc32_clk_wiz_0_0 rise edge)
                                                      0.000     0.000 r  
    E3                                                0.000     0.000 r  clk_in1_0 (IN)
                         net (fo=0)                   0.000     0.000    risc32_i/clk_wiz_0/inst/clk_in1
    E3                   IBUF (Prop_ibuf_I_O)         0.250     0.250 r  risc32_i/clk_wiz_0/inst/clkin1_ibufg/O
                         net (fo=1, routed)           0.440     0.690    risc32_i/clk_wiz_0/inst/clk_in1_risc32_clk_wiz_0_0
    PLLE2_ADV_X1Y2       PLLE2_ADV (Prop_plle2_adv_CLKIN1_CLKOUT0)
                                                     -2.342    -1.652 r  risc32_i/clk_wiz_0/inst/plle2_adv_inst/CLKOUT0
                         net (fo=1, routed)           0.514    -1.138    risc32_i/clk_wiz_0/inst/clk_out1_risc32_clk_wiz_0_0
    BUFGCTRL_X0Y16       BUFG (Prop_bufg_I_O)         0.026    -1.112 r  risc32_i/clk_wiz_0/inst/clkout1_buf/O
                         net (fo=38, routed)          0.603    -0.509    risc32_i/segment_0/inst/clk
    SLICE_X1Y91          FDCE                                         r  risc32_i/segment_0/inst/cnt_reg[1]/C
  -------------------------------------------------------------------    -------------------
    SLICE_X1Y91          FDCE (Prop_fdce_C_Q)         0.141    -0.368 f  risc32_i/segment_0/inst/cnt_reg[1]/Q
                         net (fo=18, routed)          0.234    -0.135    risc32_i/segment_0/inst/cnt[1]
    SLICE_X3Y93          LUT3 (Prop_lut3_I2_O)        0.045    -0.090 r  risc32_i/segment_0/inst/AN[2]_i_1/O
                         net (fo=1, routed)           0.000    -0.090    risc32_i/segment_0/inst/AN[2]_i_1_n_0
    SLICE_X3Y93          FDPE                                         r  risc32_i/segment_0/inst/AN_reg[2]/D
  -------------------------------------------------------------------    -------------------

                         (clock clk_out1_risc32_clk_wiz_0_0 rise edge)
                                                      0.000     0.000 r  
    E3                                                0.000     0.000 r  clk_in1_0 (IN)
                         net (fo=0)                   0.000     0.000    risc32_i/clk_wiz_0/inst/clk_in1
    E3                   IBUF (Prop_ibuf_I_O)         0.438     0.438 r  risc32_i/clk_wiz_0/inst/clkin1_ibufg/O
                         net (fo=1, routed)           0.481     0.919    risc32_i/clk_wiz_0/inst/clk_in1_risc32_clk_wiz_0_0
    PLLE2_ADV_X1Y2       PLLE2_ADV (Prop_plle2_adv_CLKIN1_CLKOUT0)
                                                     -2.659    -1.740 r  risc32_i/clk_wiz_0/inst/plle2_adv_inst/CLKOUT0
                         net (fo=1, routed)           0.560    -1.181    risc32_i/clk_wiz_0/inst/clk_out1_risc32_clk_wiz_0_0
    BUFGCTRL_X0Y16       BUFG (Prop_bufg_I_O)         0.029    -1.152 r  risc32_i/clk_wiz_0/inst/clkout1_buf/O
                         net (fo=38, routed)          0.877    -0.275    risc32_i/segment_0/inst/clk
    SLICE_X3Y93          FDPE                                         r  risc32_i/segment_0/inst/AN_reg[2]/C
                         clock pessimism             -0.217    -0.492    
    SLICE_X3Y93          FDPE (Hold_fdpe_C_D)         0.091    -0.401    risc32_i/segment_0/inst/AN_reg[2]
  -------------------------------------------------------------------
                         required time                          0.401    
                         arrival time                          -0.090    
  -------------------------------------------------------------------
                         slack                                  0.312    

Slack (MET) :             0.316ns  (arrival time - required time)
  Source:                 risc32_i/segment_0/inst/cnt_reg[1]/C
                            (rising edge-triggered cell FDCE clocked by clk_out1_risc32_clk_wiz_0_0  {rise@0.000ns fall@10.000ns period=20.000ns})
  Destination:            risc32_i/segment_0/inst/AN_reg[7]/D
                            (rising edge-triggered cell FDPE clocked by clk_out1_risc32_clk_wiz_0_0  {rise@0.000ns fall@10.000ns period=20.000ns})
  Path Group:             clk_out1_risc32_clk_wiz_0_0
  Path Type:              Hold (Min at Fast Process Corner)
  Requirement:            0.000ns  (clk_out1_risc32_clk_wiz_0_0 rise@0.000ns - clk_out1_risc32_clk_wiz_0_0 rise@0.000ns)
  Data Path Delay:        0.439ns  (logic 0.183ns (41.660%)  route 0.256ns (58.340%))
  Logic Levels:           1  (LUT3=1)
  Clock Path Skew:        0.016ns (DCD - SCD - CPR)
    Destination Clock Delay (DCD):    -0.276ns
    Source Clock Delay      (SCD):    -0.509ns
    Clock Pessimism Removal (CPR):    0.217ns

    Location             Delay type                Incr(ns)  Path(ns)    Netlist Resource(s)
  -------------------------------------------------------------------    -------------------
                         (clock clk_out1_risc32_clk_wiz_0_0 rise edge)
                                                      0.000     0.000 r  
    E3                                                0.000     0.000 r  clk_in1_0 (IN)
                         net (fo=0)                   0.000     0.000    risc32_i/clk_wiz_0/inst/clk_in1
    E3                   IBUF (Prop_ibuf_I_O)         0.250     0.250 r  risc32_i/clk_wiz_0/inst/clkin1_ibufg/O
                         net (fo=1, routed)           0.440     0.690    risc32_i/clk_wiz_0/inst/clk_in1_risc32_clk_wiz_0_0
    PLLE2_ADV_X1Y2       PLLE2_ADV (Prop_plle2_adv_CLKIN1_CLKOUT0)
                                                     -2.342    -1.652 r  risc32_i/clk_wiz_0/inst/plle2_adv_inst/CLKOUT0
                         net (fo=1, routed)           0.514    -1.138    risc32_i/clk_wiz_0/inst/clk_out1_risc32_clk_wiz_0_0
    BUFGCTRL_X0Y16       BUFG (Prop_bufg_I_O)         0.026    -1.112 r  risc32_i/clk_wiz_0/inst/clkout1_buf/O
                         net (fo=38, routed)          0.603    -0.509    risc32_i/segment_0/inst/clk
    SLICE_X1Y91          FDCE                                         r  risc32_i/segment_0/inst/cnt_reg[1]/C
  -------------------------------------------------------------------    -------------------
    SLICE_X1Y91          FDCE (Prop_fdce_C_Q)         0.141    -0.368 f  risc32_i/segment_0/inst/cnt_reg[1]/Q
                         net (fo=18, routed)          0.256    -0.112    risc32_i/segment_0/inst/cnt[1]
    SLICE_X0Y90          LUT3 (Prop_lut3_I2_O)        0.042    -0.070 r  risc32_i/segment_0/inst/AN[7]_i_1/O
                         net (fo=1, routed)           0.000    -0.070    risc32_i/segment_0/inst/AN[7]_i_1_n_0
    SLICE_X0Y90          FDPE                                         r  risc32_i/segment_0/inst/AN_reg[7]/D
  -------------------------------------------------------------------    -------------------

                         (clock clk_out1_risc32_clk_wiz_0_0 rise edge)
                                                      0.000     0.000 r  
    E3                                                0.000     0.000 r  clk_in1_0 (IN)
                         net (fo=0)                   0.000     0.000    risc32_i/clk_wiz_0/inst/clk_in1
    E3                   IBUF (Prop_ibuf_I_O)         0.438     0.438 r  risc32_i/clk_wiz_0/inst/clkin1_ibufg/O
                         net (fo=1, routed)           0.481     0.919    risc32_i/clk_wiz_0/inst/clk_in1_risc32_clk_wiz_0_0
    PLLE2_ADV_X1Y2       PLLE2_ADV (Prop_plle2_adv_CLKIN1_CLKOUT0)
                                                     -2.659    -1.740 r  risc32_i/clk_wiz_0/inst/plle2_adv_inst/CLKOUT0
                         net (fo=1, routed)           0.560    -1.181    risc32_i/clk_wiz_0/inst/clk_out1_risc32_clk_wiz_0_0
    BUFGCTRL_X0Y16       BUFG (Prop_bufg_I_O)         0.029    -1.152 r  risc32_i/clk_wiz_0/inst/clkout1_buf/O
                         net (fo=38, routed)          0.876    -0.276    risc32_i/segment_0/inst/clk
    SLICE_X0Y90          FDPE                                         r  risc32_i/segment_0/inst/AN_reg[7]/C
                         clock pessimism             -0.217    -0.493    
    SLICE_X0Y90          FDPE (Hold_fdpe_C_D)         0.107    -0.386    risc32_i/segment_0/inst/AN_reg[7]
  -------------------------------------------------------------------
                         required time                          0.386    
                         arrival time                          -0.070    
  -------------------------------------------------------------------
                         slack                                  0.316    

Slack (MET) :             0.335ns  (arrival time - required time)
  Source:                 risc32_i/segment_0/inst/cnt_reg[1]/C
                            (rising edge-triggered cell FDCE clocked by clk_out1_risc32_clk_wiz_0_0  {rise@0.000ns fall@10.000ns period=20.000ns})
  Destination:            risc32_i/segment_0/inst/AN_reg[6]/D
                            (rising edge-triggered cell FDPE clocked by clk_out1_risc32_clk_wiz_0_0  {rise@0.000ns fall@10.000ns period=20.000ns})
  Path Group:             clk_out1_risc32_clk_wiz_0_0
  Path Type:              Hold (Min at Fast Process Corner)
  Requirement:            0.000ns  (clk_out1_risc32_clk_wiz_0_0 rise@0.000ns - clk_out1_risc32_clk_wiz_0_0 rise@0.000ns)
  Data Path Delay:        0.442ns  (logic 0.186ns (42.056%)  route 0.256ns (57.944%))
  Logic Levels:           1  (LUT3=1)
  Clock Path Skew:        0.016ns (DCD - SCD - CPR)
    Destination Clock Delay (DCD):    -0.276ns
    Source Clock Delay      (SCD):    -0.509ns
    Clock Pessimism Removal (CPR):    0.217ns

    Location             Delay type                Incr(ns)  Path(ns)    Netlist Resource(s)
  -------------------------------------------------------------------    -------------------
                         (clock clk_out1_risc32_clk_wiz_0_0 rise edge)
                                                      0.000     0.000 r  
    E3                                                0.000     0.000 r  clk_in1_0 (IN)
                         net (fo=0)                   0.000     0.000    risc32_i/clk_wiz_0/inst/clk_in1
    E3                   IBUF (Prop_ibuf_I_O)         0.250     0.250 r  risc32_i/clk_wiz_0/inst/clkin1_ibufg/O
                         net (fo=1, routed)           0.440     0.690    risc32_i/clk_wiz_0/inst/clk_in1_risc32_clk_wiz_0_0
    PLLE2_ADV_X1Y2       PLLE2_ADV (Prop_plle2_adv_CLKIN1_CLKOUT0)
                                                     -2.342    -1.652 r  risc32_i/clk_wiz_0/inst/plle2_adv_inst/CLKOUT0
                         net (fo=1, routed)           0.514    -1.138    risc32_i/clk_wiz_0/inst/clk_out1_risc32_clk_wiz_0_0
    BUFGCTRL_X0Y16       BUFG (Prop_bufg_I_O)         0.026    -1.112 r  risc32_i/clk_wiz_0/inst/clkout1_buf/O
                         net (fo=38, routed)          0.603    -0.509    risc32_i/segment_0/inst/clk
    SLICE_X1Y91          FDCE                                         r  risc32_i/segment_0/inst/cnt_reg[1]/C
  -------------------------------------------------------------------    -------------------
    SLICE_X1Y91          FDCE (Prop_fdce_C_Q)         0.141    -0.368 f  risc32_i/segment_0/inst/cnt_reg[1]/Q
                         net (fo=18, routed)          0.256    -0.112    risc32_i/segment_0/inst/cnt[1]
    SLICE_X0Y90          LUT3 (Prop_lut3_I0_O)        0.045    -0.067 r  risc32_i/segment_0/inst/AN[6]_i_1/O
                         net (fo=1, routed)           0.000    -0.067    risc32_i/segment_0/inst/AN[6]_i_1_n_0
    SLICE_X0Y90          FDPE                                         r  risc32_i/segment_0/inst/AN_reg[6]/D
  -------------------------------------------------------------------    -------------------

                         (clock clk_out1_risc32_clk_wiz_0_0 rise edge)
                                                      0.000     0.000 r  
    E3                                                0.000     0.000 r  clk_in1_0 (IN)
                         net (fo=0)                   0.000     0.000    risc32_i/clk_wiz_0/inst/clk_in1
    E3                   IBUF (Prop_ibuf_I_O)         0.438     0.438 r  risc32_i/clk_wiz_0/inst/clkin1_ibufg/O
                         net (fo=1, routed)           0.481     0.919    risc32_i/clk_wiz_0/inst/clk_in1_risc32_clk_wiz_0_0
    PLLE2_ADV_X1Y2       PLLE2_ADV (Prop_plle2_adv_CLKIN1_CLKOUT0)
                                                     -2.659    -1.740 r  risc32_i/clk_wiz_0/inst/plle2_adv_inst/CLKOUT0
                         net (fo=1, routed)           0.560    -1.181    risc32_i/clk_wiz_0/inst/clk_out1_risc32_clk_wiz_0_0
    BUFGCTRL_X0Y16       BUFG (Prop_bufg_I_O)         0.029    -1.152 r  risc32_i/clk_wiz_0/inst/clkout1_buf/O
                         net (fo=38, routed)          0.876    -0.276    risc32_i/segment_0/inst/clk
    SLICE_X0Y90          FDPE                                         r  risc32_i/segment_0/inst/AN_reg[6]/C
                         clock pessimism             -0.217    -0.493    
    SLICE_X0Y90          FDPE (Hold_fdpe_C_D)         0.091    -0.402    risc32_i/segment_0/inst/AN_reg[6]
  -------------------------------------------------------------------
                         required time                          0.402    
                         arrival time                          -0.067    
  -------------------------------------------------------------------
                         slack                                  0.335    

Slack (MET) :             0.339ns  (arrival time - required time)
  Source:                 risc32_i/segment_0/inst/seg_num_reg[0]/C
                            (rising edge-triggered cell FDCE clocked by clk_out1_risc32_clk_wiz_0_0  {rise@0.000ns fall@10.000ns period=20.000ns})
  Destination:            risc32_i/segment_0/inst/seg_data_o_reg[1]/D
                            (rising edge-triggered cell FDPE clocked by clk_out1_risc32_clk_wiz_0_0  {rise@0.000ns fall@10.000ns period=20.000ns})
  Path Group:             clk_out1_risc32_clk_wiz_0_0
  Path Type:              Hold (Min at Fast Process Corner)
  Requirement:            0.000ns  (clk_out1_risc32_clk_wiz_0_0 rise@0.000ns - clk_out1_risc32_clk_wiz_0_0 rise@0.000ns)
  Data Path Delay:        0.486ns  (logic 0.184ns (37.877%)  route 0.302ns (62.123%))
  Logic Levels:           1  (LUT4=1)
  Clock Path Skew:        0.040ns (DCD - SCD - CPR)
    Destination Clock Delay (DCD):    -0.276ns
    Source Clock Delay      (SCD):    -0.510ns
    Clock Pessimism Removal (CPR):    0.194ns

    Location             Delay type                Incr(ns)  Path(ns)    Netlist Resource(s)
  -------------------------------------------------------------------    -------------------
                         (clock clk_out1_risc32_clk_wiz_0_0 rise edge)
                                                      0.000     0.000 r  
    E3                                                0.000     0.000 r  clk_in1_0 (IN)
                         net (fo=0)                   0.000     0.000    risc32_i/clk_wiz_0/inst/clk_in1
    E3                   IBUF (Prop_ibuf_I_O)         0.250     0.250 r  risc32_i/clk_wiz_0/inst/clkin1_ibufg/O
                         net (fo=1, routed)           0.440     0.690    risc32_i/clk_wiz_0/inst/clk_in1_risc32_clk_wiz_0_0
    PLLE2_ADV_X1Y2       PLLE2_ADV (Prop_plle2_adv_CLKIN1_CLKOUT0)
                                                     -2.342    -1.652 r  risc32_i/clk_wiz_0/inst/plle2_adv_inst/CLKOUT0
                         net (fo=1, routed)           0.514    -1.138    risc32_i/clk_wiz_0/inst/clk_out1_risc32_clk_wiz_0_0
    BUFGCTRL_X0Y16       BUFG (Prop_bufg_I_O)         0.026    -1.112 r  risc32_i/clk_wiz_0/inst/clkout1_buf/O
                         net (fo=38, routed)          0.602    -0.510    risc32_i/segment_0/inst/clk
    SLICE_X5Y92          FDCE                                         r  risc32_i/segment_0/inst/seg_num_reg[0]/C
  -------------------------------------------------------------------    -------------------
    SLICE_X5Y92          FDCE (Prop_fdce_C_Q)         0.141    -0.369 r  risc32_i/segment_0/inst/seg_num_reg[0]/Q
                         net (fo=7, routed)           0.302    -0.067    risc32_i/segment_0/inst/seg_num[0]
    SLICE_X0Y90          LUT4 (Prop_lut4_I3_O)        0.043    -0.024 r  risc32_i/segment_0/inst/seg_data_o[1]_i_1/O
                         net (fo=1, routed)           0.000    -0.024    risc32_i/segment_0/inst/seg_data_o_0[1]
    SLICE_X0Y90          FDPE                                         r  risc32_i/segment_0/inst/seg_data_o_reg[1]/D
  -------------------------------------------------------------------    -------------------

                         (clock clk_out1_risc32_clk_wiz_0_0 rise edge)
                                                      0.000     0.000 r  
    E3                                                0.000     0.000 r  clk_in1_0 (IN)
                         net (fo=0)                   0.000     0.000    risc32_i/clk_wiz_0/inst/clk_in1
    E3                   IBUF (Prop_ibuf_I_O)         0.438     0.438 r  risc32_i/clk_wiz_0/inst/clkin1_ibufg/O
                         net (fo=1, routed)           0.481     0.919    risc32_i/clk_wiz_0/inst/clk_in1_risc32_clk_wiz_0_0
    PLLE2_ADV_X1Y2       PLLE2_ADV (Prop_plle2_adv_CLKIN1_CLKOUT0)
                                                     -2.659    -1.740 r  risc32_i/clk_wiz_0/inst/plle2_adv_inst/CLKOUT0
                         net (fo=1, routed)           0.560    -1.181    risc32_i/clk_wiz_0/inst/clk_out1_risc32_clk_wiz_0_0
    BUFGCTRL_X0Y16       BUFG (Prop_bufg_I_O)         0.029    -1.152 r  risc32_i/clk_wiz_0/inst/clkout1_buf/O
                         net (fo=38, routed)          0.876    -0.276    risc32_i/segment_0/inst/clk
    SLICE_X0Y90          FDPE                                         r  risc32_i/segment_0/inst/seg_data_o_reg[1]/C
                         clock pessimism             -0.194    -0.470    
    SLICE_X0Y90          FDPE (Hold_fdpe_C_D)         0.107    -0.363    risc32_i/segment_0/inst/seg_data_o_reg[1]
  -------------------------------------------------------------------
                         required time                          0.363    
                         arrival time                          -0.024    
  -------------------------------------------------------------------
                         slack                                  0.339    

Slack (MET) :             0.355ns  (arrival time - required time)
  Source:                 risc32_i/segment_0/inst/cnt_reg[2]/C
                            (rising edge-triggered cell FDCE clocked by clk_out1_risc32_clk_wiz_0_0  {rise@0.000ns fall@10.000ns period=20.000ns})
  Destination:            risc32_i/segment_0/inst/seg_num_reg[2]/D
                            (rising edge-triggered cell FDCE clocked by clk_out1_risc32_clk_wiz_0_0  {rise@0.000ns fall@10.000ns period=20.000ns})
  Path Group:             clk_out1_risc32_clk_wiz_0_0
  Path Type:              Hold (Min at Fast Process Corner)
  Requirement:            0.000ns  (clk_out1_risc32_clk_wiz_0_0 rise@0.000ns - clk_out1_risc32_clk_wiz_0_0 rise@0.000ns)
  Data Path Delay:        0.496ns  (logic 0.275ns (55.404%)  route 0.221ns (44.596%))
  Logic Levels:           1  (MUXF7=1)
  Clock Path Skew:        0.036ns (DCD - SCD - CPR)
    Destination Clock Delay (DCD):    -0.279ns
    Source Clock Delay      (SCD):    -0.509ns
    Clock Pessimism Removal (CPR):    0.194ns

    Location             Delay type                Incr(ns)  Path(ns)    Netlist Resource(s)
  -------------------------------------------------------------------    -------------------
                         (clock clk_out1_risc32_clk_wiz_0_0 rise edge)
                                                      0.000     0.000 r  
    E3                                                0.000     0.000 r  clk_in1_0 (IN)
                         net (fo=0)                   0.000     0.000    risc32_i/clk_wiz_0/inst/clk_in1
    E3                   IBUF (Prop_ibuf_I_O)         0.250     0.250 r  risc32_i/clk_wiz_0/inst/clkin1_ibufg/O
                         net (fo=1, routed)           0.440     0.690    risc32_i/clk_wiz_0/inst/clk_in1_risc32_clk_wiz_0_0
    PLLE2_ADV_X1Y2       PLLE2_ADV (Prop_plle2_adv_CLKIN1_CLKOUT0)
                                                     -2.342    -1.652 r  risc32_i/clk_wiz_0/inst/plle2_adv_inst/CLKOUT0
                         net (fo=1, routed)           0.514    -1.138    risc32_i/clk_wiz_0/inst/clk_out1_risc32_clk_wiz_0_0
    BUFGCTRL_X0Y16       BUFG (Prop_bufg_I_O)         0.026    -1.112 r  risc32_i/clk_wiz_0/inst/clkout1_buf/O
                         net (fo=38, routed)          0.603    -0.509    risc32_i/segment_0/inst/clk
    SLICE_X1Y91          FDCE                                         r  risc32_i/segment_0/inst/cnt_reg[2]/C
  -------------------------------------------------------------------    -------------------
    SLICE_X1Y91          FDCE (Prop_fdce_C_Q)         0.128    -0.381 r  risc32_i/segment_0/inst/cnt_reg[2]/Q
                         net (fo=13, routed)          0.221    -0.160    risc32_i/segment_0/inst/cnt[2]
    SLICE_X5Y92          MUXF7 (Prop_muxf7_S_O)       0.147    -0.013 r  risc32_i/segment_0/inst/seg_num_reg[2]_i_1/O
                         net (fo=1, routed)           0.000    -0.013    risc32_i/segment_0/inst/seg_num_2[2]
    SLICE_X5Y92          FDCE                                         r  risc32_i/segment_0/inst/seg_num_reg[2]/D
  -------------------------------------------------------------------    -------------------

                         (clock clk_out1_risc32_clk_wiz_0_0 rise edge)
                                                      0.000     0.000 r  
    E3                                                0.000     0.000 r  clk_in1_0 (IN)
                         net (fo=0)                   0.000     0.000    risc32_i/clk_wiz_0/inst/clk_in1
    E3                   IBUF (Prop_ibuf_I_O)         0.438     0.438 r  risc32_i/clk_wiz_0/inst/clkin1_ibufg/O
                         net (fo=1, routed)           0.481     0.919    risc32_i/clk_wiz_0/inst/clk_in1_risc32_clk_wiz_0_0
    PLLE2_ADV_X1Y2       PLLE2_ADV (Prop_plle2_adv_CLKIN1_CLKOUT0)
                                                     -2.659    -1.740 r  risc32_i/clk_wiz_0/inst/plle2_adv_inst/CLKOUT0
                         net (fo=1, routed)           0.560    -1.181    risc32_i/clk_wiz_0/inst/clk_out1_risc32_clk_wiz_0_0
    BUFGCTRL_X0Y16       BUFG (Prop_bufg_I_O)         0.029    -1.152 r  risc32_i/clk_wiz_0/inst/clkout1_buf/O
                         net (fo=38, routed)          0.873    -0.279    risc32_i/segment_0/inst/clk
    SLICE_X5Y92          FDCE                                         r  risc32_i/segment_0/inst/seg_num_reg[2]/C
                         clock pessimism             -0.194    -0.473    
    SLICE_X5Y92          FDCE (Hold_fdce_C_D)         0.105    -0.368    risc32_i/segment_0/inst/seg_num_reg[2]
  -------------------------------------------------------------------
                         required time                          0.368    
                         arrival time                          -0.013    
  -------------------------------------------------------------------
                         slack                                  0.355    





Pulse Width Checks
--------------------------------------------------------------------------------------
Clock Name:         clk_out1_risc32_clk_wiz_0_0
Waveform(ns):       { 0.000 10.000 }
Period(ns):         20.000
Sources:            { risc32_i/clk_wiz_0/inst/plle2_adv_inst/CLKOUT0 }

Check Type        Corner  Lib Pin            Reference Pin  Required(ns)  Actual(ns)  Slack(ns)  Location        Pin
Min Period        n/a     BUFG/I             n/a            2.155         20.000      17.845     BUFGCTRL_X0Y16  risc32_i/clk_wiz_0/inst/clkout1_buf/I
Min Period        n/a     PLLE2_ADV/CLKOUT0  n/a            1.249         20.000      18.751     PLLE2_ADV_X1Y2  risc32_i/clk_wiz_0/inst/plle2_adv_inst/CLKOUT0
Min Period        n/a     FDPE/C             n/a            1.000         20.000      19.000     SLICE_X1Y94     risc32_i/segment_0/inst/AN_reg[0]/C
Min Period        n/a     FDPE/C             n/a            1.000         20.000      19.000     SLICE_X1Y94     risc32_i/segment_0/inst/AN_reg[1]/C
Min Period        n/a     FDPE/C             n/a            1.000         20.000      19.000     SLICE_X3Y93     risc32_i/segment_0/inst/AN_reg[2]/C
Min Period        n/a     FDPE/C             n/a            1.000         20.000      19.000     SLICE_X3Y93     risc32_i/segment_0/inst/AN_reg[3]/C
Min Period        n/a     FDPE/C             n/a            1.000         20.000      19.000     SLICE_X0Y89     risc32_i/segment_0/inst/AN_reg[4]/C
Min Period        n/a     FDPE/C             n/a            1.000         20.000      19.000     SLICE_X0Y89     risc32_i/segment_0/inst/AN_reg[5]/C
Min Period        n/a     FDPE/C             n/a            1.000         20.000      19.000     SLICE_X0Y90     risc32_i/segment_0/inst/AN_reg[6]/C
Min Period        n/a     FDPE/C             n/a            1.000         20.000      19.000     SLICE_X0Y90     risc32_i/segment_0/inst/AN_reg[7]/C
Max Period        n/a     PLLE2_ADV/CLKOUT0  n/a            160.000       20.000      140.000    PLLE2_ADV_X1Y2  risc32_i/clk_wiz_0/inst/plle2_adv_inst/CLKOUT0
Low Pulse Width   Slow    FDPE/C             n/a            0.500         10.000      9.500      SLICE_X1Y94     risc32_i/segment_0/inst/AN_reg[0]/C
Low Pulse Width   Fast    FDPE/C             n/a            0.500         10.000      9.500      SLICE_X1Y94     risc32_i/segment_0/inst/AN_reg[0]/C
Low Pulse Width   Slow    FDPE/C             n/a            0.500         10.000      9.500      SLICE_X1Y94     risc32_i/segment_0/inst/AN_reg[1]/C
Low Pulse Width   Fast    FDPE/C             n/a            0.500         10.000      9.500      SLICE_X1Y94     risc32_i/segment_0/inst/AN_reg[1]/C
Low Pulse Width   Slow    FDPE/C             n/a            0.500         10.000      9.500      SLICE_X3Y93     risc32_i/segment_0/inst/AN_reg[2]/C
Low Pulse Width   Fast    FDPE/C             n/a            0.500         10.000      9.500      SLICE_X3Y93     risc32_i/segment_0/inst/AN_reg[2]/C
Low Pulse Width   Slow    FDPE/C             n/a            0.500         10.000      9.500      SLICE_X3Y93     risc32_i/segment_0/inst/AN_reg[3]/C
Low Pulse Width   Fast    FDPE/C             n/a            0.500         10.000      9.500      SLICE_X3Y93     risc32_i/segment_0/inst/AN_reg[3]/C
Low Pulse Width   Slow    FDPE/C             n/a            0.500         10.000      9.500      SLICE_X0Y89     risc32_i/segment_0/inst/AN_reg[4]/C
Low Pulse Width   Fast    FDPE/C             n/a            0.500         10.000      9.500      SLICE_X0Y89     risc32_i/segment_0/inst/AN_reg[4]/C
High Pulse Width  Slow    FDPE/C             n/a            0.500         10.000      9.500      SLICE_X1Y94     risc32_i/segment_0/inst/AN_reg[0]/C
High Pulse Width  Fast    FDPE/C             n/a            0.500         10.000      9.500      SLICE_X1Y94     risc32_i/segment_0/inst/AN_reg[0]/C
High Pulse Width  Slow    FDPE/C             n/a            0.500         10.000      9.500      SLICE_X1Y94     risc32_i/segment_0/inst/AN_reg[1]/C
High Pulse Width  Fast    FDPE/C             n/a            0.500         10.000      9.500      SLICE_X1Y94     risc32_i/segment_0/inst/AN_reg[1]/C
High Pulse Width  Slow    FDPE/C             n/a            0.500         10.000      9.500      SLICE_X3Y93     risc32_i/segment_0/inst/AN_reg[2]/C
High Pulse Width  Fast    FDPE/C             n/a            0.500         10.000      9.500      SLICE_X3Y93     risc32_i/segment_0/inst/AN_reg[2]/C
High Pulse Width  Slow    FDPE/C             n/a            0.500         10.000      9.500      SLICE_X3Y93     risc32_i/segment_0/inst/AN_reg[3]/C
High Pulse Width  Fast    FDPE/C             n/a            0.500         10.000      9.500      SLICE_X3Y93     risc32_i/segment_0/inst/AN_reg[3]/C
High Pulse Width  Slow    FDPE/C             n/a            0.500         10.000      9.500      SLICE_X0Y89     risc32_i/segment_0/inst/AN_reg[4]/C
High Pulse Width  Fast    FDPE/C             n/a            0.500         10.000      9.500      SLICE_X0Y89     risc32_i/segment_0/inst/AN_reg[4]/C



---------------------------------------------------------------------------------------------------
From Clock:  clkfbout_risc32_clk_wiz_0_0
  To Clock:  clkfbout_risc32_clk_wiz_0_0

Setup :           NA  Failing Endpoints,  Worst Slack           NA  ,  Total Violation           NA
Hold  :           NA  Failing Endpoints,  Worst Slack           NA  ,  Total Violation           NA
PW    :            0  Failing Endpoints,  Worst Slack       17.845ns,  Total Violation        0.000ns
---------------------------------------------------------------------------------------------------


Pulse Width Checks
--------------------------------------------------------------------------------------
Clock Name:         clkfbout_risc32_clk_wiz_0_0
Waveform(ns):       { 0.000 10.000 }
Period(ns):         20.000
Sources:            { risc32_i/clk_wiz_0/inst/plle2_adv_inst/CLKFBOUT }

Check Type  Corner  Lib Pin             Reference Pin  Required(ns)  Actual(ns)  Slack(ns)  Location        Pin
Min Period  n/a     BUFG/I              n/a            2.155         20.000      17.845     BUFGCTRL_X0Y17  risc32_i/clk_wiz_0/inst/clkf_buf/I
Min Period  n/a     PLLE2_ADV/CLKFBOUT  n/a            1.249         20.000      18.751     PLLE2_ADV_X1Y2  risc32_i/clk_wiz_0/inst/plle2_adv_inst/CLKFBOUT
Min Period  n/a     PLLE2_ADV/CLKFBIN   n/a            1.249         20.000      18.751     PLLE2_ADV_X1Y2  risc32_i/clk_wiz_0/inst/plle2_adv_inst/CLKFBIN
Max Period  n/a     PLLE2_ADV/CLKFBIN   n/a            52.633        20.000      32.633     PLLE2_ADV_X1Y2  risc32_i/clk_wiz_0/inst/plle2_adv_inst/CLKFBIN
Max Period  n/a     PLLE2_ADV/CLKFBOUT  n/a            160.000       20.000      140.000    PLLE2_ADV_X1Y2  risc32_i/clk_wiz_0/inst/plle2_adv_inst/CLKFBOUT



---------------------------------------------------------------------------------------------------
From Clock:  sys_clk_pin
  To Clock:  sys_clk_pin

Setup :           NA  Failing Endpoints,  Worst Slack           NA  ,  Total Violation           NA
Hold  :           NA  Failing Endpoints,  Worst Slack           NA  ,  Total Violation           NA
PW    :            0  Failing Endpoints,  Worst Slack        3.000ns,  Total Violation        0.000ns
---------------------------------------------------------------------------------------------------


Pulse Width Checks
--------------------------------------------------------------------------------------
Clock Name:         sys_clk_pin
Waveform(ns):       { 0.000 5.000 }
Period(ns):         10.000
Sources:            { clk_in1_0 }

Check Type        Corner  Lib Pin           Reference Pin  Required(ns)  Actual(ns)  Slack(ns)  Location        Pin
Min Period        n/a     PLLE2_ADV/CLKIN1  n/a            1.249         10.000      8.751      PLLE2_ADV_X1Y2  risc32_i/clk_wiz_0/inst/plle2_adv_inst/CLKIN1
Max Period        n/a     PLLE2_ADV/CLKIN1  n/a            52.633        10.000      42.633     PLLE2_ADV_X1Y2  risc32_i/clk_wiz_0/inst/plle2_adv_inst/CLKIN1
Low Pulse Width   Slow    PLLE2_ADV/CLKIN1  n/a            2.000         5.000       3.000      PLLE2_ADV_X1Y2  risc32_i/clk_wiz_0/inst/plle2_adv_inst/CLKIN1
Low Pulse Width   Fast    PLLE2_ADV/CLKIN1  n/a            2.000         5.000       3.000      PLLE2_ADV_X1Y2  risc32_i/clk_wiz_0/inst/plle2_adv_inst/CLKIN1
High Pulse Width  Slow    PLLE2_ADV/CLKIN1  n/a            2.000         5.000       3.000      PLLE2_ADV_X1Y2  risc32_i/clk_wiz_0/inst/plle2_adv_inst/CLKIN1
High Pulse Width  Fast    PLLE2_ADV/CLKIN1  n/a            2.000         5.000       3.000      PLLE2_ADV_X1Y2  risc32_i/clk_wiz_0/inst/plle2_adv_inst/CLKIN1



---------------------------------------------------------------------------------------------------
From Clock:  clk_out1_risc32_clk_wiz_0_0_1
  To Clock:  clk_out1_risc32_clk_wiz_0_0_1

Setup :            0  Failing Endpoints,  Worst Slack       16.154ns,  Total Violation        0.000ns
Hold  :            0  Failing Endpoints,  Worst Slack        0.199ns,  Total Violation        0.000ns
PW    :            0  Failing Endpoints,  Worst Slack        9.500ns,  Total Violation        0.000ns
---------------------------------------------------------------------------------------------------


Max Delay Paths
--------------------------------------------------------------------------------------
Slack (MET) :             16.154ns  (required time - arrival time)
  Source:                 risc32_i/segment_0/inst/cnt_ms_reg[1]/C
                            (rising edge-triggered cell FDCE clocked by clk_out1_risc32_clk_wiz_0_0_1  {rise@0.000ns fall@10.000ns period=20.000ns})
  Destination:            risc32_i/segment_0/inst/cnt_ms_reg[13]/D
                            (rising edge-triggered cell FDCE clocked by clk_out1_risc32_clk_wiz_0_0_1  {rise@0.000ns fall@10.000ns period=20.000ns})
  Path Group:             clk_out1_risc32_clk_wiz_0_0_1
  Path Type:              Setup (Max at Slow Process Corner)
  Requirement:            20.000ns  (clk_out1_risc32_clk_wiz_0_0_1 rise@20.000ns - clk_out1_risc32_clk_wiz_0_0_1 rise@0.000ns)
  Data Path Delay:        3.795ns  (logic 1.889ns (49.779%)  route 1.906ns (50.221%))
  Logic Levels:           5  (CARRY4=4 LUT2=1)
  Clock Path Skew:        -0.024ns (DCD - SCD + CPR)
    Destination Clock Delay (DCD):    -1.933ns = ( 18.067 - 20.000 ) 
    Source Clock Delay      (SCD):    -2.323ns
    Clock Pessimism Removal (CPR):    -0.414ns
  Clock Uncertainty:      0.103ns  ((TSJ^2 + DJ^2)^1/2) / 2 + PE
    Total System Jitter     (TSJ):    0.071ns
    Discrete Jitter          (DJ):    0.193ns
    Phase Error              (PE):    0.000ns

    Location             Delay type                Incr(ns)  Path(ns)    Netlist Resource(s)
  -------------------------------------------------------------------    -------------------
                         (clock clk_out1_risc32_clk_wiz_0_0_1 rise edge)
                                                      0.000     0.000 r  
    E3                                                0.000     0.000 r  clk_in1_0 (IN)
                         net (fo=0)                   0.000     0.000    risc32_i/clk_wiz_0/inst/clk_in1
    E3                   IBUF (Prop_ibuf_I_O)         1.482     1.482 r  risc32_i/clk_wiz_0/inst/clkin1_ibufg/O
                         net (fo=1, routed)           1.253     2.735    risc32_i/clk_wiz_0/inst/clk_in1_risc32_clk_wiz_0_0
    PLLE2_ADV_X1Y2       PLLE2_ADV (Prop_plle2_adv_CLKIN1_CLKOUT0)
                                                     -8.591    -5.856 r  risc32_i/clk_wiz_0/inst/plle2_adv_inst/CLKOUT0
                         net (fo=1, routed)           1.713    -4.143    risc32_i/clk_wiz_0/inst/clk_out1_risc32_clk_wiz_0_0
    BUFGCTRL_X0Y16       BUFG (Prop_bufg_I_O)         0.096    -4.047 r  risc32_i/clk_wiz_0/inst/clkout1_buf/O
                         net (fo=38, routed)          1.724    -2.323    risc32_i/segment_0/inst/clk
    SLICE_X1Y91          FDCE                                         r  risc32_i/segment_0/inst/cnt_ms_reg[1]/C
  -------------------------------------------------------------------    -------------------
    SLICE_X1Y91          FDCE (Prop_fdce_C_Q)         0.456    -1.867 r  risc32_i/segment_0/inst/cnt_ms_reg[1]/Q
                         net (fo=2, routed)           1.046    -0.821    risc32_i/segment_0/inst/cnt_ms[1]
    SLICE_X0Y91          CARRY4 (Prop_carry4_S[0]_CO[3])
                                                      0.656    -0.165 r  risc32_i/segment_0/inst/cnt_ms0_carry/CO[3]
                         net (fo=1, routed)           0.000    -0.165    risc32_i/segment_0/inst/cnt_ms0_carry_n_0
    SLICE_X0Y92          CARRY4 (Prop_carry4_CI_CO[3])
                                                      0.114    -0.051 r  risc32_i/segment_0/inst/cnt_ms0_carry__0/CO[3]
                         net (fo=1, routed)           0.000    -0.051    risc32_i/segment_0/inst/cnt_ms0_carry__0_n_0
    SLICE_X0Y93          CARRY4 (Prop_carry4_CI_CO[3])
                                                      0.114     0.063 r  risc32_i/segment_0/inst/cnt_ms0_carry__1/CO[3]
                         net (fo=1, routed)           0.000     0.063    risc32_i/segment_0/inst/cnt_ms0_carry__1_n_0
    SLICE_X0Y94          CARRY4 (Prop_carry4_CI_O[0])
                                                      0.222     0.285 r  risc32_i/segment_0/inst/cnt_ms0_carry__2/O[0]
                         net (fo=1, routed)           0.860     1.145    risc32_i/segment_0/inst/data0[13]
    SLICE_X1Y94          LUT2 (Prop_lut2_I1_O)        0.327     1.472 r  risc32_i/segment_0/inst/cnt_ms[13]_i_1/O
                         net (fo=1, routed)           0.000     1.472    risc32_i/segment_0/inst/cnt_ms_1[13]
    SLICE_X1Y94          FDCE                                         r  risc32_i/segment_0/inst/cnt_ms_reg[13]/D
  -------------------------------------------------------------------    -------------------

                         (clock clk_out1_risc32_clk_wiz_0_0_1 rise edge)
                                                     20.000    20.000 r  
    E3                                                0.000    20.000 r  clk_in1_0 (IN)
                         net (fo=0)                   0.000    20.000    risc32_i/clk_wiz_0/inst/clk_in1
    E3                   IBUF (Prop_ibuf_I_O)         1.411    21.411 r  risc32_i/clk_wiz_0/inst/clkin1_ibufg/O
                         net (fo=1, routed)           1.181    22.592    risc32_i/clk_wiz_0/inst/clk_in1_risc32_clk_wiz_0_0
    PLLE2_ADV_X1Y2       PLLE2_ADV (Prop_plle2_adv_CLKIN1_CLKOUT0)
                                                     -7.856    14.736 r  risc32_i/clk_wiz_0/inst/plle2_adv_inst/CLKOUT0
                         net (fo=1, routed)           1.634    16.370    risc32_i/clk_wiz_0/inst/clk_out1_risc32_clk_wiz_0_0
    BUFGCTRL_X0Y16       BUFG (Prop_bufg_I_O)         0.091    16.461 r  risc32_i/clk_wiz_0/inst/clkout1_buf/O
                         net (fo=38, routed)          1.605    18.067    risc32_i/segment_0/inst/clk
    SLICE_X1Y94          FDCE                                         r  risc32_i/segment_0/inst/cnt_ms_reg[13]/C
                         clock pessimism             -0.414    17.653    
                         clock uncertainty           -0.103    17.551    
    SLICE_X1Y94          FDCE (Setup_fdce_C_D)        0.075    17.626    risc32_i/segment_0/inst/cnt_ms_reg[13]
  -------------------------------------------------------------------
                         required time                         17.626    
                         arrival time                          -1.472    
  -------------------------------------------------------------------
                         slack                                 16.154    

Slack (MET) :             16.196ns  (required time - arrival time)
  Source:                 risc32_i/segment_0/inst/cnt_ms_reg[5]/C
                            (rising edge-triggered cell FDCE clocked by clk_out1_risc32_clk_wiz_0_0_1  {rise@0.000ns fall@10.000ns period=20.000ns})
  Destination:            risc32_i/segment_0/inst/cnt_reg[1]/D
                            (rising edge-triggered cell FDCE clocked by clk_out1_risc32_clk_wiz_0_0_1  {rise@0.000ns fall@10.000ns period=20.000ns})
  Path Group:             clk_out1_risc32_clk_wiz_0_0_1
  Path Type:              Setup (Max at Slow Process Corner)
  Requirement:            20.000ns  (clk_out1_risc32_clk_wiz_0_0_1 rise@20.000ns - clk_out1_risc32_clk_wiz_0_0_1 rise@0.000ns)
  Data Path Delay:        3.705ns  (logic 0.966ns (26.071%)  route 2.739ns (73.929%))
  Logic Levels:           3  (LUT3=1 LUT4=2)
  Clock Path Skew:        -0.025ns (DCD - SCD + CPR)
    Destination Clock Delay (DCD):    -1.934ns = ( 18.066 - 20.000 ) 
    Source Clock Delay      (SCD):    -2.323ns
    Clock Pessimism Removal (CPR):    -0.414ns
  Clock Uncertainty:      0.103ns  ((TSJ^2 + DJ^2)^1/2) / 2 + PE
    Total System Jitter     (TSJ):    0.071ns
    Discrete Jitter          (DJ):    0.193ns
    Phase Error              (PE):    0.000ns

    Location             Delay type                Incr(ns)  Path(ns)    Netlist Resource(s)
  -------------------------------------------------------------------    -------------------
                         (clock clk_out1_risc32_clk_wiz_0_0_1 rise edge)
                                                      0.000     0.000 r  
    E3                                                0.000     0.000 r  clk_in1_0 (IN)
                         net (fo=0)                   0.000     0.000    risc32_i/clk_wiz_0/inst/clk_in1
    E3                   IBUF (Prop_ibuf_I_O)         1.482     1.482 r  risc32_i/clk_wiz_0/inst/clkin1_ibufg/O
                         net (fo=1, routed)           1.253     2.735    risc32_i/clk_wiz_0/inst/clk_in1_risc32_clk_wiz_0_0
    PLLE2_ADV_X1Y2       PLLE2_ADV (Prop_plle2_adv_CLKIN1_CLKOUT0)
                                                     -8.591    -5.856 r  risc32_i/clk_wiz_0/inst/plle2_adv_inst/CLKOUT0
                         net (fo=1, routed)           1.713    -4.143    risc32_i/clk_wiz_0/inst/clk_out1_risc32_clk_wiz_0_0
    BUFGCTRL_X0Y16       BUFG (Prop_bufg_I_O)         0.096    -4.047 r  risc32_i/clk_wiz_0/inst/clkout1_buf/O
                         net (fo=38, routed)          1.724    -2.323    risc32_i/segment_0/inst/clk
    SLICE_X1Y92          FDCE                                         r  risc32_i/segment_0/inst/cnt_ms_reg[5]/C
  -------------------------------------------------------------------    -------------------
    SLICE_X1Y92          FDCE (Prop_fdce_C_Q)         0.419    -1.904 r  risc32_i/segment_0/inst/cnt_ms_reg[5]/Q
                         net (fo=2, routed)           1.105    -0.799    risc32_i/segment_0/inst/cnt_ms[5]
    SLICE_X1Y92          LUT4 (Prop_lut4_I0_O)        0.299    -0.500 r  risc32_i/segment_0/inst/cnt_ms[15]_i_3/O
                         net (fo=1, routed)           0.797     0.297    risc32_i/segment_0/inst/cnt_ms[15]_i_3_n_0
    SLICE_X1Y93          LUT4 (Prop_lut4_I0_O)        0.124     0.421 r  risc32_i/segment_0/inst/cnt_ms[15]_i_2/O
                         net (fo=18, routed)          0.837     1.259    risc32_i/segment_0/inst/cnt_ms[15]_i_2_n_0
    SLICE_X1Y91          LUT3 (Prop_lut3_I1_O)        0.124     1.383 r  risc32_i/segment_0/inst/cnt[1]_i_1/O
                         net (fo=1, routed)           0.000     1.383    risc32_i/segment_0/inst/cnt[1]_i_1_n_0
    SLICE_X1Y91          FDCE                                         r  risc32_i/segment_0/inst/cnt_reg[1]/D
  -------------------------------------------------------------------    -------------------

                         (clock clk_out1_risc32_clk_wiz_0_0_1 rise edge)
                                                     20.000    20.000 r  
    E3                                                0.000    20.000 r  clk_in1_0 (IN)
                         net (fo=0)                   0.000    20.000    risc32_i/clk_wiz_0/inst/clk_in1
    E3                   IBUF (Prop_ibuf_I_O)         1.411    21.411 r  risc32_i/clk_wiz_0/inst/clkin1_ibufg/O
                         net (fo=1, routed)           1.181    22.592    risc32_i/clk_wiz_0/inst/clk_in1_risc32_clk_wiz_0_0
    PLLE2_ADV_X1Y2       PLLE2_ADV (Prop_plle2_adv_CLKIN1_CLKOUT0)
                                                     -7.856    14.736 r  risc32_i/clk_wiz_0/inst/plle2_adv_inst/CLKOUT0
                         net (fo=1, routed)           1.634    16.370    risc32_i/clk_wiz_0/inst/clk_out1_risc32_clk_wiz_0_0
    BUFGCTRL_X0Y16       BUFG (Prop_bufg_I_O)         0.091    16.461 r  risc32_i/clk_wiz_0/inst/clkout1_buf/O
                         net (fo=38, routed)          1.604    18.066    risc32_i/segment_0/inst/clk
    SLICE_X1Y91          FDCE                                         r  risc32_i/segment_0/inst/cnt_reg[1]/C
                         clock pessimism             -0.414    17.652    
                         clock uncertainty           -0.103    17.550    
    SLICE_X1Y91          FDCE (Setup_fdce_C_D)        0.029    17.579    risc32_i/segment_0/inst/cnt_reg[1]
  -------------------------------------------------------------------
                         required time                         17.579    
                         arrival time                          -1.383    
  -------------------------------------------------------------------
                         slack                                 16.196    

Slack (MET) :             16.210ns  (required time - arrival time)
  Source:                 risc32_i/segment_0/inst/cnt_ms_reg[1]/C
                            (rising edge-triggered cell FDCE clocked by clk_out1_risc32_clk_wiz_0_0_1  {rise@0.000ns fall@10.000ns period=20.000ns})
  Destination:            risc32_i/segment_0/inst/cnt_ms_reg[12]/D
                            (rising edge-triggered cell FDCE clocked by clk_out1_risc32_clk_wiz_0_0_1  {rise@0.000ns fall@10.000ns period=20.000ns})
  Path Group:             clk_out1_risc32_clk_wiz_0_0_1
  Path Type:              Setup (Max at Slow Process Corner)
  Requirement:            20.000ns  (clk_out1_risc32_clk_wiz_0_0_1 rise@20.000ns - clk_out1_risc32_clk_wiz_0_0_1 rise@0.000ns)
  Data Path Delay:        3.694ns  (logic 1.845ns (49.942%)  route 1.849ns (50.058%))
  Logic Levels:           4  (CARRY4=3 LUT2=1)
  Clock Path Skew:        -0.024ns (DCD - SCD + CPR)
    Destination Clock Delay (DCD):    -1.933ns = ( 18.067 - 20.000 ) 
    Source Clock Delay      (SCD):    -2.323ns
    Clock Pessimism Removal (CPR):    -0.414ns
  Clock Uncertainty:      0.103ns  ((TSJ^2 + DJ^2)^1/2) / 2 + PE
    Total System Jitter     (TSJ):    0.071ns
    Discrete Jitter          (DJ):    0.193ns
    Phase Error              (PE):    0.000ns

    Location             Delay type                Incr(ns)  Path(ns)    Netlist Resource(s)
  -------------------------------------------------------------------    -------------------
                         (clock clk_out1_risc32_clk_wiz_0_0_1 rise edge)
                                                      0.000     0.000 r  
    E3                                                0.000     0.000 r  clk_in1_0 (IN)
                         net (fo=0)                   0.000     0.000    risc32_i/clk_wiz_0/inst/clk_in1
    E3                   IBUF (Prop_ibuf_I_O)         1.482     1.482 r  risc32_i/clk_wiz_0/inst/clkin1_ibufg/O
                         net (fo=1, routed)           1.253     2.735    risc32_i/clk_wiz_0/inst/clk_in1_risc32_clk_wiz_0_0
    PLLE2_ADV_X1Y2       PLLE2_ADV (Prop_plle2_adv_CLKIN1_CLKOUT0)
                                                     -8.591    -5.856 r  risc32_i/clk_wiz_0/inst/plle2_adv_inst/CLKOUT0
                         net (fo=1, routed)           1.713    -4.143    risc32_i/clk_wiz_0/inst/clk_out1_risc32_clk_wiz_0_0
    BUFGCTRL_X0Y16       BUFG (Prop_bufg_I_O)         0.096    -4.047 r  risc32_i/clk_wiz_0/inst/clkout1_buf/O
                         net (fo=38, routed)          1.724    -2.323    risc32_i/segment_0/inst/clk
    SLICE_X1Y91          FDCE                                         r  risc32_i/segment_0/inst/cnt_ms_reg[1]/C
  -------------------------------------------------------------------    -------------------
    SLICE_X1Y91          FDCE (Prop_fdce_C_Q)         0.456    -1.867 r  risc32_i/segment_0/inst/cnt_ms_reg[1]/Q
                         net (fo=2, routed)           1.046    -0.821    risc32_i/segment_0/inst/cnt_ms[1]
    SLICE_X0Y91          CARRY4 (Prop_carry4_S[0]_CO[3])
                                                      0.656    -0.165 r  risc32_i/segment_0/inst/cnt_ms0_carry/CO[3]
                         net (fo=1, routed)           0.000    -0.165    risc32_i/segment_0/inst/cnt_ms0_carry_n_0
    SLICE_X0Y92          CARRY4 (Prop_carry4_CI_CO[3])
                                                      0.114    -0.051 r  risc32_i/segment_0/inst/cnt_ms0_carry__0/CO[3]
                         net (fo=1, routed)           0.000    -0.051    risc32_i/segment_0/inst/cnt_ms0_carry__0_n_0
    SLICE_X0Y93          CARRY4 (Prop_carry4_CI_O[3])
                                                      0.313     0.262 r  risc32_i/segment_0/inst/cnt_ms0_carry__1/O[3]
                         net (fo=1, routed)           0.803     1.066    risc32_i/segment_0/inst/data0[12]
    SLICE_X1Y94          LUT2 (Prop_lut2_I1_O)        0.306     1.372 r  risc32_i/segment_0/inst/cnt_ms[12]_i_1/O
                         net (fo=1, routed)           0.000     1.372    risc32_i/segment_0/inst/cnt_ms_1[12]
    SLICE_X1Y94          FDCE                                         r  risc32_i/segment_0/inst/cnt_ms_reg[12]/D
  -------------------------------------------------------------------    -------------------

                         (clock clk_out1_risc32_clk_wiz_0_0_1 rise edge)
                                                     20.000    20.000 r  
    E3                                                0.000    20.000 r  clk_in1_0 (IN)
                         net (fo=0)                   0.000    20.000    risc32_i/clk_wiz_0/inst/clk_in1
    E3                   IBUF (Prop_ibuf_I_O)         1.411    21.411 r  risc32_i/clk_wiz_0/inst/clkin1_ibufg/O
                         net (fo=1, routed)           1.181    22.592    risc32_i/clk_wiz_0/inst/clk_in1_risc32_clk_wiz_0_0
    PLLE2_ADV_X1Y2       PLLE2_ADV (Prop_plle2_adv_CLKIN1_CLKOUT0)
                                                     -7.856    14.736 r  risc32_i/clk_wiz_0/inst/plle2_adv_inst/CLKOUT0
                         net (fo=1, routed)           1.634    16.370    risc32_i/clk_wiz_0/inst/clk_out1_risc32_clk_wiz_0_0
    BUFGCTRL_X0Y16       BUFG (Prop_bufg_I_O)         0.091    16.461 r  risc32_i/clk_wiz_0/inst/clkout1_buf/O
                         net (fo=38, routed)          1.605    18.067    risc32_i/segment_0/inst/clk
    SLICE_X1Y94          FDCE                                         r  risc32_i/segment_0/inst/cnt_ms_reg[12]/C
                         clock pessimism             -0.414    17.653    
                         clock uncertainty           -0.103    17.551    
    SLICE_X1Y94          FDCE (Setup_fdce_C_D)        0.031    17.582    risc32_i/segment_0/inst/cnt_ms_reg[12]
  -------------------------------------------------------------------
                         required time                         17.582    
                         arrival time                          -1.372    
  -------------------------------------------------------------------
                         slack                                 16.210    

Slack (MET) :             16.214ns  (required time - arrival time)
  Source:                 risc32_i/segment_0/inst/cnt_ms_reg[5]/C
                            (rising edge-triggered cell FDCE clocked by clk_out1_risc32_clk_wiz_0_0_1  {rise@0.000ns fall@10.000ns period=20.000ns})
  Destination:            risc32_i/segment_0/inst/cnt_reg[2]/D
                            (rising edge-triggered cell FDCE clocked by clk_out1_risc32_clk_wiz_0_0_1  {rise@0.000ns fall@10.000ns period=20.000ns})
  Path Group:             clk_out1_risc32_clk_wiz_0_0_1
  Path Type:              Setup (Max at Slow Process Corner)
  Requirement:            20.000ns  (clk_out1_risc32_clk_wiz_0_0_1 rise@20.000ns - clk_out1_risc32_clk_wiz_0_0_1 rise@0.000ns)
  Data Path Delay:        3.733ns  (logic 0.994ns (26.625%)  route 2.739ns (73.375%))
  Logic Levels:           3  (LUT4=3)
  Clock Path Skew:        -0.025ns (DCD - SCD + CPR)
    Destination Clock Delay (DCD):    -1.934ns = ( 18.066 - 20.000 ) 
    Source Clock Delay      (SCD):    -2.323ns
    Clock Pessimism Removal (CPR):    -0.414ns
  Clock Uncertainty:      0.103ns  ((TSJ^2 + DJ^2)^1/2) / 2 + PE
    Total System Jitter     (TSJ):    0.071ns
    Discrete Jitter          (DJ):    0.193ns
    Phase Error              (PE):    0.000ns

    Location             Delay type                Incr(ns)  Path(ns)    Netlist Resource(s)
  -------------------------------------------------------------------    -------------------
                         (clock clk_out1_risc32_clk_wiz_0_0_1 rise edge)
                                                      0.000     0.000 r  
    E3                                                0.000     0.000 r  clk_in1_0 (IN)
                         net (fo=0)                   0.000     0.000    risc32_i/clk_wiz_0/inst/clk_in1
    E3                   IBUF (Prop_ibuf_I_O)         1.482     1.482 r  risc32_i/clk_wiz_0/inst/clkin1_ibufg/O
                         net (fo=1, routed)           1.253     2.735    risc32_i/clk_wiz_0/inst/clk_in1_risc32_clk_wiz_0_0
    PLLE2_ADV_X1Y2       PLLE2_ADV (Prop_plle2_adv_CLKIN1_CLKOUT0)
                                                     -8.591    -5.856 r  risc32_i/clk_wiz_0/inst/plle2_adv_inst/CLKOUT0
                         net (fo=1, routed)           1.713    -4.143    risc32_i/clk_wiz_0/inst/clk_out1_risc32_clk_wiz_0_0
    BUFGCTRL_X0Y16       BUFG (Prop_bufg_I_O)         0.096    -4.047 r  risc32_i/clk_wiz_0/inst/clkout1_buf/O
                         net (fo=38, routed)          1.724    -2.323    risc32_i/segment_0/inst/clk
    SLICE_X1Y92          FDCE                                         r  risc32_i/segment_0/inst/cnt_ms_reg[5]/C
  -------------------------------------------------------------------    -------------------
    SLICE_X1Y92          FDCE (Prop_fdce_C_Q)         0.419    -1.904 r  risc32_i/segment_0/inst/cnt_ms_reg[5]/Q
                         net (fo=2, routed)           1.105    -0.799    risc32_i/segment_0/inst/cnt_ms[5]
    SLICE_X1Y92          LUT4 (Prop_lut4_I0_O)        0.299    -0.500 r  risc32_i/segment_0/inst/cnt_ms[15]_i_3/O
                         net (fo=1, routed)           0.797     0.297    risc32_i/segment_0/inst/cnt_ms[15]_i_3_n_0
    SLICE_X1Y93          LUT4 (Prop_lut4_I0_O)        0.124     0.421 r  risc32_i/segment_0/inst/cnt_ms[15]_i_2/O
                         net (fo=18, routed)          0.837     1.259    risc32_i/segment_0/inst/cnt_ms[15]_i_2_n_0
    SLICE_X1Y91          LUT4 (Prop_lut4_I2_O)        0.152     1.411 r  risc32_i/segment_0/inst/cnt[2]_i_1/O
                         net (fo=1, routed)           0.000     1.411    risc32_i/segment_0/inst/cnt[2]_i_1_n_0
    SLICE_X1Y91          FDCE                                         r  risc32_i/segment_0/inst/cnt_reg[2]/D
  -------------------------------------------------------------------    -------------------

                         (clock clk_out1_risc32_clk_wiz_0_0_1 rise edge)
                                                     20.000    20.000 r  
    E3                                                0.000    20.000 r  clk_in1_0 (IN)
                         net (fo=0)                   0.000    20.000    risc32_i/clk_wiz_0/inst/clk_in1
    E3                   IBUF (Prop_ibuf_I_O)         1.411    21.411 r  risc32_i/clk_wiz_0/inst/clkin1_ibufg/O
                         net (fo=1, routed)           1.181    22.592    risc32_i/clk_wiz_0/inst/clk_in1_risc32_clk_wiz_0_0
    PLLE2_ADV_X1Y2       PLLE2_ADV (Prop_plle2_adv_CLKIN1_CLKOUT0)
                                                     -7.856    14.736 r  risc32_i/clk_wiz_0/inst/plle2_adv_inst/CLKOUT0
                         net (fo=1, routed)           1.634    16.370    risc32_i/clk_wiz_0/inst/clk_out1_risc32_clk_wiz_0_0
    BUFGCTRL_X0Y16       BUFG (Prop_bufg_I_O)         0.091    16.461 r  risc32_i/clk_wiz_0/inst/clkout1_buf/O
                         net (fo=38, routed)          1.604    18.066    risc32_i/segment_0/inst/clk
    SLICE_X1Y91          FDCE                                         r  risc32_i/segment_0/inst/cnt_reg[2]/C
                         clock pessimism             -0.414    17.652    
                         clock uncertainty           -0.103    17.550    
    SLICE_X1Y91          FDCE (Setup_fdce_C_D)        0.075    17.625    risc32_i/segment_0/inst/cnt_reg[2]
  -------------------------------------------------------------------
                         required time                         17.625    
                         arrival time                          -1.411    
  -------------------------------------------------------------------
                         slack                                 16.214    

Slack (MET) :             16.268ns  (required time - arrival time)
  Source:                 risc32_i/segment_0/inst/cnt_ms_reg[1]/C
                            (rising edge-triggered cell FDCE clocked by clk_out1_risc32_clk_wiz_0_0_1  {rise@0.000ns fall@10.000ns period=20.000ns})
  Destination:            risc32_i/segment_0/inst/cnt_ms_reg[9]/D
                            (rising edge-triggered cell FDCE clocked by clk_out1_risc32_clk_wiz_0_0_1  {rise@0.000ns fall@10.000ns period=20.000ns})
  Path Group:             clk_out1_risc32_clk_wiz_0_0_1
  Path Type:              Setup (Max at Slow Process Corner)
  Requirement:            20.000ns  (clk_out1_risc32_clk_wiz_0_0_1 rise@20.000ns - clk_out1_risc32_clk_wiz_0_0_1 rise@0.000ns)
  Data Path Delay:        3.681ns  (logic 1.775ns (48.224%)  route 1.906ns (51.776%))
  Logic Levels:           4  (CARRY4=3 LUT2=1)
  Clock Path Skew:        -0.024ns (DCD - SCD + CPR)
    Destination Clock Delay (DCD):    -1.933ns = ( 18.067 - 20.000 ) 
    Source Clock Delay      (SCD):    -2.323ns
    Clock Pessimism Removal (CPR):    -0.414ns
  Clock Uncertainty:      0.103ns  ((TSJ^2 + DJ^2)^1/2) / 2 + PE
    Total System Jitter     (TSJ):    0.071ns
    Discrete Jitter          (DJ):    0.193ns
    Phase Error              (PE):    0.000ns

    Location             Delay type                Incr(ns)  Path(ns)    Netlist Resource(s)
  -------------------------------------------------------------------    -------------------
                         (clock clk_out1_risc32_clk_wiz_0_0_1 rise edge)
                                                      0.000     0.000 r  
    E3                                                0.000     0.000 r  clk_in1_0 (IN)
                         net (fo=0)                   0.000     0.000    risc32_i/clk_wiz_0/inst/clk_in1
    E3                   IBUF (Prop_ibuf_I_O)         1.482     1.482 r  risc32_i/clk_wiz_0/inst/clkin1_ibufg/O
                         net (fo=1, routed)           1.253     2.735    risc32_i/clk_wiz_0/inst/clk_in1_risc32_clk_wiz_0_0
    PLLE2_ADV_X1Y2       PLLE2_ADV (Prop_plle2_adv_CLKIN1_CLKOUT0)
                                                     -8.591    -5.856 r  risc32_i/clk_wiz_0/inst/plle2_adv_inst/CLKOUT0
                         net (fo=1, routed)           1.713    -4.143    risc32_i/clk_wiz_0/inst/clk_out1_risc32_clk_wiz_0_0
    BUFGCTRL_X0Y16       BUFG (Prop_bufg_I_O)         0.096    -4.047 r  risc32_i/clk_wiz_0/inst/clkout1_buf/O
                         net (fo=38, routed)          1.724    -2.323    risc32_i/segment_0/inst/clk
    SLICE_X1Y91          FDCE                                         r  risc32_i/segment_0/inst/cnt_ms_reg[1]/C
  -------------------------------------------------------------------    -------------------
    SLICE_X1Y91          FDCE (Prop_fdce_C_Q)         0.456    -1.867 r  risc32_i/segment_0/inst/cnt_ms_reg[1]/Q
                         net (fo=2, routed)           1.046    -0.821    risc32_i/segment_0/inst/cnt_ms[1]
    SLICE_X0Y91          CARRY4 (Prop_carry4_S[0]_CO[3])
                                                      0.656    -0.165 r  risc32_i/segment_0/inst/cnt_ms0_carry/CO[3]
                         net (fo=1, routed)           0.000    -0.165    risc32_i/segment_0/inst/cnt_ms0_carry_n_0
    SLICE_X0Y92          CARRY4 (Prop_carry4_CI_CO[3])
                                                      0.114    -0.051 r  risc32_i/segment_0/inst/cnt_ms0_carry__0/CO[3]
                         net (fo=1, routed)           0.000    -0.051    risc32_i/segment_0/inst/cnt_ms0_carry__0_n_0
    SLICE_X0Y93          CARRY4 (Prop_carry4_CI_O[0])
                                                      0.222     0.171 r  risc32_i/segment_0/inst/cnt_ms0_carry__1/O[0]
                         net (fo=1, routed)           0.860     1.031    risc32_i/segment_0/inst/data0[9]
    SLICE_X1Y93          LUT2 (Prop_lut2_I1_O)        0.327     1.358 r  risc32_i/segment_0/inst/cnt_ms[9]_i_1/O
                         net (fo=1, routed)           0.000     1.358    risc32_i/segment_0/inst/cnt_ms_1[9]
    SLICE_X1Y93          FDCE                                         r  risc32_i/segment_0/inst/cnt_ms_reg[9]/D
  -------------------------------------------------------------------    -------------------

                         (clock clk_out1_risc32_clk_wiz_0_0_1 rise edge)
                                                     20.000    20.000 r  
    E3                                                0.000    20.000 r  clk_in1_0 (IN)
                         net (fo=0)                   0.000    20.000    risc32_i/clk_wiz_0/inst/clk_in1
    E3                   IBUF (Prop_ibuf_I_O)         1.411    21.411 r  risc32_i/clk_wiz_0/inst/clkin1_ibufg/O
                         net (fo=1, routed)           1.181    22.592    risc32_i/clk_wiz_0/inst/clk_in1_risc32_clk_wiz_0_0
    PLLE2_ADV_X1Y2       PLLE2_ADV (Prop_plle2_adv_CLKIN1_CLKOUT0)
                                                     -7.856    14.736 r  risc32_i/clk_wiz_0/inst/plle2_adv_inst/CLKOUT0
                         net (fo=1, routed)           1.634    16.370    risc32_i/clk_wiz_0/inst/clk_out1_risc32_clk_wiz_0_0
    BUFGCTRL_X0Y16       BUFG (Prop_bufg_I_O)         0.091    16.461 r  risc32_i/clk_wiz_0/inst/clkout1_buf/O
                         net (fo=38, routed)          1.605    18.067    risc32_i/segment_0/inst/clk
    SLICE_X1Y93          FDCE                                         r  risc32_i/segment_0/inst/cnt_ms_reg[9]/C
                         clock pessimism             -0.414    17.653    
                         clock uncertainty           -0.103    17.551    
    SLICE_X1Y93          FDCE (Setup_fdce_C_D)        0.075    17.626    risc32_i/segment_0/inst/cnt_ms_reg[9]
  -------------------------------------------------------------------
                         required time                         17.626    
                         arrival time                          -1.358    
  -------------------------------------------------------------------
                         slack                                 16.268    

Slack (MET) :             16.324ns  (required time - arrival time)
  Source:                 risc32_i/segment_0/inst/cnt_ms_reg[1]/C
                            (rising edge-triggered cell FDCE clocked by clk_out1_risc32_clk_wiz_0_0_1  {rise@0.000ns fall@10.000ns period=20.000ns})
  Destination:            risc32_i/segment_0/inst/cnt_ms_reg[8]/D
                            (rising edge-triggered cell FDCE clocked by clk_out1_risc32_clk_wiz_0_0_1  {rise@0.000ns fall@10.000ns period=20.000ns})
  Path Group:             clk_out1_risc32_clk_wiz_0_0_1
  Path Type:              Setup (Max at Slow Process Corner)
  Requirement:            20.000ns  (clk_out1_risc32_clk_wiz_0_0_1 rise@20.000ns - clk_out1_risc32_clk_wiz_0_0_1 rise@0.000ns)
  Data Path Delay:        3.580ns  (logic 1.731ns (48.348%)  route 1.849ns (51.652%))
  Logic Levels:           3  (CARRY4=2 LUT2=1)
  Clock Path Skew:        -0.024ns (DCD - SCD + CPR)
    Destination Clock Delay (DCD):    -1.933ns = ( 18.067 - 20.000 ) 
    Source Clock Delay      (SCD):    -2.323ns
    Clock Pessimism Removal (CPR):    -0.414ns
  Clock Uncertainty:      0.103ns  ((TSJ^2 + DJ^2)^1/2) / 2 + PE
    Total System Jitter     (TSJ):    0.071ns
    Discrete Jitter          (DJ):    0.193ns
    Phase Error              (PE):    0.000ns

    Location             Delay type                Incr(ns)  Path(ns)    Netlist Resource(s)
  -------------------------------------------------------------------    -------------------
                         (clock clk_out1_risc32_clk_wiz_0_0_1 rise edge)
                                                      0.000     0.000 r  
    E3                                                0.000     0.000 r  clk_in1_0 (IN)
                         net (fo=0)                   0.000     0.000    risc32_i/clk_wiz_0/inst/clk_in1
    E3                   IBUF (Prop_ibuf_I_O)         1.482     1.482 r  risc32_i/clk_wiz_0/inst/clkin1_ibufg/O
                         net (fo=1, routed)           1.253     2.735    risc32_i/clk_wiz_0/inst/clk_in1_risc32_clk_wiz_0_0
    PLLE2_ADV_X1Y2       PLLE2_ADV (Prop_plle2_adv_CLKIN1_CLKOUT0)
                                                     -8.591    -5.856 r  risc32_i/clk_wiz_0/inst/plle2_adv_inst/CLKOUT0
                         net (fo=1, routed)           1.713    -4.143    risc32_i/clk_wiz_0/inst/clk_out1_risc32_clk_wiz_0_0
    BUFGCTRL_X0Y16       BUFG (Prop_bufg_I_O)         0.096    -4.047 r  risc32_i/clk_wiz_0/inst/clkout1_buf/O
                         net (fo=38, routed)          1.724    -2.323    risc32_i/segment_0/inst/clk
    SLICE_X1Y91          FDCE                                         r  risc32_i/segment_0/inst/cnt_ms_reg[1]/C
  -------------------------------------------------------------------    -------------------
    SLICE_X1Y91          FDCE (Prop_fdce_C_Q)         0.456    -1.867 r  risc32_i/segment_0/inst/cnt_ms_reg[1]/Q
                         net (fo=2, routed)           1.046    -0.821    risc32_i/segment_0/inst/cnt_ms[1]
    SLICE_X0Y91          CARRY4 (Prop_carry4_S[0]_CO[3])
                                                      0.656    -0.165 r  risc32_i/segment_0/inst/cnt_ms0_carry/CO[3]
                         net (fo=1, routed)           0.000    -0.165    risc32_i/segment_0/inst/cnt_ms0_carry_n_0
    SLICE_X0Y92          CARRY4 (Prop_carry4_CI_O[3])
                                                      0.313     0.148 r  risc32_i/segment_0/inst/cnt_ms0_carry__0/O[3]
                         net (fo=1, routed)           0.803     0.952    risc32_i/segment_0/inst/data0[8]
    SLICE_X1Y93          LUT2 (Prop_lut2_I1_O)        0.306     1.258 r  risc32_i/segment_0/inst/cnt_ms[8]_i_1/O
                         net (fo=1, routed)           0.000     1.258    risc32_i/segment_0/inst/cnt_ms_1[8]
    SLICE_X1Y93          FDCE                                         r  risc32_i/segment_0/inst/cnt_ms_reg[8]/D
  -------------------------------------------------------------------    -------------------

                         (clock clk_out1_risc32_clk_wiz_0_0_1 rise edge)
                                                     20.000    20.000 r  
    E3                                                0.000    20.000 r  clk_in1_0 (IN)
                         net (fo=0)                   0.000    20.000    risc32_i/clk_wiz_0/inst/clk_in1
    E3                   IBUF (Prop_ibuf_I_O)         1.411    21.411 r  risc32_i/clk_wiz_0/inst/clkin1_ibufg/O
                         net (fo=1, routed)           1.181    22.592    risc32_i/clk_wiz_0/inst/clk_in1_risc32_clk_wiz_0_0
    PLLE2_ADV_X1Y2       PLLE2_ADV (Prop_plle2_adv_CLKIN1_CLKOUT0)
                                                     -7.856    14.736 r  risc32_i/clk_wiz_0/inst/plle2_adv_inst/CLKOUT0
                         net (fo=1, routed)           1.634    16.370    risc32_i/clk_wiz_0/inst/clk_out1_risc32_clk_wiz_0_0
    BUFGCTRL_X0Y16       BUFG (Prop_bufg_I_O)         0.091    16.461 r  risc32_i/clk_wiz_0/inst/clkout1_buf/O
                         net (fo=38, routed)          1.605    18.067    risc32_i/segment_0/inst/clk
    SLICE_X1Y93          FDCE                                         r  risc32_i/segment_0/inst/cnt_ms_reg[8]/C
                         clock pessimism             -0.414    17.653    
                         clock uncertainty           -0.103    17.551    
    SLICE_X1Y93          FDCE (Setup_fdce_C_D)        0.031    17.582    risc32_i/segment_0/inst/cnt_ms_reg[8]
  -------------------------------------------------------------------
                         required time                         17.582    
                         arrival time                          -1.258    
  -------------------------------------------------------------------
                         slack                                 16.324    

Slack (MET) :             16.368ns  (required time - arrival time)
  Source:                 risc32_i/segment_0/inst/cnt_ms_reg[5]/C
                            (rising edge-triggered cell FDCE clocked by clk_out1_risc32_clk_wiz_0_0_1  {rise@0.000ns fall@10.000ns period=20.000ns})
  Destination:            risc32_i/segment_0/inst/cnt_ms_reg[6]/D
                            (rising edge-triggered cell FDCE clocked by clk_out1_risc32_clk_wiz_0_0_1  {rise@0.000ns fall@10.000ns period=20.000ns})
  Path Group:             clk_out1_risc32_clk_wiz_0_0_1
  Path Type:              Setup (Max at Slow Process Corner)
  Requirement:            20.000ns  (clk_out1_risc32_clk_wiz_0_0_1 rise@20.000ns - clk_out1_risc32_clk_wiz_0_0_1 rise@0.000ns)
  Data Path Delay:        3.560ns  (logic 0.966ns (27.134%)  route 2.594ns (72.866%))
  Logic Levels:           3  (LUT2=1 LUT4=2)
  Clock Path Skew:        0.000ns (DCD - SCD + CPR)
    Destination Clock Delay (DCD):    -1.934ns = ( 18.066 - 20.000 ) 
    Source Clock Delay      (SCD):    -2.323ns
    Clock Pessimism Removal (CPR):    -0.389ns
  Clock Uncertainty:      0.103ns  ((TSJ^2 + DJ^2)^1/2) / 2 + PE
    Total System Jitter     (TSJ):    0.071ns
    Discrete Jitter          (DJ):    0.193ns
    Phase Error              (PE):    0.000ns

    Location             Delay type                Incr(ns)  Path(ns)    Netlist Resource(s)
  -------------------------------------------------------------------    -------------------
                         (clock clk_out1_risc32_clk_wiz_0_0_1 rise edge)
                                                      0.000     0.000 r  
    E3                                                0.000     0.000 r  clk_in1_0 (IN)
                         net (fo=0)                   0.000     0.000    risc32_i/clk_wiz_0/inst/clk_in1
    E3                   IBUF (Prop_ibuf_I_O)         1.482     1.482 r  risc32_i/clk_wiz_0/inst/clkin1_ibufg/O
                         net (fo=1, routed)           1.253     2.735    risc32_i/clk_wiz_0/inst/clk_in1_risc32_clk_wiz_0_0
    PLLE2_ADV_X1Y2       PLLE2_ADV (Prop_plle2_adv_CLKIN1_CLKOUT0)
                                                     -8.591    -5.856 r  risc32_i/clk_wiz_0/inst/plle2_adv_inst/CLKOUT0
                         net (fo=1, routed)           1.713    -4.143    risc32_i/clk_wiz_0/inst/clk_out1_risc32_clk_wiz_0_0
    BUFGCTRL_X0Y16       BUFG (Prop_bufg_I_O)         0.096    -4.047 r  risc32_i/clk_wiz_0/inst/clkout1_buf/O
                         net (fo=38, routed)          1.724    -2.323    risc32_i/segment_0/inst/clk
    SLICE_X1Y92          FDCE                                         r  risc32_i/segment_0/inst/cnt_ms_reg[5]/C
  -------------------------------------------------------------------    -------------------
    SLICE_X1Y92          FDCE (Prop_fdce_C_Q)         0.419    -1.904 r  risc32_i/segment_0/inst/cnt_ms_reg[5]/Q
                         net (fo=2, routed)           1.105    -0.799    risc32_i/segment_0/inst/cnt_ms[5]
    SLICE_X1Y92          LUT4 (Prop_lut4_I0_O)        0.299    -0.500 r  risc32_i/segment_0/inst/cnt_ms[15]_i_3/O
                         net (fo=1, routed)           0.797     0.297    risc32_i/segment_0/inst/cnt_ms[15]_i_3_n_0
    SLICE_X1Y93          LUT4 (Prop_lut4_I0_O)        0.124     0.421 r  risc32_i/segment_0/inst/cnt_ms[15]_i_2/O
                         net (fo=18, routed)          0.692     1.113    risc32_i/segment_0/inst/cnt_ms[15]_i_2_n_0
    SLICE_X1Y92          LUT2 (Prop_lut2_I0_O)        0.124     1.237 r  risc32_i/segment_0/inst/cnt_ms[6]_i_1/O
                         net (fo=1, routed)           0.000     1.237    risc32_i/segment_0/inst/cnt_ms_1[6]
    SLICE_X1Y92          FDCE                                         r  risc32_i/segment_0/inst/cnt_ms_reg[6]/D
  -------------------------------------------------------------------    -------------------

                         (clock clk_out1_risc32_clk_wiz_0_0_1 rise edge)
                                                     20.000    20.000 r  
    E3                                                0.000    20.000 r  clk_in1_0 (IN)
                         net (fo=0)                   0.000    20.000    risc32_i/clk_wiz_0/inst/clk_in1
    E3                   IBUF (Prop_ibuf_I_O)         1.411    21.411 r  risc32_i/clk_wiz_0/inst/clkin1_ibufg/O
                         net (fo=1, routed)           1.181    22.592    risc32_i/clk_wiz_0/inst/clk_in1_risc32_clk_wiz_0_0
    PLLE2_ADV_X1Y2       PLLE2_ADV (Prop_plle2_adv_CLKIN1_CLKOUT0)
                                                     -7.856    14.736 r  risc32_i/clk_wiz_0/inst/plle2_adv_inst/CLKOUT0
                         net (fo=1, routed)           1.634    16.370    risc32_i/clk_wiz_0/inst/clk_out1_risc32_clk_wiz_0_0
    BUFGCTRL_X0Y16       BUFG (Prop_bufg_I_O)         0.091    16.461 r  risc32_i/clk_wiz_0/inst/clkout1_buf/O
                         net (fo=38, routed)          1.604    18.066    risc32_i/segment_0/inst/clk
    SLICE_X1Y92          FDCE                                         r  risc32_i/segment_0/inst/cnt_ms_reg[6]/C
                         clock pessimism             -0.389    17.677    
                         clock uncertainty           -0.103    17.575    
    SLICE_X1Y92          FDCE (Setup_fdce_C_D)        0.031    17.606    risc32_i/segment_0/inst/cnt_ms_reg[6]
  -------------------------------------------------------------------
                         required time                         17.606    
                         arrival time                          -1.237    
  -------------------------------------------------------------------
                         slack                                 16.368    

Slack (MET) :             16.370ns  (required time - arrival time)
  Source:                 risc32_i/segment_0/inst/cnt_ms_reg[5]/C
                            (rising edge-triggered cell FDCE clocked by clk_out1_risc32_clk_wiz_0_0_1  {rise@0.000ns fall@10.000ns period=20.000ns})
  Destination:            risc32_i/segment_0/inst/cnt_ms_reg[4]/D
                            (rising edge-triggered cell FDCE clocked by clk_out1_risc32_clk_wiz_0_0_1  {rise@0.000ns fall@10.000ns period=20.000ns})
  Path Group:             clk_out1_risc32_clk_wiz_0_0_1
  Path Type:              Setup (Max at Slow Process Corner)
  Requirement:            20.000ns  (clk_out1_risc32_clk_wiz_0_0_1 rise@20.000ns - clk_out1_risc32_clk_wiz_0_0_1 rise@0.000ns)
  Data Path Delay:        3.556ns  (logic 0.966ns (27.164%)  route 2.590ns (72.836%))
  Logic Levels:           3  (LUT2=1 LUT4=2)
  Clock Path Skew:        0.000ns (DCD - SCD + CPR)
    Destination Clock Delay (DCD):    -1.934ns = ( 18.066 - 20.000 ) 
    Source Clock Delay      (SCD):    -2.323ns
    Clock Pessimism Removal (CPR):    -0.389ns
  Clock Uncertainty:      0.103ns  ((TSJ^2 + DJ^2)^1/2) / 2 + PE
    Total System Jitter     (TSJ):    0.071ns
    Discrete Jitter          (DJ):    0.193ns
    Phase Error              (PE):    0.000ns

    Location             Delay type                Incr(ns)  Path(ns)    Netlist Resource(s)
  -------------------------------------------------------------------    -------------------
                         (clock clk_out1_risc32_clk_wiz_0_0_1 rise edge)
                                                      0.000     0.000 r  
    E3                                                0.000     0.000 r  clk_in1_0 (IN)
                         net (fo=0)                   0.000     0.000    risc32_i/clk_wiz_0/inst/clk_in1
    E3                   IBUF (Prop_ibuf_I_O)         1.482     1.482 r  risc32_i/clk_wiz_0/inst/clkin1_ibufg/O
                         net (fo=1, routed)           1.253     2.735    risc32_i/clk_wiz_0/inst/clk_in1_risc32_clk_wiz_0_0
    PLLE2_ADV_X1Y2       PLLE2_ADV (Prop_plle2_adv_CLKIN1_CLKOUT0)
                                                     -8.591    -5.856 r  risc32_i/clk_wiz_0/inst/plle2_adv_inst/CLKOUT0
                         net (fo=1, routed)           1.713    -4.143    risc32_i/clk_wiz_0/inst/clk_out1_risc32_clk_wiz_0_0
    BUFGCTRL_X0Y16       BUFG (Prop_bufg_I_O)         0.096    -4.047 r  risc32_i/clk_wiz_0/inst/clkout1_buf/O
                         net (fo=38, routed)          1.724    -2.323    risc32_i/segment_0/inst/clk
    SLICE_X1Y92          FDCE                                         r  risc32_i/segment_0/inst/cnt_ms_reg[5]/C
  -------------------------------------------------------------------    -------------------
    SLICE_X1Y92          FDCE (Prop_fdce_C_Q)         0.419    -1.904 r  risc32_i/segment_0/inst/cnt_ms_reg[5]/Q
                         net (fo=2, routed)           1.105    -0.799    risc32_i/segment_0/inst/cnt_ms[5]
    SLICE_X1Y92          LUT4 (Prop_lut4_I0_O)        0.299    -0.500 r  risc32_i/segment_0/inst/cnt_ms[15]_i_3/O
                         net (fo=1, routed)           0.797     0.297    risc32_i/segment_0/inst/cnt_ms[15]_i_3_n_0
    SLICE_X1Y93          LUT4 (Prop_lut4_I0_O)        0.124     0.421 r  risc32_i/segment_0/inst/cnt_ms[15]_i_2/O
                         net (fo=18, routed)          0.688     1.109    risc32_i/segment_0/inst/cnt_ms[15]_i_2_n_0
    SLICE_X1Y92          LUT2 (Prop_lut2_I0_O)        0.124     1.233 r  risc32_i/segment_0/inst/cnt_ms[4]_i_1/O
                         net (fo=1, routed)           0.000     1.233    risc32_i/segment_0/inst/cnt_ms_1[4]
    SLICE_X1Y92          FDCE                                         r  risc32_i/segment_0/inst/cnt_ms_reg[4]/D
  -------------------------------------------------------------------    -------------------

                         (clock clk_out1_risc32_clk_wiz_0_0_1 rise edge)
                                                     20.000    20.000 r  
    E3                                                0.000    20.000 r  clk_in1_0 (IN)
                         net (fo=0)                   0.000    20.000    risc32_i/clk_wiz_0/inst/clk_in1
    E3                   IBUF (Prop_ibuf_I_O)         1.411    21.411 r  risc32_i/clk_wiz_0/inst/clkin1_ibufg/O
                         net (fo=1, routed)           1.181    22.592    risc32_i/clk_wiz_0/inst/clk_in1_risc32_clk_wiz_0_0
    PLLE2_ADV_X1Y2       PLLE2_ADV (Prop_plle2_adv_CLKIN1_CLKOUT0)
                                                     -7.856    14.736 r  risc32_i/clk_wiz_0/inst/plle2_adv_inst/CLKOUT0
                         net (fo=1, routed)           1.634    16.370    risc32_i/clk_wiz_0/inst/clk_out1_risc32_clk_wiz_0_0
    BUFGCTRL_X0Y16       BUFG (Prop_bufg_I_O)         0.091    16.461 r  risc32_i/clk_wiz_0/inst/clkout1_buf/O
                         net (fo=38, routed)          1.604    18.066    risc32_i/segment_0/inst/clk
    SLICE_X1Y92          FDCE                                         r  risc32_i/segment_0/inst/cnt_ms_reg[4]/C
                         clock pessimism             -0.389    17.677    
                         clock uncertainty           -0.103    17.575    
    SLICE_X1Y92          FDCE (Setup_fdce_C_D)        0.029    17.604    risc32_i/segment_0/inst/cnt_ms_reg[4]
  -------------------------------------------------------------------
                         required time                         17.604    
                         arrival time                          -1.233    
  -------------------------------------------------------------------
                         slack                                 16.370    

Slack (MET) :             16.373ns  (required time - arrival time)
  Source:                 risc32_i/segment_0/inst/cnt_ms_reg[1]/C
                            (rising edge-triggered cell FDCE clocked by clk_out1_risc32_clk_wiz_0_0_1  {rise@0.000ns fall@10.000ns period=20.000ns})
  Destination:            risc32_i/segment_0/inst/cnt_ms_reg[14]/D
                            (rising edge-triggered cell FDCE clocked by clk_out1_risc32_clk_wiz_0_0_1  {rise@0.000ns fall@10.000ns period=20.000ns})
  Path Group:             clk_out1_risc32_clk_wiz_0_0_1
  Path Type:              Setup (Max at Slow Process Corner)
  Requirement:            20.000ns  (clk_out1_risc32_clk_wiz_0_0_1 rise@20.000ns - clk_out1_risc32_clk_wiz_0_0_1 rise@0.000ns)
  Data Path Delay:        3.531ns  (logic 1.977ns (55.986%)  route 1.554ns (44.014%))
  Logic Levels:           5  (CARRY4=4 LUT2=1)
  Clock Path Skew:        -0.024ns (DCD - SCD + CPR)
    Destination Clock Delay (DCD):    -1.933ns = ( 18.067 - 20.000 ) 
    Source Clock Delay      (SCD):    -2.323ns
    Clock Pessimism Removal (CPR):    -0.414ns
  Clock Uncertainty:      0.103ns  ((TSJ^2 + DJ^2)^1/2) / 2 + PE
    Total System Jitter     (TSJ):    0.071ns
    Discrete Jitter          (DJ):    0.193ns
    Phase Error              (PE):    0.000ns

    Location             Delay type                Incr(ns)  Path(ns)    Netlist Resource(s)
  -------------------------------------------------------------------    -------------------
                         (clock clk_out1_risc32_clk_wiz_0_0_1 rise edge)
                                                      0.000     0.000 r  
    E3                                                0.000     0.000 r  clk_in1_0 (IN)
                         net (fo=0)                   0.000     0.000    risc32_i/clk_wiz_0/inst/clk_in1
    E3                   IBUF (Prop_ibuf_I_O)         1.482     1.482 r  risc32_i/clk_wiz_0/inst/clkin1_ibufg/O
                         net (fo=1, routed)           1.253     2.735    risc32_i/clk_wiz_0/inst/clk_in1_risc32_clk_wiz_0_0
    PLLE2_ADV_X1Y2       PLLE2_ADV (Prop_plle2_adv_CLKIN1_CLKOUT0)
                                                     -8.591    -5.856 r  risc32_i/clk_wiz_0/inst/plle2_adv_inst/CLKOUT0
                         net (fo=1, routed)           1.713    -4.143    risc32_i/clk_wiz_0/inst/clk_out1_risc32_clk_wiz_0_0
    BUFGCTRL_X0Y16       BUFG (Prop_bufg_I_O)         0.096    -4.047 r  risc32_i/clk_wiz_0/inst/clkout1_buf/O
                         net (fo=38, routed)          1.724    -2.323    risc32_i/segment_0/inst/clk
    SLICE_X1Y91          FDCE                                         r  risc32_i/segment_0/inst/cnt_ms_reg[1]/C
  -------------------------------------------------------------------    -------------------
    SLICE_X1Y91          FDCE (Prop_fdce_C_Q)         0.456    -1.867 r  risc32_i/segment_0/inst/cnt_ms_reg[1]/Q
                         net (fo=2, routed)           1.046    -0.821    risc32_i/segment_0/inst/cnt_ms[1]
    SLICE_X0Y91          CARRY4 (Prop_carry4_S[0]_CO[3])
                                                      0.656    -0.165 r  risc32_i/segment_0/inst/cnt_ms0_carry/CO[3]
                         net (fo=1, routed)           0.000    -0.165    risc32_i/segment_0/inst/cnt_ms0_carry_n_0
    SLICE_X0Y92          CARRY4 (Prop_carry4_CI_CO[3])
                                                      0.114    -0.051 r  risc32_i/segment_0/inst/cnt_ms0_carry__0/CO[3]
                         net (fo=1, routed)           0.000    -0.051    risc32_i/segment_0/inst/cnt_ms0_carry__0_n_0
    SLICE_X0Y93          CARRY4 (Prop_carry4_CI_CO[3])
                                                      0.114     0.063 r  risc32_i/segment_0/inst/cnt_ms0_carry__1/CO[3]
                         net (fo=1, routed)           0.000     0.063    risc32_i/segment_0/inst/cnt_ms0_carry__1_n_0
    SLICE_X0Y94          CARRY4 (Prop_carry4_CI_O[1])
                                                      0.334     0.397 r  risc32_i/segment_0/inst/cnt_ms0_carry__2/O[1]
                         net (fo=1, routed)           0.508     0.906    risc32_i/segment_0/inst/data0[14]
    SLICE_X1Y94          LUT2 (Prop_lut2_I1_O)        0.303     1.209 r  risc32_i/segment_0/inst/cnt_ms[14]_i_1/O
                         net (fo=1, routed)           0.000     1.209    risc32_i/segment_0/inst/cnt_ms_1[14]
    SLICE_X1Y94          FDCE                                         r  risc32_i/segment_0/inst/cnt_ms_reg[14]/D
  -------------------------------------------------------------------    -------------------

                         (clock clk_out1_risc32_clk_wiz_0_0_1 rise edge)
                                                     20.000    20.000 r  
    E3                                                0.000    20.000 r  clk_in1_0 (IN)
                         net (fo=0)                   0.000    20.000    risc32_i/clk_wiz_0/inst/clk_in1
    E3                   IBUF (Prop_ibuf_I_O)         1.411    21.411 r  risc32_i/clk_wiz_0/inst/clkin1_ibufg/O
                         net (fo=1, routed)           1.181    22.592    risc32_i/clk_wiz_0/inst/clk_in1_risc32_clk_wiz_0_0
    PLLE2_ADV_X1Y2       PLLE2_ADV (Prop_plle2_adv_CLKIN1_CLKOUT0)
                                                     -7.856    14.736 r  risc32_i/clk_wiz_0/inst/plle2_adv_inst/CLKOUT0
                         net (fo=1, routed)           1.634    16.370    risc32_i/clk_wiz_0/inst/clk_out1_risc32_clk_wiz_0_0
    BUFGCTRL_X0Y16       BUFG (Prop_bufg_I_O)         0.091    16.461 r  risc32_i/clk_wiz_0/inst/clkout1_buf/O
                         net (fo=38, routed)          1.605    18.067    risc32_i/segment_0/inst/clk
    SLICE_X1Y94          FDCE                                         r  risc32_i/segment_0/inst/cnt_ms_reg[14]/C
                         clock pessimism             -0.414    17.653    
                         clock uncertainty           -0.103    17.551    
    SLICE_X1Y94          FDCE (Setup_fdce_C_D)        0.031    17.582    risc32_i/segment_0/inst/cnt_ms_reg[14]
  -------------------------------------------------------------------
                         required time                         17.582    
                         arrival time                          -1.209    
  -------------------------------------------------------------------
                         slack                                 16.373    

Slack (MET) :             16.383ns  (required time - arrival time)
  Source:                 risc32_i/segment_0/inst/cnt_ms_reg[1]/C
                            (rising edge-triggered cell FDCE clocked by clk_out1_risc32_clk_wiz_0_0_1  {rise@0.000ns fall@10.000ns period=20.000ns})
  Destination:            risc32_i/segment_0/inst/cnt_ms_reg[5]/D
                            (rising edge-triggered cell FDCE clocked by clk_out1_risc32_clk_wiz_0_0_1  {rise@0.000ns fall@10.000ns period=20.000ns})
  Path Group:             clk_out1_risc32_clk_wiz_0_0_1
  Path Type:              Setup (Max at Slow Process Corner)
  Requirement:            20.000ns  (clk_out1_risc32_clk_wiz_0_0_1 rise@20.000ns - clk_out1_risc32_clk_wiz_0_0_1 rise@0.000ns)
  Data Path Delay:        3.565ns  (logic 1.661ns (46.595%)  route 1.904ns (53.405%))
  Logic Levels:           3  (CARRY4=2 LUT2=1)
  Clock Path Skew:        -0.025ns (DCD - SCD + CPR)
    Destination Clock Delay (DCD):    -1.934ns = ( 18.066 - 20.000 ) 
    Source Clock Delay      (SCD):    -2.323ns
    Clock Pessimism Removal (CPR):    -0.414ns
  Clock Uncertainty:      0.103ns  ((TSJ^2 + DJ^2)^1/2) / 2 + PE
    Total System Jitter     (TSJ):    0.071ns
    Discrete Jitter          (DJ):    0.193ns
    Phase Error              (PE):    0.000ns

    Location             Delay type                Incr(ns)  Path(ns)    Netlist Resource(s)
  -------------------------------------------------------------------    -------------------
                         (clock clk_out1_risc32_clk_wiz_0_0_1 rise edge)
                                                      0.000     0.000 r  
    E3                                                0.000     0.000 r  clk_in1_0 (IN)
                         net (fo=0)                   0.000     0.000    risc32_i/clk_wiz_0/inst/clk_in1
    E3                   IBUF (Prop_ibuf_I_O)         1.482     1.482 r  risc32_i/clk_wiz_0/inst/clkin1_ibufg/O
                         net (fo=1, routed)           1.253     2.735    risc32_i/clk_wiz_0/inst/clk_in1_risc32_clk_wiz_0_0
    PLLE2_ADV_X1Y2       PLLE2_ADV (Prop_plle2_adv_CLKIN1_CLKOUT0)
                                                     -8.591    -5.856 r  risc32_i/clk_wiz_0/inst/plle2_adv_inst/CLKOUT0
                         net (fo=1, routed)           1.713    -4.143    risc32_i/clk_wiz_0/inst/clk_out1_risc32_clk_wiz_0_0
    BUFGCTRL_X0Y16       BUFG (Prop_bufg_I_O)         0.096    -4.047 r  risc32_i/clk_wiz_0/inst/clkout1_buf/O
                         net (fo=38, routed)          1.724    -2.323    risc32_i/segment_0/inst/clk
    SLICE_X1Y91          FDCE                                         r  risc32_i/segment_0/inst/cnt_ms_reg[1]/C
  -------------------------------------------------------------------    -------------------
    SLICE_X1Y91          FDCE (Prop_fdce_C_Q)         0.456    -1.867 r  risc32_i/segment_0/inst/cnt_ms_reg[1]/Q
                         net (fo=2, routed)           1.046    -0.821    risc32_i/segment_0/inst/cnt_ms[1]
    SLICE_X0Y91          CARRY4 (Prop_carry4_S[0]_CO[3])
                                                      0.656    -0.165 r  risc32_i/segment_0/inst/cnt_ms0_carry/CO[3]
                         net (fo=1, routed)           0.000    -0.165    risc32_i/segment_0/inst/cnt_ms0_carry_n_0
    SLICE_X0Y92          CARRY4 (Prop_carry4_CI_O[0])
                                                      0.222     0.057 r  risc32_i/segment_0/inst/cnt_ms0_carry__0/O[0]
                         net (fo=1, routed)           0.858     0.915    risc32_i/segment_0/inst/data0[5]
    SLICE_X1Y92          LUT2 (Prop_lut2_I1_O)        0.327     1.242 r  risc32_i/segment_0/inst/cnt_ms[5]_i_1/O
                         net (fo=1, routed)           0.000     1.242    risc32_i/segment_0/inst/cnt_ms_1[5]
    SLICE_X1Y92          FDCE                                         r  risc32_i/segment_0/inst/cnt_ms_reg[5]/D
  -------------------------------------------------------------------    -------------------

                         (clock clk_out1_risc32_clk_wiz_0_0_1 rise edge)
                                                     20.000    20.000 r  
    E3                                                0.000    20.000 r  clk_in1_0 (IN)
                         net (fo=0)                   0.000    20.000    risc32_i/clk_wiz_0/inst/clk_in1
    E3                   IBUF (Prop_ibuf_I_O)         1.411    21.411 r  risc32_i/clk_wiz_0/inst/clkin1_ibufg/O
                         net (fo=1, routed)           1.181    22.592    risc32_i/clk_wiz_0/inst/clk_in1_risc32_clk_wiz_0_0
    PLLE2_ADV_X1Y2       PLLE2_ADV (Prop_plle2_adv_CLKIN1_CLKOUT0)
                                                     -7.856    14.736 r  risc32_i/clk_wiz_0/inst/plle2_adv_inst/CLKOUT0
                         net (fo=1, routed)           1.634    16.370    risc32_i/clk_wiz_0/inst/clk_out1_risc32_clk_wiz_0_0
    BUFGCTRL_X0Y16       BUFG (Prop_bufg_I_O)         0.091    16.461 r  risc32_i/clk_wiz_0/inst/clkout1_buf/O
                         net (fo=38, routed)          1.604    18.066    risc32_i/segment_0/inst/clk
    SLICE_X1Y92          FDCE                                         r  risc32_i/segment_0/inst/cnt_ms_reg[5]/C
                         clock pessimism             -0.414    17.652    
                         clock uncertainty           -0.103    17.550    
    SLICE_X1Y92          FDCE (Setup_fdce_C_D)        0.075    17.625    risc32_i/segment_0/inst/cnt_ms_reg[5]
  -------------------------------------------------------------------
                         required time                         17.625    
                         arrival time                          -1.242    
  -------------------------------------------------------------------
                         slack                                 16.383    





Min Delay Paths
--------------------------------------------------------------------------------------
Slack (MET) :             0.199ns  (arrival time - required time)
  Source:                 risc32_i/segment_0/inst/seg_num_reg[2]/C
                            (rising edge-triggered cell FDCE clocked by clk_out1_risc32_clk_wiz_0_0_1  {rise@0.000ns fall@10.000ns period=20.000ns})
  Destination:            risc32_i/segment_0/inst/seg_data_o_reg[3]/D
                            (rising edge-triggered cell FDPE clocked by clk_out1_risc32_clk_wiz_0_0_1  {rise@0.000ns fall@10.000ns period=20.000ns})
  Path Group:             clk_out1_risc32_clk_wiz_0_0_1
  Path Type:              Hold (Min at Fast Process Corner)
  Requirement:            0.000ns  (clk_out1_risc32_clk_wiz_0_0_1 rise@0.000ns - clk_out1_risc32_clk_wiz_0_0_1 rise@0.000ns)
  Data Path Delay:        0.346ns  (logic 0.192ns (55.414%)  route 0.154ns (44.586%))
  Logic Levels:           1  (LUT4=1)
  Clock Path Skew:        0.040ns (DCD - SCD - CPR)
    Destination Clock Delay (DCD):    -0.276ns
    Source Clock Delay      (SCD):    -0.510ns
    Clock Pessimism Removal (CPR):    0.194ns

    Location             Delay type                Incr(ns)  Path(ns)    Netlist Resource(s)
  -------------------------------------------------------------------    -------------------
                         (clock clk_out1_risc32_clk_wiz_0_0_1 rise edge)
                                                      0.000     0.000 r  
    E3                                                0.000     0.000 r  clk_in1_0 (IN)
                         net (fo=0)                   0.000     0.000    risc32_i/clk_wiz_0/inst/clk_in1
    E3                   IBUF (Prop_ibuf_I_O)         0.250     0.250 r  risc32_i/clk_wiz_0/inst/clkin1_ibufg/O
                         net (fo=1, routed)           0.440     0.690    risc32_i/clk_wiz_0/inst/clk_in1_risc32_clk_wiz_0_0
    PLLE2_ADV_X1Y2       PLLE2_ADV (Prop_plle2_adv_CLKIN1_CLKOUT0)
                                                     -2.342    -1.652 r  risc32_i/clk_wiz_0/inst/plle2_adv_inst/CLKOUT0
                         net (fo=1, routed)           0.514    -1.138    risc32_i/clk_wiz_0/inst/clk_out1_risc32_clk_wiz_0_0
    BUFGCTRL_X0Y16       BUFG (Prop_bufg_I_O)         0.026    -1.112 r  risc32_i/clk_wiz_0/inst/clkout1_buf/O
                         net (fo=38, routed)          0.602    -0.510    risc32_i/segment_0/inst/clk
    SLICE_X5Y92          FDCE                                         r  risc32_i/segment_0/inst/seg_num_reg[2]/C
  -------------------------------------------------------------------    -------------------
    SLICE_X5Y92          FDCE (Prop_fdce_C_Q)         0.141    -0.369 r  risc32_i/segment_0/inst/seg_num_reg[2]/Q
                         net (fo=7, routed)           0.154    -0.215    risc32_i/segment_0/inst/seg_num[2]
    SLICE_X1Y92          LUT4 (Prop_lut4_I1_O)        0.051    -0.164 r  risc32_i/segment_0/inst/seg_data_o[3]_i_1/O
                         net (fo=1, routed)           0.000    -0.164    risc32_i/segment_0/inst/seg_data_o_0[3]
    SLICE_X1Y92          FDPE                                         r  risc32_i/segment_0/inst/seg_data_o_reg[3]/D
  -------------------------------------------------------------------    -------------------

                         (clock clk_out1_risc32_clk_wiz_0_0_1 rise edge)
                                                      0.000     0.000 r  
    E3                                                0.000     0.000 r  clk_in1_0 (IN)
                         net (fo=0)                   0.000     0.000    risc32_i/clk_wiz_0/inst/clk_in1
    E3                   IBUF (Prop_ibuf_I_O)         0.438     0.438 r  risc32_i/clk_wiz_0/inst/clkin1_ibufg/O
                         net (fo=1, routed)           0.481     0.919    risc32_i/clk_wiz_0/inst/clk_in1_risc32_clk_wiz_0_0
    PLLE2_ADV_X1Y2       PLLE2_ADV (Prop_plle2_adv_CLKIN1_CLKOUT0)
                                                     -2.659    -1.740 r  risc32_i/clk_wiz_0/inst/plle2_adv_inst/CLKOUT0
                         net (fo=1, routed)           0.560    -1.181    risc32_i/clk_wiz_0/inst/clk_out1_risc32_clk_wiz_0_0
    BUFGCTRL_X0Y16       BUFG (Prop_bufg_I_O)         0.029    -1.152 r  risc32_i/clk_wiz_0/inst/clkout1_buf/O
                         net (fo=38, routed)          0.876    -0.276    risc32_i/segment_0/inst/clk
    SLICE_X1Y92          FDPE                                         r  risc32_i/segment_0/inst/seg_data_o_reg[3]/C
                         clock pessimism             -0.194    -0.470    
    SLICE_X1Y92          FDPE (Hold_fdpe_C_D)         0.107    -0.363    risc32_i/segment_0/inst/seg_data_o_reg[3]
  -------------------------------------------------------------------
                         required time                          0.363    
                         arrival time                          -0.164    
  -------------------------------------------------------------------
                         slack                                  0.199    

Slack (MET) :             0.208ns  (arrival time - required time)
  Source:                 risc32_i/segment_0/inst/seg_num_reg[2]/C
                            (rising edge-triggered cell FDCE clocked by clk_out1_risc32_clk_wiz_0_0_1  {rise@0.000ns fall@10.000ns period=20.000ns})
  Destination:            risc32_i/segment_0/inst/seg_data_o_reg[2]/D
                            (rising edge-triggered cell FDPE clocked by clk_out1_risc32_clk_wiz_0_0_1  {rise@0.000ns fall@10.000ns period=20.000ns})
  Path Group:             clk_out1_risc32_clk_wiz_0_0_1
  Path Type:              Hold (Min at Fast Process Corner)
  Requirement:            0.000ns  (clk_out1_risc32_clk_wiz_0_0_1 rise@0.000ns - clk_out1_risc32_clk_wiz_0_0_1 rise@0.000ns)
  Data Path Delay:        0.340ns  (logic 0.186ns (54.628%)  route 0.154ns (45.372%))
  Logic Levels:           1  (LUT4=1)
  Clock Path Skew:        0.040ns (DCD - SCD - CPR)
    Destination Clock Delay (DCD):    -0.276ns
    Source Clock Delay      (SCD):    -0.510ns
    Clock Pessimism Removal (CPR):    0.194ns

    Location             Delay type                Incr(ns)  Path(ns)    Netlist Resource(s)
  -------------------------------------------------------------------    -------------------
                         (clock clk_out1_risc32_clk_wiz_0_0_1 rise edge)
                                                      0.000     0.000 r  
    E3                                                0.000     0.000 r  clk_in1_0 (IN)
                         net (fo=0)                   0.000     0.000    risc32_i/clk_wiz_0/inst/clk_in1
    E3                   IBUF (Prop_ibuf_I_O)         0.250     0.250 r  risc32_i/clk_wiz_0/inst/clkin1_ibufg/O
                         net (fo=1, routed)           0.440     0.690    risc32_i/clk_wiz_0/inst/clk_in1_risc32_clk_wiz_0_0
    PLLE2_ADV_X1Y2       PLLE2_ADV (Prop_plle2_adv_CLKIN1_CLKOUT0)
                                                     -2.342    -1.652 r  risc32_i/clk_wiz_0/inst/plle2_adv_inst/CLKOUT0
                         net (fo=1, routed)           0.514    -1.138    risc32_i/clk_wiz_0/inst/clk_out1_risc32_clk_wiz_0_0
    BUFGCTRL_X0Y16       BUFG (Prop_bufg_I_O)         0.026    -1.112 r  risc32_i/clk_wiz_0/inst/clkout1_buf/O
                         net (fo=38, routed)          0.602    -0.510    risc32_i/segment_0/inst/clk
    SLICE_X5Y92          FDCE                                         r  risc32_i/segment_0/inst/seg_num_reg[2]/C
  -------------------------------------------------------------------    -------------------
    SLICE_X5Y92          FDCE (Prop_fdce_C_Q)         0.141    -0.369 r  risc32_i/segment_0/inst/seg_num_reg[2]/Q
                         net (fo=7, routed)           0.154    -0.215    risc32_i/segment_0/inst/seg_num[2]
    SLICE_X1Y92          LUT4 (Prop_lut4_I3_O)        0.045    -0.170 r  risc32_i/segment_0/inst/seg_data_o[2]_i_1/O
                         net (fo=1, routed)           0.000    -0.170    risc32_i/segment_0/inst/seg_data_o_0[2]
    SLICE_X1Y92          FDPE                                         r  risc32_i/segment_0/inst/seg_data_o_reg[2]/D
  -------------------------------------------------------------------    -------------------

                         (clock clk_out1_risc32_clk_wiz_0_0_1 rise edge)
                                                      0.000     0.000 r  
    E3                                                0.000     0.000 r  clk_in1_0 (IN)
                         net (fo=0)                   0.000     0.000    risc32_i/clk_wiz_0/inst/clk_in1
    E3                   IBUF (Prop_ibuf_I_O)         0.438     0.438 r  risc32_i/clk_wiz_0/inst/clkin1_ibufg/O
                         net (fo=1, routed)           0.481     0.919    risc32_i/clk_wiz_0/inst/clk_in1_risc32_clk_wiz_0_0
    PLLE2_ADV_X1Y2       PLLE2_ADV (Prop_plle2_adv_CLKIN1_CLKOUT0)
                                                     -2.659    -1.740 r  risc32_i/clk_wiz_0/inst/plle2_adv_inst/CLKOUT0
                         net (fo=1, routed)           0.560    -1.181    risc32_i/clk_wiz_0/inst/clk_out1_risc32_clk_wiz_0_0
    BUFGCTRL_X0Y16       BUFG (Prop_bufg_I_O)         0.029    -1.152 r  risc32_i/clk_wiz_0/inst/clkout1_buf/O
                         net (fo=38, routed)          0.876    -0.276    risc32_i/segment_0/inst/clk
    SLICE_X1Y92          FDPE                                         r  risc32_i/segment_0/inst/seg_data_o_reg[2]/C
                         clock pessimism             -0.194    -0.470    
    SLICE_X1Y92          FDPE (Hold_fdpe_C_D)         0.092    -0.378    risc32_i/segment_0/inst/seg_data_o_reg[2]
  -------------------------------------------------------------------
                         required time                          0.378    
                         arrival time                          -0.170    
  -------------------------------------------------------------------
                         slack                                  0.208    

Slack (MET) :             0.252ns  (arrival time - required time)
  Source:                 risc32_i/segment_0/inst/cnt_reg[0]/C
                            (rising edge-triggered cell FDCE clocked by clk_out1_risc32_clk_wiz_0_0_1  {rise@0.000ns fall@10.000ns period=20.000ns})
  Destination:            risc32_i/segment_0/inst/cnt_reg[2]/D
                            (rising edge-triggered cell FDCE clocked by clk_out1_risc32_clk_wiz_0_0_1  {rise@0.000ns fall@10.000ns period=20.000ns})
  Path Group:             clk_out1_risc32_clk_wiz_0_0_1
  Path Type:              Hold (Min at Fast Process Corner)
  Requirement:            0.000ns  (clk_out1_risc32_clk_wiz_0_0_1 rise@0.000ns - clk_out1_risc32_clk_wiz_0_0_1 rise@0.000ns)
  Data Path Delay:        0.359ns  (logic 0.229ns (63.707%)  route 0.130ns (36.293%))
  Logic Levels:           1  (LUT4=1)
  Clock Path Skew:        0.000ns (DCD - SCD - CPR)
    Destination Clock Delay (DCD):    -0.276ns
    Source Clock Delay      (SCD):    -0.509ns
    Clock Pessimism Removal (CPR):    0.233ns

    Location             Delay type                Incr(ns)  Path(ns)    Netlist Resource(s)
  -------------------------------------------------------------------    -------------------
                         (clock clk_out1_risc32_clk_wiz_0_0_1 rise edge)
                                                      0.000     0.000 r  
    E3                                                0.000     0.000 r  clk_in1_0 (IN)
                         net (fo=0)                   0.000     0.000    risc32_i/clk_wiz_0/inst/clk_in1
    E3                   IBUF (Prop_ibuf_I_O)         0.250     0.250 r  risc32_i/clk_wiz_0/inst/clkin1_ibufg/O
                         net (fo=1, routed)           0.440     0.690    risc32_i/clk_wiz_0/inst/clk_in1_risc32_clk_wiz_0_0
    PLLE2_ADV_X1Y2       PLLE2_ADV (Prop_plle2_adv_CLKIN1_CLKOUT0)
                                                     -2.342    -1.652 r  risc32_i/clk_wiz_0/inst/plle2_adv_inst/CLKOUT0
                         net (fo=1, routed)           0.514    -1.138    risc32_i/clk_wiz_0/inst/clk_out1_risc32_clk_wiz_0_0
    BUFGCTRL_X0Y16       BUFG (Prop_bufg_I_O)         0.026    -1.112 r  risc32_i/clk_wiz_0/inst/clkout1_buf/O
                         net (fo=38, routed)          0.603    -0.509    risc32_i/segment_0/inst/clk
    SLICE_X1Y91          FDCE                                         r  risc32_i/segment_0/inst/cnt_reg[0]/C
  -------------------------------------------------------------------    -------------------
    SLICE_X1Y91          FDCE (Prop_fdce_C_Q)         0.128    -0.381 r  risc32_i/segment_0/inst/cnt_reg[0]/Q
                         net (fo=19, routed)          0.130    -0.251    risc32_i/segment_0/inst/cnt[0]
    SLICE_X1Y91          LUT4 (Prop_lut4_I1_O)        0.101    -0.150 r  risc32_i/segment_0/inst/cnt[2]_i_1/O
                         net (fo=1, routed)           0.000    -0.150    risc32_i/segment_0/inst/cnt[2]_i_1_n_0
    SLICE_X1Y91          FDCE                                         r  risc32_i/segment_0/inst/cnt_reg[2]/D
  -------------------------------------------------------------------    -------------------

                         (clock clk_out1_risc32_clk_wiz_0_0_1 rise edge)
                                                      0.000     0.000 r  
    E3                                                0.000     0.000 r  clk_in1_0 (IN)
                         net (fo=0)                   0.000     0.000    risc32_i/clk_wiz_0/inst/clk_in1
    E3                   IBUF (Prop_ibuf_I_O)         0.438     0.438 r  risc32_i/clk_wiz_0/inst/clkin1_ibufg/O
                         net (fo=1, routed)           0.481     0.919    risc32_i/clk_wiz_0/inst/clk_in1_risc32_clk_wiz_0_0
    PLLE2_ADV_X1Y2       PLLE2_ADV (Prop_plle2_adv_CLKIN1_CLKOUT0)
                                                     -2.659    -1.740 r  risc32_i/clk_wiz_0/inst/plle2_adv_inst/CLKOUT0
                         net (fo=1, routed)           0.560    -1.181    risc32_i/clk_wiz_0/inst/clk_out1_risc32_clk_wiz_0_0
    BUFGCTRL_X0Y16       BUFG (Prop_bufg_I_O)         0.029    -1.152 r  risc32_i/clk_wiz_0/inst/clkout1_buf/O
                         net (fo=38, routed)          0.876    -0.276    risc32_i/segment_0/inst/clk
    SLICE_X1Y91          FDCE                                         r  risc32_i/segment_0/inst/cnt_reg[2]/C
                         clock pessimism             -0.233    -0.509    
    SLICE_X1Y91          FDCE (Hold_fdce_C_D)         0.107    -0.402    risc32_i/segment_0/inst/cnt_reg[2]
  -------------------------------------------------------------------
                         required time                          0.402    
                         arrival time                          -0.150    
  -------------------------------------------------------------------
                         slack                                  0.252    

Slack (MET) :             0.265ns  (arrival time - required time)
  Source:                 risc32_i/segment_0/inst/cnt_reg[0]/C
                            (rising edge-triggered cell FDCE clocked by clk_out1_risc32_clk_wiz_0_0_1  {rise@0.000ns fall@10.000ns period=20.000ns})
  Destination:            risc32_i/segment_0/inst/cnt_reg[1]/D
                            (rising edge-triggered cell FDCE clocked by clk_out1_risc32_clk_wiz_0_0_1  {rise@0.000ns fall@10.000ns period=20.000ns})
  Path Group:             clk_out1_risc32_clk_wiz_0_0_1
  Path Type:              Hold (Min at Fast Process Corner)
  Requirement:            0.000ns  (clk_out1_risc32_clk_wiz_0_0_1 rise@0.000ns - clk_out1_risc32_clk_wiz_0_0_1 rise@0.000ns)
  Data Path Delay:        0.356ns  (logic 0.226ns (63.401%)  route 0.130ns (36.599%))
  Logic Levels:           1  (LUT3=1)
  Clock Path Skew:        0.000ns (DCD - SCD - CPR)
    Destination Clock Delay (DCD):    -0.276ns
    Source Clock Delay      (SCD):    -0.509ns
    Clock Pessimism Removal (CPR):    0.233ns

    Location             Delay type                Incr(ns)  Path(ns)    Netlist Resource(s)
  -------------------------------------------------------------------    -------------------
                         (clock clk_out1_risc32_clk_wiz_0_0_1 rise edge)
                                                      0.000     0.000 r  
    E3                                                0.000     0.000 r  clk_in1_0 (IN)
                         net (fo=0)                   0.000     0.000    risc32_i/clk_wiz_0/inst/clk_in1
    E3                   IBUF (Prop_ibuf_I_O)         0.250     0.250 r  risc32_i/clk_wiz_0/inst/clkin1_ibufg/O
                         net (fo=1, routed)           0.440     0.690    risc32_i/clk_wiz_0/inst/clk_in1_risc32_clk_wiz_0_0
    PLLE2_ADV_X1Y2       PLLE2_ADV (Prop_plle2_adv_CLKIN1_CLKOUT0)
                                                     -2.342    -1.652 r  risc32_i/clk_wiz_0/inst/plle2_adv_inst/CLKOUT0
                         net (fo=1, routed)           0.514    -1.138    risc32_i/clk_wiz_0/inst/clk_out1_risc32_clk_wiz_0_0
    BUFGCTRL_X0Y16       BUFG (Prop_bufg_I_O)         0.026    -1.112 r  risc32_i/clk_wiz_0/inst/clkout1_buf/O
                         net (fo=38, routed)          0.603    -0.509    risc32_i/segment_0/inst/clk
    SLICE_X1Y91          FDCE                                         r  risc32_i/segment_0/inst/cnt_reg[0]/C
  -------------------------------------------------------------------    -------------------
    SLICE_X1Y91          FDCE (Prop_fdce_C_Q)         0.128    -0.381 r  risc32_i/segment_0/inst/cnt_reg[0]/Q
                         net (fo=19, routed)          0.130    -0.251    risc32_i/segment_0/inst/cnt[0]
    SLICE_X1Y91          LUT3 (Prop_lut3_I0_O)        0.098    -0.153 r  risc32_i/segment_0/inst/cnt[1]_i_1/O
                         net (fo=1, routed)           0.000    -0.153    risc32_i/segment_0/inst/cnt[1]_i_1_n_0
    SLICE_X1Y91          FDCE                                         r  risc32_i/segment_0/inst/cnt_reg[1]/D
  -------------------------------------------------------------------    -------------------

                         (clock clk_out1_risc32_clk_wiz_0_0_1 rise edge)
                                                      0.000     0.000 r  
    E3                                                0.000     0.000 r  clk_in1_0 (IN)
                         net (fo=0)                   0.000     0.000    risc32_i/clk_wiz_0/inst/clk_in1
    E3                   IBUF (Prop_ibuf_I_O)         0.438     0.438 r  risc32_i/clk_wiz_0/inst/clkin1_ibufg/O
                         net (fo=1, routed)           0.481     0.919    risc32_i/clk_wiz_0/inst/clk_in1_risc32_clk_wiz_0_0
    PLLE2_ADV_X1Y2       PLLE2_ADV (Prop_plle2_adv_CLKIN1_CLKOUT0)
                                                     -2.659    -1.740 r  risc32_i/clk_wiz_0/inst/plle2_adv_inst/CLKOUT0
                         net (fo=1, routed)           0.560    -1.181    risc32_i/clk_wiz_0/inst/clk_out1_risc32_clk_wiz_0_0
    BUFGCTRL_X0Y16       BUFG (Prop_bufg_I_O)         0.029    -1.152 r  risc32_i/clk_wiz_0/inst/clkout1_buf/O
                         net (fo=38, routed)          0.876    -0.276    risc32_i/segment_0/inst/clk
    SLICE_X1Y91          FDCE                                         r  risc32_i/segment_0/inst/cnt_reg[1]/C
                         clock pessimism             -0.233    -0.509    
    SLICE_X1Y91          FDCE (Hold_fdce_C_D)         0.091    -0.418    risc32_i/segment_0/inst/cnt_reg[1]
  -------------------------------------------------------------------
                         required time                          0.418    
                         arrival time                          -0.153    
  -------------------------------------------------------------------
                         slack                                  0.265    

Slack (MET) :             0.299ns  (arrival time - required time)
  Source:                 risc32_i/segment_0/inst/cnt_reg[1]/C
                            (rising edge-triggered cell FDCE clocked by clk_out1_risc32_clk_wiz_0_0_1  {rise@0.000ns fall@10.000ns period=20.000ns})
  Destination:            risc32_i/segment_0/inst/AN_reg[3]/D
                            (rising edge-triggered cell FDPE clocked by clk_out1_risc32_clk_wiz_0_0_1  {rise@0.000ns fall@10.000ns period=20.000ns})
  Path Group:             clk_out1_risc32_clk_wiz_0_0_1
  Path Type:              Hold (Min at Fast Process Corner)
  Requirement:            0.000ns  (clk_out1_risc32_clk_wiz_0_0_1 rise@0.000ns - clk_out1_risc32_clk_wiz_0_0_1 rise@0.000ns)
  Data Path Delay:        0.423ns  (logic 0.189ns (44.706%)  route 0.234ns (55.294%))
  Logic Levels:           1  (LUT3=1)
  Clock Path Skew:        0.017ns (DCD - SCD - CPR)
    Destination Clock Delay (DCD):    -0.275ns
    Source Clock Delay      (SCD):    -0.509ns
    Clock Pessimism Removal (CPR):    0.217ns

    Location             Delay type                Incr(ns)  Path(ns)    Netlist Resource(s)
  -------------------------------------------------------------------    -------------------
                         (clock clk_out1_risc32_clk_wiz_0_0_1 rise edge)
                                                      0.000     0.000 r  
    E3                                                0.000     0.000 r  clk_in1_0 (IN)
                         net (fo=0)                   0.000     0.000    risc32_i/clk_wiz_0/inst/clk_in1
    E3                   IBUF (Prop_ibuf_I_O)         0.250     0.250 r  risc32_i/clk_wiz_0/inst/clkin1_ibufg/O
                         net (fo=1, routed)           0.440     0.690    risc32_i/clk_wiz_0/inst/clk_in1_risc32_clk_wiz_0_0
    PLLE2_ADV_X1Y2       PLLE2_ADV (Prop_plle2_adv_CLKIN1_CLKOUT0)
                                                     -2.342    -1.652 r  risc32_i/clk_wiz_0/inst/plle2_adv_inst/CLKOUT0
                         net (fo=1, routed)           0.514    -1.138    risc32_i/clk_wiz_0/inst/clk_out1_risc32_clk_wiz_0_0
    BUFGCTRL_X0Y16       BUFG (Prop_bufg_I_O)         0.026    -1.112 r  risc32_i/clk_wiz_0/inst/clkout1_buf/O
                         net (fo=38, routed)          0.603    -0.509    risc32_i/segment_0/inst/clk
    SLICE_X1Y91          FDCE                                         r  risc32_i/segment_0/inst/cnt_reg[1]/C
  -------------------------------------------------------------------    -------------------
    SLICE_X1Y91          FDCE (Prop_fdce_C_Q)         0.141    -0.368 f  risc32_i/segment_0/inst/cnt_reg[1]/Q
                         net (fo=18, routed)          0.234    -0.135    risc32_i/segment_0/inst/cnt[1]
    SLICE_X3Y93          LUT3 (Prop_lut3_I0_O)        0.048    -0.087 r  risc32_i/segment_0/inst/AN[3]_i_1/O
                         net (fo=1, routed)           0.000    -0.087    risc32_i/segment_0/inst/AN[3]_i_1_n_0
    SLICE_X3Y93          FDPE                                         r  risc32_i/segment_0/inst/AN_reg[3]/D
  -------------------------------------------------------------------    -------------------

                         (clock clk_out1_risc32_clk_wiz_0_0_1 rise edge)
                                                      0.000     0.000 r  
    E3                                                0.000     0.000 r  clk_in1_0 (IN)
                         net (fo=0)                   0.000     0.000    risc32_i/clk_wiz_0/inst/clk_in1
    E3                   IBUF (Prop_ibuf_I_O)         0.438     0.438 r  risc32_i/clk_wiz_0/inst/clkin1_ibufg/O
                         net (fo=1, routed)           0.481     0.919    risc32_i/clk_wiz_0/inst/clk_in1_risc32_clk_wiz_0_0
    PLLE2_ADV_X1Y2       PLLE2_ADV (Prop_plle2_adv_CLKIN1_CLKOUT0)
                                                     -2.659    -1.740 r  risc32_i/clk_wiz_0/inst/plle2_adv_inst/CLKOUT0
                         net (fo=1, routed)           0.560    -1.181    risc32_i/clk_wiz_0/inst/clk_out1_risc32_clk_wiz_0_0
    BUFGCTRL_X0Y16       BUFG (Prop_bufg_I_O)         0.029    -1.152 r  risc32_i/clk_wiz_0/inst/clkout1_buf/O
                         net (fo=38, routed)          0.877    -0.275    risc32_i/segment_0/inst/clk
    SLICE_X3Y93          FDPE                                         r  risc32_i/segment_0/inst/AN_reg[3]/C
                         clock pessimism             -0.217    -0.492    
    SLICE_X3Y93          FDPE (Hold_fdpe_C_D)         0.107    -0.385    risc32_i/segment_0/inst/AN_reg[3]
  -------------------------------------------------------------------
                         required time                          0.385    
                         arrival time                          -0.087    
  -------------------------------------------------------------------
                         slack                                  0.299    

Slack (MET) :             0.312ns  (arrival time - required time)
  Source:                 risc32_i/segment_0/inst/cnt_reg[1]/C
                            (rising edge-triggered cell FDCE clocked by clk_out1_risc32_clk_wiz_0_0_1  {rise@0.000ns fall@10.000ns period=20.000ns})
  Destination:            risc32_i/segment_0/inst/AN_reg[2]/D
                            (rising edge-triggered cell FDPE clocked by clk_out1_risc32_clk_wiz_0_0_1  {rise@0.000ns fall@10.000ns period=20.000ns})
  Path Group:             clk_out1_risc32_clk_wiz_0_0_1
  Path Type:              Hold (Min at Fast Process Corner)
  Requirement:            0.000ns  (clk_out1_risc32_clk_wiz_0_0_1 rise@0.000ns - clk_out1_risc32_clk_wiz_0_0_1 rise@0.000ns)
  Data Path Delay:        0.420ns  (logic 0.186ns (44.311%)  route 0.234ns (55.689%))
  Logic Levels:           1  (LUT3=1)
  Clock Path Skew:        0.017ns (DCD - SCD - CPR)
    Destination Clock Delay (DCD):    -0.275ns
    Source Clock Delay      (SCD):    -0.509ns
    Clock Pessimism Removal (CPR):    0.217ns

    Location             Delay type                Incr(ns)  Path(ns)    Netlist Resource(s)
  -------------------------------------------------------------------    -------------------
                         (clock clk_out1_risc32_clk_wiz_0_0_1 rise edge)
                                                      0.000     0.000 r  
    E3                                                0.000     0.000 r  clk_in1_0 (IN)
                         net (fo=0)                   0.000     0.000    risc32_i/clk_wiz_0/inst/clk_in1
    E3                   IBUF (Prop_ibuf_I_O)         0.250     0.250 r  risc32_i/clk_wiz_0/inst/clkin1_ibufg/O
                         net (fo=1, routed)           0.440     0.690    risc32_i/clk_wiz_0/inst/clk_in1_risc32_clk_wiz_0_0
    PLLE2_ADV_X1Y2       PLLE2_ADV (Prop_plle2_adv_CLKIN1_CLKOUT0)
                                                     -2.342    -1.652 r  risc32_i/clk_wiz_0/inst/plle2_adv_inst/CLKOUT0
                         net (fo=1, routed)           0.514    -1.138    risc32_i/clk_wiz_0/inst/clk_out1_risc32_clk_wiz_0_0
    BUFGCTRL_X0Y16       BUFG (Prop_bufg_I_O)         0.026    -1.112 r  risc32_i/clk_wiz_0/inst/clkout1_buf/O
                         net (fo=38, routed)          0.603    -0.509    risc32_i/segment_0/inst/clk
    SLICE_X1Y91          FDCE                                         r  risc32_i/segment_0/inst/cnt_reg[1]/C
  -------------------------------------------------------------------    -------------------
    SLICE_X1Y91          FDCE (Prop_fdce_C_Q)         0.141    -0.368 f  risc32_i/segment_0/inst/cnt_reg[1]/Q
                         net (fo=18, routed)          0.234    -0.135    risc32_i/segment_0/inst/cnt[1]
    SLICE_X3Y93          LUT3 (Prop_lut3_I2_O)        0.045    -0.090 r  risc32_i/segment_0/inst/AN[2]_i_1/O
                         net (fo=1, routed)           0.000    -0.090    risc32_i/segment_0/inst/AN[2]_i_1_n_0
    SLICE_X3Y93          FDPE                                         r  risc32_i/segment_0/inst/AN_reg[2]/D
  -------------------------------------------------------------------    -------------------

                         (clock clk_out1_risc32_clk_wiz_0_0_1 rise edge)
                                                      0.000     0.000 r  
    E3                                                0.000     0.000 r  clk_in1_0 (IN)
                         net (fo=0)                   0.000     0.000    risc32_i/clk_wiz_0/inst/clk_in1
    E3                   IBUF (Prop_ibuf_I_O)         0.438     0.438 r  risc32_i/clk_wiz_0/inst/clkin1_ibufg/O
                         net (fo=1, routed)           0.481     0.919    risc32_i/clk_wiz_0/inst/clk_in1_risc32_clk_wiz_0_0
    PLLE2_ADV_X1Y2       PLLE2_ADV (Prop_plle2_adv_CLKIN1_CLKOUT0)
                                                     -2.659    -1.740 r  risc32_i/clk_wiz_0/inst/plle2_adv_inst/CLKOUT0
                         net (fo=1, routed)           0.560    -1.181    risc32_i/clk_wiz_0/inst/clk_out1_risc32_clk_wiz_0_0
    BUFGCTRL_X0Y16       BUFG (Prop_bufg_I_O)         0.029    -1.152 r  risc32_i/clk_wiz_0/inst/clkout1_buf/O
                         net (fo=38, routed)          0.877    -0.275    risc32_i/segment_0/inst/clk
    SLICE_X3Y93          FDPE                                         r  risc32_i/segment_0/inst/AN_reg[2]/C
                         clock pessimism             -0.217    -0.492    
    SLICE_X3Y93          FDPE (Hold_fdpe_C_D)         0.091    -0.401    risc32_i/segment_0/inst/AN_reg[2]
  -------------------------------------------------------------------
                         required time                          0.401    
                         arrival time                          -0.090    
  -------------------------------------------------------------------
                         slack                                  0.312    

Slack (MET) :             0.316ns  (arrival time - required time)
  Source:                 risc32_i/segment_0/inst/cnt_reg[1]/C
                            (rising edge-triggered cell FDCE clocked by clk_out1_risc32_clk_wiz_0_0_1  {rise@0.000ns fall@10.000ns period=20.000ns})
  Destination:            risc32_i/segment_0/inst/AN_reg[7]/D
                            (rising edge-triggered cell FDPE clocked by clk_out1_risc32_clk_wiz_0_0_1  {rise@0.000ns fall@10.000ns period=20.000ns})
  Path Group:             clk_out1_risc32_clk_wiz_0_0_1
  Path Type:              Hold (Min at Fast Process Corner)
  Requirement:            0.000ns  (clk_out1_risc32_clk_wiz_0_0_1 rise@0.000ns - clk_out1_risc32_clk_wiz_0_0_1 rise@0.000ns)
  Data Path Delay:        0.439ns  (logic 0.183ns (41.660%)  route 0.256ns (58.340%))
  Logic Levels:           1  (LUT3=1)
  Clock Path Skew:        0.016ns (DCD - SCD - CPR)
    Destination Clock Delay (DCD):    -0.276ns
    Source Clock Delay      (SCD):    -0.509ns
    Clock Pessimism Removal (CPR):    0.217ns

    Location             Delay type                Incr(ns)  Path(ns)    Netlist Resource(s)
  -------------------------------------------------------------------    -------------------
                         (clock clk_out1_risc32_clk_wiz_0_0_1 rise edge)
                                                      0.000     0.000 r  
    E3                                                0.000     0.000 r  clk_in1_0 (IN)
                         net (fo=0)                   0.000     0.000    risc32_i/clk_wiz_0/inst/clk_in1
    E3                   IBUF (Prop_ibuf_I_O)         0.250     0.250 r  risc32_i/clk_wiz_0/inst/clkin1_ibufg/O
                         net (fo=1, routed)           0.440     0.690    risc32_i/clk_wiz_0/inst/clk_in1_risc32_clk_wiz_0_0
    PLLE2_ADV_X1Y2       PLLE2_ADV (Prop_plle2_adv_CLKIN1_CLKOUT0)
                                                     -2.342    -1.652 r  risc32_i/clk_wiz_0/inst/plle2_adv_inst/CLKOUT0
                         net (fo=1, routed)           0.514    -1.138    risc32_i/clk_wiz_0/inst/clk_out1_risc32_clk_wiz_0_0
    BUFGCTRL_X0Y16       BUFG (Prop_bufg_I_O)         0.026    -1.112 r  risc32_i/clk_wiz_0/inst/clkout1_buf/O
                         net (fo=38, routed)          0.603    -0.509    risc32_i/segment_0/inst/clk
    SLICE_X1Y91          FDCE                                         r  risc32_i/segment_0/inst/cnt_reg[1]/C
  -------------------------------------------------------------------    -------------------
    SLICE_X1Y91          FDCE (Prop_fdce_C_Q)         0.141    -0.368 f  risc32_i/segment_0/inst/cnt_reg[1]/Q
                         net (fo=18, routed)          0.256    -0.112    risc32_i/segment_0/inst/cnt[1]
    SLICE_X0Y90          LUT3 (Prop_lut3_I2_O)        0.042    -0.070 r  risc32_i/segment_0/inst/AN[7]_i_1/O
                         net (fo=1, routed)           0.000    -0.070    risc32_i/segment_0/inst/AN[7]_i_1_n_0
    SLICE_X0Y90          FDPE                                         r  risc32_i/segment_0/inst/AN_reg[7]/D
  -------------------------------------------------------------------    -------------------

                         (clock clk_out1_risc32_clk_wiz_0_0_1 rise edge)
                                                      0.000     0.000 r  
    E3                                                0.000     0.000 r  clk_in1_0 (IN)
                         net (fo=0)                   0.000     0.000    risc32_i/clk_wiz_0/inst/clk_in1
    E3                   IBUF (Prop_ibuf_I_O)         0.438     0.438 r  risc32_i/clk_wiz_0/inst/clkin1_ibufg/O
                         net (fo=1, routed)           0.481     0.919    risc32_i/clk_wiz_0/inst/clk_in1_risc32_clk_wiz_0_0
    PLLE2_ADV_X1Y2       PLLE2_ADV (Prop_plle2_adv_CLKIN1_CLKOUT0)
                                                     -2.659    -1.740 r  risc32_i/clk_wiz_0/inst/plle2_adv_inst/CLKOUT0
                         net (fo=1, routed)           0.560    -1.181    risc32_i/clk_wiz_0/inst/clk_out1_risc32_clk_wiz_0_0
    BUFGCTRL_X0Y16       BUFG (Prop_bufg_I_O)         0.029    -1.152 r  risc32_i/clk_wiz_0/inst/clkout1_buf/O
                         net (fo=38, routed)          0.876    -0.276    risc32_i/segment_0/inst/clk
    SLICE_X0Y90          FDPE                                         r  risc32_i/segment_0/inst/AN_reg[7]/C
                         clock pessimism             -0.217    -0.493    
    SLICE_X0Y90          FDPE (Hold_fdpe_C_D)         0.107    -0.386    risc32_i/segment_0/inst/AN_reg[7]
  -------------------------------------------------------------------
                         required time                          0.386    
                         arrival time                          -0.070    
  -------------------------------------------------------------------
                         slack                                  0.316    

Slack (MET) :             0.335ns  (arrival time - required time)
  Source:                 risc32_i/segment_0/inst/cnt_reg[1]/C
                            (rising edge-triggered cell FDCE clocked by clk_out1_risc32_clk_wiz_0_0_1  {rise@0.000ns fall@10.000ns period=20.000ns})
  Destination:            risc32_i/segment_0/inst/AN_reg[6]/D
                            (rising edge-triggered cell FDPE clocked by clk_out1_risc32_clk_wiz_0_0_1  {rise@0.000ns fall@10.000ns period=20.000ns})
  Path Group:             clk_out1_risc32_clk_wiz_0_0_1
  Path Type:              Hold (Min at Fast Process Corner)
  Requirement:            0.000ns  (clk_out1_risc32_clk_wiz_0_0_1 rise@0.000ns - clk_out1_risc32_clk_wiz_0_0_1 rise@0.000ns)
  Data Path Delay:        0.442ns  (logic 0.186ns (42.056%)  route 0.256ns (57.944%))
  Logic Levels:           1  (LUT3=1)
  Clock Path Skew:        0.016ns (DCD - SCD - CPR)
    Destination Clock Delay (DCD):    -0.276ns
    Source Clock Delay      (SCD):    -0.509ns
    Clock Pessimism Removal (CPR):    0.217ns

    Location             Delay type                Incr(ns)  Path(ns)    Netlist Resource(s)
  -------------------------------------------------------------------    -------------------
                         (clock clk_out1_risc32_clk_wiz_0_0_1 rise edge)
                                                      0.000     0.000 r  
    E3                                                0.000     0.000 r  clk_in1_0 (IN)
                         net (fo=0)                   0.000     0.000    risc32_i/clk_wiz_0/inst/clk_in1
    E3                   IBUF (Prop_ibuf_I_O)         0.250     0.250 r  risc32_i/clk_wiz_0/inst/clkin1_ibufg/O
                         net (fo=1, routed)           0.440     0.690    risc32_i/clk_wiz_0/inst/clk_in1_risc32_clk_wiz_0_0
    PLLE2_ADV_X1Y2       PLLE2_ADV (Prop_plle2_adv_CLKIN1_CLKOUT0)
                                                     -2.342    -1.652 r  risc32_i/clk_wiz_0/inst/plle2_adv_inst/CLKOUT0
                         net (fo=1, routed)           0.514    -1.138    risc32_i/clk_wiz_0/inst/clk_out1_risc32_clk_wiz_0_0
    BUFGCTRL_X0Y16       BUFG (Prop_bufg_I_O)         0.026    -1.112 r  risc32_i/clk_wiz_0/inst/clkout1_buf/O
                         net (fo=38, routed)          0.603    -0.509    risc32_i/segment_0/inst/clk
    SLICE_X1Y91          FDCE                                         r  risc32_i/segment_0/inst/cnt_reg[1]/C
  -------------------------------------------------------------------    -------------------
    SLICE_X1Y91          FDCE (Prop_fdce_C_Q)         0.141    -0.368 f  risc32_i/segment_0/inst/cnt_reg[1]/Q
                         net (fo=18, routed)          0.256    -0.112    risc32_i/segment_0/inst/cnt[1]
    SLICE_X0Y90          LUT3 (Prop_lut3_I0_O)        0.045    -0.067 r  risc32_i/segment_0/inst/AN[6]_i_1/O
                         net (fo=1, routed)           0.000    -0.067    risc32_i/segment_0/inst/AN[6]_i_1_n_0
    SLICE_X0Y90          FDPE                                         r  risc32_i/segment_0/inst/AN_reg[6]/D
  -------------------------------------------------------------------    -------------------

                         (clock clk_out1_risc32_clk_wiz_0_0_1 rise edge)
                                                      0.000     0.000 r  
    E3                                                0.000     0.000 r  clk_in1_0 (IN)
                         net (fo=0)                   0.000     0.000    risc32_i/clk_wiz_0/inst/clk_in1
    E3                   IBUF (Prop_ibuf_I_O)         0.438     0.438 r  risc32_i/clk_wiz_0/inst/clkin1_ibufg/O
                         net (fo=1, routed)           0.481     0.919    risc32_i/clk_wiz_0/inst/clk_in1_risc32_clk_wiz_0_0
    PLLE2_ADV_X1Y2       PLLE2_ADV (Prop_plle2_adv_CLKIN1_CLKOUT0)
                                                     -2.659    -1.740 r  risc32_i/clk_wiz_0/inst/plle2_adv_inst/CLKOUT0
                         net (fo=1, routed)           0.560    -1.181    risc32_i/clk_wiz_0/inst/clk_out1_risc32_clk_wiz_0_0
    BUFGCTRL_X0Y16       BUFG (Prop_bufg_I_O)         0.029    -1.152 r  risc32_i/clk_wiz_0/inst/clkout1_buf/O
                         net (fo=38, routed)          0.876    -0.276    risc32_i/segment_0/inst/clk
    SLICE_X0Y90          FDPE                                         r  risc32_i/segment_0/inst/AN_reg[6]/C
                         clock pessimism             -0.217    -0.493    
    SLICE_X0Y90          FDPE (Hold_fdpe_C_D)         0.091    -0.402    risc32_i/segment_0/inst/AN_reg[6]
  -------------------------------------------------------------------
                         required time                          0.402    
                         arrival time                          -0.067    
  -------------------------------------------------------------------
                         slack                                  0.335    

Slack (MET) :             0.339ns  (arrival time - required time)
  Source:                 risc32_i/segment_0/inst/seg_num_reg[0]/C
                            (rising edge-triggered cell FDCE clocked by clk_out1_risc32_clk_wiz_0_0_1  {rise@0.000ns fall@10.000ns period=20.000ns})
  Destination:            risc32_i/segment_0/inst/seg_data_o_reg[1]/D
                            (rising edge-triggered cell FDPE clocked by clk_out1_risc32_clk_wiz_0_0_1  {rise@0.000ns fall@10.000ns period=20.000ns})
  Path Group:             clk_out1_risc32_clk_wiz_0_0_1
  Path Type:              Hold (Min at Fast Process Corner)
  Requirement:            0.000ns  (clk_out1_risc32_clk_wiz_0_0_1 rise@0.000ns - clk_out1_risc32_clk_wiz_0_0_1 rise@0.000ns)
  Data Path Delay:        0.486ns  (logic 0.184ns (37.877%)  route 0.302ns (62.123%))
  Logic Levels:           1  (LUT4=1)
  Clock Path Skew:        0.040ns (DCD - SCD - CPR)
    Destination Clock Delay (DCD):    -0.276ns
    Source Clock Delay      (SCD):    -0.510ns
    Clock Pessimism Removal (CPR):    0.194ns

    Location             Delay type                Incr(ns)  Path(ns)    Netlist Resource(s)
  -------------------------------------------------------------------    -------------------
                         (clock clk_out1_risc32_clk_wiz_0_0_1 rise edge)
                                                      0.000     0.000 r  
    E3                                                0.000     0.000 r  clk_in1_0 (IN)
                         net (fo=0)                   0.000     0.000    risc32_i/clk_wiz_0/inst/clk_in1
    E3                   IBUF (Prop_ibuf_I_O)         0.250     0.250 r  risc32_i/clk_wiz_0/inst/clkin1_ibufg/O
                         net (fo=1, routed)           0.440     0.690    risc32_i/clk_wiz_0/inst/clk_in1_risc32_clk_wiz_0_0
    PLLE2_ADV_X1Y2       PLLE2_ADV (Prop_plle2_adv_CLKIN1_CLKOUT0)
                                                     -2.342    -1.652 r  risc32_i/clk_wiz_0/inst/plle2_adv_inst/CLKOUT0
                         net (fo=1, routed)           0.514    -1.138    risc32_i/clk_wiz_0/inst/clk_out1_risc32_clk_wiz_0_0
    BUFGCTRL_X0Y16       BUFG (Prop_bufg_I_O)         0.026    -1.112 r  risc32_i/clk_wiz_0/inst/clkout1_buf/O
                         net (fo=38, routed)          0.602    -0.510    risc32_i/segment_0/inst/clk
    SLICE_X5Y92          FDCE                                         r  risc32_i/segment_0/inst/seg_num_reg[0]/C
  -------------------------------------------------------------------    -------------------
    SLICE_X5Y92          FDCE (Prop_fdce_C_Q)         0.141    -0.369 r  risc32_i/segment_0/inst/seg_num_reg[0]/Q
                         net (fo=7, routed)           0.302    -0.067    risc32_i/segment_0/inst/seg_num[0]
    SLICE_X0Y90          LUT4 (Prop_lut4_I3_O)        0.043    -0.024 r  risc32_i/segment_0/inst/seg_data_o[1]_i_1/O
                         net (fo=1, routed)           0.000    -0.024    risc32_i/segment_0/inst/seg_data_o_0[1]
    SLICE_X0Y90          FDPE                                         r  risc32_i/segment_0/inst/seg_data_o_reg[1]/D
  -------------------------------------------------------------------    -------------------

                         (clock clk_out1_risc32_clk_wiz_0_0_1 rise edge)
                                                      0.000     0.000 r  
    E3                                                0.000     0.000 r  clk_in1_0 (IN)
                         net (fo=0)                   0.000     0.000    risc32_i/clk_wiz_0/inst/clk_in1
    E3                   IBUF (Prop_ibuf_I_O)         0.438     0.438 r  risc32_i/clk_wiz_0/inst/clkin1_ibufg/O
                         net (fo=1, routed)           0.481     0.919    risc32_i/clk_wiz_0/inst/clk_in1_risc32_clk_wiz_0_0
    PLLE2_ADV_X1Y2       PLLE2_ADV (Prop_plle2_adv_CLKIN1_CLKOUT0)
                                                     -2.659    -1.740 r  risc32_i/clk_wiz_0/inst/plle2_adv_inst/CLKOUT0
                         net (fo=1, routed)           0.560    -1.181    risc32_i/clk_wiz_0/inst/clk_out1_risc32_clk_wiz_0_0
    BUFGCTRL_X0Y16       BUFG (Prop_bufg_I_O)         0.029    -1.152 r  risc32_i/clk_wiz_0/inst/clkout1_buf/O
                         net (fo=38, routed)          0.876    -0.276    risc32_i/segment_0/inst/clk
    SLICE_X0Y90          FDPE                                         r  risc32_i/segment_0/inst/seg_data_o_reg[1]/C
                         clock pessimism             -0.194    -0.470    
    SLICE_X0Y90          FDPE (Hold_fdpe_C_D)         0.107    -0.363    risc32_i/segment_0/inst/seg_data_o_reg[1]
  -------------------------------------------------------------------
                         required time                          0.363    
                         arrival time                          -0.024    
  -------------------------------------------------------------------
                         slack                                  0.339    

Slack (MET) :             0.355ns  (arrival time - required time)
  Source:                 risc32_i/segment_0/inst/cnt_reg[2]/C
                            (rising edge-triggered cell FDCE clocked by clk_out1_risc32_clk_wiz_0_0_1  {rise@0.000ns fall@10.000ns period=20.000ns})
  Destination:            risc32_i/segment_0/inst/seg_num_reg[2]/D
                            (rising edge-triggered cell FDCE clocked by clk_out1_risc32_clk_wiz_0_0_1  {rise@0.000ns fall@10.000ns period=20.000ns})
  Path Group:             clk_out1_risc32_clk_wiz_0_0_1
  Path Type:              Hold (Min at Fast Process Corner)
  Requirement:            0.000ns  (clk_out1_risc32_clk_wiz_0_0_1 rise@0.000ns - clk_out1_risc32_clk_wiz_0_0_1 rise@0.000ns)
  Data Path Delay:        0.496ns  (logic 0.275ns (55.404%)  route 0.221ns (44.596%))
  Logic Levels:           1  (MUXF7=1)
  Clock Path Skew:        0.036ns (DCD - SCD - CPR)
    Destination Clock Delay (DCD):    -0.279ns
    Source Clock Delay      (SCD):    -0.509ns
    Clock Pessimism Removal (CPR):    0.194ns

    Location             Delay type                Incr(ns)  Path(ns)    Netlist Resource(s)
  -------------------------------------------------------------------    -------------------
                         (clock clk_out1_risc32_clk_wiz_0_0_1 rise edge)
                                                      0.000     0.000 r  
    E3                                                0.000     0.000 r  clk_in1_0 (IN)
                         net (fo=0)                   0.000     0.000    risc32_i/clk_wiz_0/inst/clk_in1
    E3                   IBUF (Prop_ibuf_I_O)         0.250     0.250 r  risc32_i/clk_wiz_0/inst/clkin1_ibufg/O
                         net (fo=1, routed)           0.440     0.690    risc32_i/clk_wiz_0/inst/clk_in1_risc32_clk_wiz_0_0
    PLLE2_ADV_X1Y2       PLLE2_ADV (Prop_plle2_adv_CLKIN1_CLKOUT0)
                                                     -2.342    -1.652 r  risc32_i/clk_wiz_0/inst/plle2_adv_inst/CLKOUT0
                         net (fo=1, routed)           0.514    -1.138    risc32_i/clk_wiz_0/inst/clk_out1_risc32_clk_wiz_0_0
    BUFGCTRL_X0Y16       BUFG (Prop_bufg_I_O)         0.026    -1.112 r  risc32_i/clk_wiz_0/inst/clkout1_buf/O
                         net (fo=38, routed)          0.603    -0.509    risc32_i/segment_0/inst/clk
    SLICE_X1Y91          FDCE                                         r  risc32_i/segment_0/inst/cnt_reg[2]/C
  -------------------------------------------------------------------    -------------------
    SLICE_X1Y91          FDCE (Prop_fdce_C_Q)         0.128    -0.381 r  risc32_i/segment_0/inst/cnt_reg[2]/Q
                         net (fo=13, routed)          0.221    -0.160    risc32_i/segment_0/inst/cnt[2]
    SLICE_X5Y92          MUXF7 (Prop_muxf7_S_O)       0.147    -0.013 r  risc32_i/segment_0/inst/seg_num_reg[2]_i_1/O
                         net (fo=1, routed)           0.000    -0.013    risc32_i/segment_0/inst/seg_num_2[2]
    SLICE_X5Y92          FDCE                                         r  risc32_i/segment_0/inst/seg_num_reg[2]/D
  -------------------------------------------------------------------    -------------------

                         (clock clk_out1_risc32_clk_wiz_0_0_1 rise edge)
                                                      0.000     0.000 r  
    E3                                                0.000     0.000 r  clk_in1_0 (IN)
                         net (fo=0)                   0.000     0.000    risc32_i/clk_wiz_0/inst/clk_in1
    E3                   IBUF (Prop_ibuf_I_O)         0.438     0.438 r  risc32_i/clk_wiz_0/inst/clkin1_ibufg/O
                         net (fo=1, routed)           0.481     0.919    risc32_i/clk_wiz_0/inst/clk_in1_risc32_clk_wiz_0_0
    PLLE2_ADV_X1Y2       PLLE2_ADV (Prop_plle2_adv_CLKIN1_CLKOUT0)
                                                     -2.659    -1.740 r  risc32_i/clk_wiz_0/inst/plle2_adv_inst/CLKOUT0
                         net (fo=1, routed)           0.560    -1.181    risc32_i/clk_wiz_0/inst/clk_out1_risc32_clk_wiz_0_0
    BUFGCTRL_X0Y16       BUFG (Prop_bufg_I_O)         0.029    -1.152 r  risc32_i/clk_wiz_0/inst/clkout1_buf/O
                         net (fo=38, routed)          0.873    -0.279    risc32_i/segment_0/inst/clk
    SLICE_X5Y92          FDCE                                         r  risc32_i/segment_0/inst/seg_num_reg[2]/C
                         clock pessimism             -0.194    -0.473    
    SLICE_X5Y92          FDCE (Hold_fdce_C_D)         0.105    -0.368    risc32_i/segment_0/inst/seg_num_reg[2]
  -------------------------------------------------------------------
                         required time                          0.368    
                         arrival time                          -0.013    
  -------------------------------------------------------------------
                         slack                                  0.355    





Pulse Width Checks
--------------------------------------------------------------------------------------
Clock Name:         clk_out1_risc32_clk_wiz_0_0_1
Waveform(ns):       { 0.000 10.000 }
Period(ns):         20.000
Sources:            { risc32_i/clk_wiz_0/inst/plle2_adv_inst/CLKOUT0 }

Check Type        Corner  Lib Pin            Reference Pin  Required(ns)  Actual(ns)  Slack(ns)  Location        Pin
Min Period        n/a     BUFG/I             n/a            2.155         20.000      17.845     BUFGCTRL_X0Y16  risc32_i/clk_wiz_0/inst/clkout1_buf/I
Min Period        n/a     PLLE2_ADV/CLKOUT0  n/a            1.249         20.000      18.751     PLLE2_ADV_X1Y2  risc32_i/clk_wiz_0/inst/plle2_adv_inst/CLKOUT0
Min Period        n/a     FDPE/C             n/a            1.000         20.000      19.000     SLICE_X1Y94     risc32_i/segment_0/inst/AN_reg[0]/C
Min Period        n/a     FDPE/C             n/a            1.000         20.000      19.000     SLICE_X1Y94     risc32_i/segment_0/inst/AN_reg[1]/C
Min Period        n/a     FDPE/C             n/a            1.000         20.000      19.000     SLICE_X3Y93     risc32_i/segment_0/inst/AN_reg[2]/C
Min Period        n/a     FDPE/C             n/a            1.000         20.000      19.000     SLICE_X3Y93     risc32_i/segment_0/inst/AN_reg[3]/C
Min Period        n/a     FDPE/C             n/a            1.000         20.000      19.000     SLICE_X0Y89     risc32_i/segment_0/inst/AN_reg[4]/C
Min Period        n/a     FDPE/C             n/a            1.000         20.000      19.000     SLICE_X0Y89     risc32_i/segment_0/inst/AN_reg[5]/C
Min Period        n/a     FDPE/C             n/a            1.000         20.000      19.000     SLICE_X0Y90     risc32_i/segment_0/inst/AN_reg[6]/C
Min Period        n/a     FDPE/C             n/a            1.000         20.000      19.000     SLICE_X0Y90     risc32_i/segment_0/inst/AN_reg[7]/C
Max Period        n/a     PLLE2_ADV/CLKOUT0  n/a            160.000       20.000      140.000    PLLE2_ADV_X1Y2  risc32_i/clk_wiz_0/inst/plle2_adv_inst/CLKOUT0
Low Pulse Width   Slow    FDPE/C             n/a            0.500         10.000      9.500      SLICE_X1Y94     risc32_i/segment_0/inst/AN_reg[0]/C
Low Pulse Width   Fast    FDPE/C             n/a            0.500         10.000      9.500      SLICE_X1Y94     risc32_i/segment_0/inst/AN_reg[0]/C
Low Pulse Width   Slow    FDPE/C             n/a            0.500         10.000      9.500      SLICE_X1Y94     risc32_i/segment_0/inst/AN_reg[1]/C
Low Pulse Width   Fast    FDPE/C             n/a            0.500         10.000      9.500      SLICE_X1Y94     risc32_i/segment_0/inst/AN_reg[1]/C
Low Pulse Width   Slow    FDPE/C             n/a            0.500         10.000      9.500      SLICE_X3Y93     risc32_i/segment_0/inst/AN_reg[2]/C
Low Pulse Width   Fast    FDPE/C             n/a            0.500         10.000      9.500      SLICE_X3Y93     risc32_i/segment_0/inst/AN_reg[2]/C
Low Pulse Width   Slow    FDPE/C             n/a            0.500         10.000      9.500      SLICE_X3Y93     risc32_i/segment_0/inst/AN_reg[3]/C
Low Pulse Width   Fast    FDPE/C             n/a            0.500         10.000      9.500      SLICE_X3Y93     risc32_i/segment_0/inst/AN_reg[3]/C
Low Pulse Width   Slow    FDPE/C             n/a            0.500         10.000      9.500      SLICE_X0Y89     risc32_i/segment_0/inst/AN_reg[4]/C
Low Pulse Width   Fast    FDPE/C             n/a            0.500         10.000      9.500      SLICE_X0Y89     risc32_i/segment_0/inst/AN_reg[4]/C
High Pulse Width  Slow    FDPE/C             n/a            0.500         10.000      9.500      SLICE_X1Y94     risc32_i/segment_0/inst/AN_reg[0]/C
High Pulse Width  Fast    FDPE/C             n/a            0.500         10.000      9.500      SLICE_X1Y94     risc32_i/segment_0/inst/AN_reg[0]/C
High Pulse Width  Slow    FDPE/C             n/a            0.500         10.000      9.500      SLICE_X1Y94     risc32_i/segment_0/inst/AN_reg[1]/C
High Pulse Width  Fast    FDPE/C             n/a            0.500         10.000      9.500      SLICE_X1Y94     risc32_i/segment_0/inst/AN_reg[1]/C
High Pulse Width  Slow    FDPE/C             n/a            0.500         10.000      9.500      SLICE_X3Y93     risc32_i/segment_0/inst/AN_reg[2]/C
High Pulse Width  Fast    FDPE/C             n/a            0.500         10.000      9.500      SLICE_X3Y93     risc32_i/segment_0/inst/AN_reg[2]/C
High Pulse Width  Slow    FDPE/C             n/a            0.500         10.000      9.500      SLICE_X3Y93     risc32_i/segment_0/inst/AN_reg[3]/C
High Pulse Width  Fast    FDPE/C             n/a            0.500         10.000      9.500      SLICE_X3Y93     risc32_i/segment_0/inst/AN_reg[3]/C
High Pulse Width  Slow    FDPE/C             n/a            0.500         10.000      9.500      SLICE_X0Y89     risc32_i/segment_0/inst/AN_reg[4]/C
High Pulse Width  Fast    FDPE/C             n/a            0.500         10.000      9.500      SLICE_X0Y89     risc32_i/segment_0/inst/AN_reg[4]/C



---------------------------------------------------------------------------------------------------
From Clock:  clkfbout_risc32_clk_wiz_0_0_1
  To Clock:  clkfbout_risc32_clk_wiz_0_0_1

Setup :           NA  Failing Endpoints,  Worst Slack           NA  ,  Total Violation           NA
Hold  :           NA  Failing Endpoints,  Worst Slack           NA  ,  Total Violation           NA
PW    :            0  Failing Endpoints,  Worst Slack       17.845ns,  Total Violation        0.000ns
---------------------------------------------------------------------------------------------------


Pulse Width Checks
--------------------------------------------------------------------------------------
Clock Name:         clkfbout_risc32_clk_wiz_0_0_1
Waveform(ns):       { 0.000 10.000 }
Period(ns):         20.000
Sources:            { risc32_i/clk_wiz_0/inst/plle2_adv_inst/CLKFBOUT }

Check Type  Corner  Lib Pin             Reference Pin  Required(ns)  Actual(ns)  Slack(ns)  Location        Pin
Min Period  n/a     BUFG/I              n/a            2.155         20.000      17.845     BUFGCTRL_X0Y17  risc32_i/clk_wiz_0/inst/clkf_buf/I
Min Period  n/a     PLLE2_ADV/CLKFBOUT  n/a            1.249         20.000      18.751     PLLE2_ADV_X1Y2  risc32_i/clk_wiz_0/inst/plle2_adv_inst/CLKFBOUT
Min Period  n/a     PLLE2_ADV/CLKFBIN   n/a            1.249         20.000      18.751     PLLE2_ADV_X1Y2  risc32_i/clk_wiz_0/inst/plle2_adv_inst/CLKFBIN
Max Period  n/a     PLLE2_ADV/CLKFBIN   n/a            52.633        20.000      32.633     PLLE2_ADV_X1Y2  risc32_i/clk_wiz_0/inst/plle2_adv_inst/CLKFBIN
Max Period  n/a     PLLE2_ADV/CLKFBOUT  n/a            160.000       20.000      140.000    PLLE2_ADV_X1Y2  risc32_i/clk_wiz_0/inst/plle2_adv_inst/CLKFBOUT



---------------------------------------------------------------------------------------------------
From Clock:  clk_out1_risc32_clk_wiz_0_0_1
  To Clock:  clk_out1_risc32_clk_wiz_0_0

Setup :            0  Failing Endpoints,  Worst Slack       16.149ns,  Total Violation        0.000ns
Hold  :            0  Failing Endpoints,  Worst Slack        0.092ns,  Total Violation        0.000ns
---------------------------------------------------------------------------------------------------


Max Delay Paths
--------------------------------------------------------------------------------------
Slack (MET) :             16.149ns  (required time - arrival time)
  Source:                 risc32_i/segment_0/inst/cnt_ms_reg[1]/C
                            (rising edge-triggered cell FDCE clocked by clk_out1_risc32_clk_wiz_0_0_1  {rise@0.000ns fall@10.000ns period=20.000ns})
  Destination:            risc32_i/segment_0/inst/cnt_ms_reg[13]/D
                            (rising edge-triggered cell FDCE clocked by clk_out1_risc32_clk_wiz_0_0  {rise@0.000ns fall@10.000ns period=20.000ns})
  Path Group:             clk_out1_risc32_clk_wiz_0_0
  Path Type:              Setup (Max at Slow Process Corner)
  Requirement:            20.000ns  (clk_out1_risc32_clk_wiz_0_0 rise@20.000ns - clk_out1_risc32_clk_wiz_0_0_1 rise@0.000ns)
  Data Path Delay:        3.795ns  (logic 1.889ns (49.779%)  route 1.906ns (50.221%))
  Logic Levels:           5  (CARRY4=4 LUT2=1)
  Clock Path Skew:        -0.024ns (DCD - SCD + CPR)
    Destination Clock Delay (DCD):    -1.933ns = ( 18.067 - 20.000 ) 
    Source Clock Delay      (SCD):    -2.323ns
    Clock Pessimism Removal (CPR):    -0.414ns
  Clock Uncertainty:      0.108ns  ((TSJ^2 + DJ^2)^1/2) / 2 + PE
    Total System Jitter     (TSJ):    0.071ns
    Discrete Jitter          (DJ):    0.203ns
    Phase Error              (PE):    0.000ns
  Clock Domain Crossing:  Inter clock paths are considered valid unless explicitly excluded by timing constraints such as set_clock_groups or set_false_path.

    Location             Delay type                Incr(ns)  Path(ns)    Netlist Resource(s)
  -------------------------------------------------------------------    -------------------
                         (clock clk_out1_risc32_clk_wiz_0_0_1 rise edge)
                                                      0.000     0.000 r  
    E3                                                0.000     0.000 r  clk_in1_0 (IN)
                         net (fo=0)                   0.000     0.000    risc32_i/clk_wiz_0/inst/clk_in1
    E3                   IBUF (Prop_ibuf_I_O)         1.482     1.482 r  risc32_i/clk_wiz_0/inst/clkin1_ibufg/O
                         net (fo=1, routed)           1.253     2.735    risc32_i/clk_wiz_0/inst/clk_in1_risc32_clk_wiz_0_0
    PLLE2_ADV_X1Y2       PLLE2_ADV (Prop_plle2_adv_CLKIN1_CLKOUT0)
                                                     -8.591    -5.856 r  risc32_i/clk_wiz_0/inst/plle2_adv_inst/CLKOUT0
                         net (fo=1, routed)           1.713    -4.143    risc32_i/clk_wiz_0/inst/clk_out1_risc32_clk_wiz_0_0
    BUFGCTRL_X0Y16       BUFG (Prop_bufg_I_O)         0.096    -4.047 r  risc32_i/clk_wiz_0/inst/clkout1_buf/O
                         net (fo=38, routed)          1.724    -2.323    risc32_i/segment_0/inst/clk
    SLICE_X1Y91          FDCE                                         r  risc32_i/segment_0/inst/cnt_ms_reg[1]/C
  -------------------------------------------------------------------    -------------------
    SLICE_X1Y91          FDCE (Prop_fdce_C_Q)         0.456    -1.867 r  risc32_i/segment_0/inst/cnt_ms_reg[1]/Q
                         net (fo=2, routed)           1.046    -0.821    risc32_i/segment_0/inst/cnt_ms[1]
    SLICE_X0Y91          CARRY4 (Prop_carry4_S[0]_CO[3])
                                                      0.656    -0.165 r  risc32_i/segment_0/inst/cnt_ms0_carry/CO[3]
                         net (fo=1, routed)           0.000    -0.165    risc32_i/segment_0/inst/cnt_ms0_carry_n_0
    SLICE_X0Y92          CARRY4 (Prop_carry4_CI_CO[3])
                                                      0.114    -0.051 r  risc32_i/segment_0/inst/cnt_ms0_carry__0/CO[3]
                         net (fo=1, routed)           0.000    -0.051    risc32_i/segment_0/inst/cnt_ms0_carry__0_n_0
    SLICE_X0Y93          CARRY4 (Prop_carry4_CI_CO[3])
                                                      0.114     0.063 r  risc32_i/segment_0/inst/cnt_ms0_carry__1/CO[3]
                         net (fo=1, routed)           0.000     0.063    risc32_i/segment_0/inst/cnt_ms0_carry__1_n_0
    SLICE_X0Y94          CARRY4 (Prop_carry4_CI_O[0])
                                                      0.222     0.285 r  risc32_i/segment_0/inst/cnt_ms0_carry__2/O[0]
                         net (fo=1, routed)           0.860     1.145    risc32_i/segment_0/inst/data0[13]
    SLICE_X1Y94          LUT2 (Prop_lut2_I1_O)        0.327     1.472 r  risc32_i/segment_0/inst/cnt_ms[13]_i_1/O
                         net (fo=1, routed)           0.000     1.472    risc32_i/segment_0/inst/cnt_ms_1[13]
    SLICE_X1Y94          FDCE                                         r  risc32_i/segment_0/inst/cnt_ms_reg[13]/D
  -------------------------------------------------------------------    -------------------

                         (clock clk_out1_risc32_clk_wiz_0_0 rise edge)
                                                     20.000    20.000 r  
    E3                                                0.000    20.000 r  clk_in1_0 (IN)
                         net (fo=0)                   0.000    20.000    risc32_i/clk_wiz_0/inst/clk_in1
    E3                   IBUF (Prop_ibuf_I_O)         1.411    21.411 r  risc32_i/clk_wiz_0/inst/clkin1_ibufg/O
                         net (fo=1, routed)           1.181    22.592    risc32_i/clk_wiz_0/inst/clk_in1_risc32_clk_wiz_0_0
    PLLE2_ADV_X1Y2       PLLE2_ADV (Prop_plle2_adv_CLKIN1_CLKOUT0)
                                                     -7.856    14.736 r  risc32_i/clk_wiz_0/inst/plle2_adv_inst/CLKOUT0
                         net (fo=1, routed)           1.634    16.370    risc32_i/clk_wiz_0/inst/clk_out1_risc32_clk_wiz_0_0
    BUFGCTRL_X0Y16       BUFG (Prop_bufg_I_O)         0.091    16.461 r  risc32_i/clk_wiz_0/inst/clkout1_buf/O
                         net (fo=38, routed)          1.605    18.067    risc32_i/segment_0/inst/clk
    SLICE_X1Y94          FDCE                                         r  risc32_i/segment_0/inst/cnt_ms_reg[13]/C
                         clock pessimism             -0.414    17.653    
                         clock uncertainty           -0.108    17.546    
    SLICE_X1Y94          FDCE (Setup_fdce_C_D)        0.075    17.621    risc32_i/segment_0/inst/cnt_ms_reg[13]
  -------------------------------------------------------------------
                         required time                         17.621    
                         arrival time                          -1.472    
  -------------------------------------------------------------------
                         slack                                 16.149    

Slack (MET) :             16.191ns  (required time - arrival time)
  Source:                 risc32_i/segment_0/inst/cnt_ms_reg[5]/C
                            (rising edge-triggered cell FDCE clocked by clk_out1_risc32_clk_wiz_0_0_1  {rise@0.000ns fall@10.000ns period=20.000ns})
  Destination:            risc32_i/segment_0/inst/cnt_reg[1]/D
                            (rising edge-triggered cell FDCE clocked by clk_out1_risc32_clk_wiz_0_0  {rise@0.000ns fall@10.000ns period=20.000ns})
  Path Group:             clk_out1_risc32_clk_wiz_0_0
  Path Type:              Setup (Max at Slow Process Corner)
  Requirement:            20.000ns  (clk_out1_risc32_clk_wiz_0_0 rise@20.000ns - clk_out1_risc32_clk_wiz_0_0_1 rise@0.000ns)
  Data Path Delay:        3.705ns  (logic 0.966ns (26.071%)  route 2.739ns (73.929%))
  Logic Levels:           3  (LUT3=1 LUT4=2)
  Clock Path Skew:        -0.025ns (DCD - SCD + CPR)
    Destination Clock Delay (DCD):    -1.934ns = ( 18.066 - 20.000 ) 
    Source Clock Delay      (SCD):    -2.323ns
    Clock Pessimism Removal (CPR):    -0.414ns
  Clock Uncertainty:      0.108ns  ((TSJ^2 + DJ^2)^1/2) / 2 + PE
    Total System Jitter     (TSJ):    0.071ns
    Discrete Jitter          (DJ):    0.203ns
    Phase Error              (PE):    0.000ns
  Clock Domain Crossing:  Inter clock paths are considered valid unless explicitly excluded by timing constraints such as set_clock_groups or set_false_path.

    Location             Delay type                Incr(ns)  Path(ns)    Netlist Resource(s)
  -------------------------------------------------------------------    -------------------
                         (clock clk_out1_risc32_clk_wiz_0_0_1 rise edge)
                                                      0.000     0.000 r  
    E3                                                0.000     0.000 r  clk_in1_0 (IN)
                         net (fo=0)                   0.000     0.000    risc32_i/clk_wiz_0/inst/clk_in1
    E3                   IBUF (Prop_ibuf_I_O)         1.482     1.482 r  risc32_i/clk_wiz_0/inst/clkin1_ibufg/O
                         net (fo=1, routed)           1.253     2.735    risc32_i/clk_wiz_0/inst/clk_in1_risc32_clk_wiz_0_0
    PLLE2_ADV_X1Y2       PLLE2_ADV (Prop_plle2_adv_CLKIN1_CLKOUT0)
                                                     -8.591    -5.856 r  risc32_i/clk_wiz_0/inst/plle2_adv_inst/CLKOUT0
                         net (fo=1, routed)           1.713    -4.143    risc32_i/clk_wiz_0/inst/clk_out1_risc32_clk_wiz_0_0
    BUFGCTRL_X0Y16       BUFG (Prop_bufg_I_O)         0.096    -4.047 r  risc32_i/clk_wiz_0/inst/clkout1_buf/O
                         net (fo=38, routed)          1.724    -2.323    risc32_i/segment_0/inst/clk
    SLICE_X1Y92          FDCE                                         r  risc32_i/segment_0/inst/cnt_ms_reg[5]/C
  -------------------------------------------------------------------    -------------------
    SLICE_X1Y92          FDCE (Prop_fdce_C_Q)         0.419    -1.904 r  risc32_i/segment_0/inst/cnt_ms_reg[5]/Q
                         net (fo=2, routed)           1.105    -0.799    risc32_i/segment_0/inst/cnt_ms[5]
    SLICE_X1Y92          LUT4 (Prop_lut4_I0_O)        0.299    -0.500 r  risc32_i/segment_0/inst/cnt_ms[15]_i_3/O
                         net (fo=1, routed)           0.797     0.297    risc32_i/segment_0/inst/cnt_ms[15]_i_3_n_0
    SLICE_X1Y93          LUT4 (Prop_lut4_I0_O)        0.124     0.421 r  risc32_i/segment_0/inst/cnt_ms[15]_i_2/O
                         net (fo=18, routed)          0.837     1.259    risc32_i/segment_0/inst/cnt_ms[15]_i_2_n_0
    SLICE_X1Y91          LUT3 (Prop_lut3_I1_O)        0.124     1.383 r  risc32_i/segment_0/inst/cnt[1]_i_1/O
                         net (fo=1, routed)           0.000     1.383    risc32_i/segment_0/inst/cnt[1]_i_1_n_0
    SLICE_X1Y91          FDCE                                         r  risc32_i/segment_0/inst/cnt_reg[1]/D
  -------------------------------------------------------------------    -------------------

                         (clock clk_out1_risc32_clk_wiz_0_0 rise edge)
                                                     20.000    20.000 r  
    E3                                                0.000    20.000 r  clk_in1_0 (IN)
                         net (fo=0)                   0.000    20.000    risc32_i/clk_wiz_0/inst/clk_in1
    E3                   IBUF (Prop_ibuf_I_O)         1.411    21.411 r  risc32_i/clk_wiz_0/inst/clkin1_ibufg/O
                         net (fo=1, routed)           1.181    22.592    risc32_i/clk_wiz_0/inst/clk_in1_risc32_clk_wiz_0_0
    PLLE2_ADV_X1Y2       PLLE2_ADV (Prop_plle2_adv_CLKIN1_CLKOUT0)
                                                     -7.856    14.736 r  risc32_i/clk_wiz_0/inst/plle2_adv_inst/CLKOUT0
                         net (fo=1, routed)           1.634    16.370    risc32_i/clk_wiz_0/inst/clk_out1_risc32_clk_wiz_0_0
    BUFGCTRL_X0Y16       BUFG (Prop_bufg_I_O)         0.091    16.461 r  risc32_i/clk_wiz_0/inst/clkout1_buf/O
                         net (fo=38, routed)          1.604    18.066    risc32_i/segment_0/inst/clk
    SLICE_X1Y91          FDCE                                         r  risc32_i/segment_0/inst/cnt_reg[1]/C
                         clock pessimism             -0.414    17.652    
                         clock uncertainty           -0.108    17.545    
    SLICE_X1Y91          FDCE (Setup_fdce_C_D)        0.029    17.574    risc32_i/segment_0/inst/cnt_reg[1]
  -------------------------------------------------------------------
                         required time                         17.574    
                         arrival time                          -1.383    
  -------------------------------------------------------------------
                         slack                                 16.191    

Slack (MET) :             16.205ns  (required time - arrival time)
  Source:                 risc32_i/segment_0/inst/cnt_ms_reg[1]/C
                            (rising edge-triggered cell FDCE clocked by clk_out1_risc32_clk_wiz_0_0_1  {rise@0.000ns fall@10.000ns period=20.000ns})
  Destination:            risc32_i/segment_0/inst/cnt_ms_reg[12]/D
                            (rising edge-triggered cell FDCE clocked by clk_out1_risc32_clk_wiz_0_0  {rise@0.000ns fall@10.000ns period=20.000ns})
  Path Group:             clk_out1_risc32_clk_wiz_0_0
  Path Type:              Setup (Max at Slow Process Corner)
  Requirement:            20.000ns  (clk_out1_risc32_clk_wiz_0_0 rise@20.000ns - clk_out1_risc32_clk_wiz_0_0_1 rise@0.000ns)
  Data Path Delay:        3.694ns  (logic 1.845ns (49.942%)  route 1.849ns (50.058%))
  Logic Levels:           4  (CARRY4=3 LUT2=1)
  Clock Path Skew:        -0.024ns (DCD - SCD + CPR)
    Destination Clock Delay (DCD):    -1.933ns = ( 18.067 - 20.000 ) 
    Source Clock Delay      (SCD):    -2.323ns
    Clock Pessimism Removal (CPR):    -0.414ns
  Clock Uncertainty:      0.108ns  ((TSJ^2 + DJ^2)^1/2) / 2 + PE
    Total System Jitter     (TSJ):    0.071ns
    Discrete Jitter          (DJ):    0.203ns
    Phase Error              (PE):    0.000ns
  Clock Domain Crossing:  Inter clock paths are considered valid unless explicitly excluded by timing constraints such as set_clock_groups or set_false_path.

    Location             Delay type                Incr(ns)  Path(ns)    Netlist Resource(s)
  -------------------------------------------------------------------    -------------------
                         (clock clk_out1_risc32_clk_wiz_0_0_1 rise edge)
                                                      0.000     0.000 r  
    E3                                                0.000     0.000 r  clk_in1_0 (IN)
                         net (fo=0)                   0.000     0.000    risc32_i/clk_wiz_0/inst/clk_in1
    E3                   IBUF (Prop_ibuf_I_O)         1.482     1.482 r  risc32_i/clk_wiz_0/inst/clkin1_ibufg/O
                         net (fo=1, routed)           1.253     2.735    risc32_i/clk_wiz_0/inst/clk_in1_risc32_clk_wiz_0_0
    PLLE2_ADV_X1Y2       PLLE2_ADV (Prop_plle2_adv_CLKIN1_CLKOUT0)
                                                     -8.591    -5.856 r  risc32_i/clk_wiz_0/inst/plle2_adv_inst/CLKOUT0
                         net (fo=1, routed)           1.713    -4.143    risc32_i/clk_wiz_0/inst/clk_out1_risc32_clk_wiz_0_0
    BUFGCTRL_X0Y16       BUFG (Prop_bufg_I_O)         0.096    -4.047 r  risc32_i/clk_wiz_0/inst/clkout1_buf/O
                         net (fo=38, routed)          1.724    -2.323    risc32_i/segment_0/inst/clk
    SLICE_X1Y91          FDCE                                         r  risc32_i/segment_0/inst/cnt_ms_reg[1]/C
  -------------------------------------------------------------------    -------------------
    SLICE_X1Y91          FDCE (Prop_fdce_C_Q)         0.456    -1.867 r  risc32_i/segment_0/inst/cnt_ms_reg[1]/Q
                         net (fo=2, routed)           1.046    -0.821    risc32_i/segment_0/inst/cnt_ms[1]
    SLICE_X0Y91          CARRY4 (Prop_carry4_S[0]_CO[3])
                                                      0.656    -0.165 r  risc32_i/segment_0/inst/cnt_ms0_carry/CO[3]
                         net (fo=1, routed)           0.000    -0.165    risc32_i/segment_0/inst/cnt_ms0_carry_n_0
    SLICE_X0Y92          CARRY4 (Prop_carry4_CI_CO[3])
                                                      0.114    -0.051 r  risc32_i/segment_0/inst/cnt_ms0_carry__0/CO[3]
                         net (fo=1, routed)           0.000    -0.051    risc32_i/segment_0/inst/cnt_ms0_carry__0_n_0
    SLICE_X0Y93          CARRY4 (Prop_carry4_CI_O[3])
                                                      0.313     0.262 r  risc32_i/segment_0/inst/cnt_ms0_carry__1/O[3]
                         net (fo=1, routed)           0.803     1.066    risc32_i/segment_0/inst/data0[12]
    SLICE_X1Y94          LUT2 (Prop_lut2_I1_O)        0.306     1.372 r  risc32_i/segment_0/inst/cnt_ms[12]_i_1/O
                         net (fo=1, routed)           0.000     1.372    risc32_i/segment_0/inst/cnt_ms_1[12]
    SLICE_X1Y94          FDCE                                         r  risc32_i/segment_0/inst/cnt_ms_reg[12]/D
  -------------------------------------------------------------------    -------------------

                         (clock clk_out1_risc32_clk_wiz_0_0 rise edge)
                                                     20.000    20.000 r  
    E3                                                0.000    20.000 r  clk_in1_0 (IN)
                         net (fo=0)                   0.000    20.000    risc32_i/clk_wiz_0/inst/clk_in1
    E3                   IBUF (Prop_ibuf_I_O)         1.411    21.411 r  risc32_i/clk_wiz_0/inst/clkin1_ibufg/O
                         net (fo=1, routed)           1.181    22.592    risc32_i/clk_wiz_0/inst/clk_in1_risc32_clk_wiz_0_0
    PLLE2_ADV_X1Y2       PLLE2_ADV (Prop_plle2_adv_CLKIN1_CLKOUT0)
                                                     -7.856    14.736 r  risc32_i/clk_wiz_0/inst/plle2_adv_inst/CLKOUT0
                         net (fo=1, routed)           1.634    16.370    risc32_i/clk_wiz_0/inst/clk_out1_risc32_clk_wiz_0_0
    BUFGCTRL_X0Y16       BUFG (Prop_bufg_I_O)         0.091    16.461 r  risc32_i/clk_wiz_0/inst/clkout1_buf/O
                         net (fo=38, routed)          1.605    18.067    risc32_i/segment_0/inst/clk
    SLICE_X1Y94          FDCE                                         r  risc32_i/segment_0/inst/cnt_ms_reg[12]/C
                         clock pessimism             -0.414    17.653    
                         clock uncertainty           -0.108    17.546    
    SLICE_X1Y94          FDCE (Setup_fdce_C_D)        0.031    17.577    risc32_i/segment_0/inst/cnt_ms_reg[12]
  -------------------------------------------------------------------
                         required time                         17.577    
                         arrival time                          -1.372    
  -------------------------------------------------------------------
                         slack                                 16.205    

Slack (MET) :             16.209ns  (required time - arrival time)
  Source:                 risc32_i/segment_0/inst/cnt_ms_reg[5]/C
                            (rising edge-triggered cell FDCE clocked by clk_out1_risc32_clk_wiz_0_0_1  {rise@0.000ns fall@10.000ns period=20.000ns})
  Destination:            risc32_i/segment_0/inst/cnt_reg[2]/D
                            (rising edge-triggered cell FDCE clocked by clk_out1_risc32_clk_wiz_0_0  {rise@0.000ns fall@10.000ns period=20.000ns})
  Path Group:             clk_out1_risc32_clk_wiz_0_0
  Path Type:              Setup (Max at Slow Process Corner)
  Requirement:            20.000ns  (clk_out1_risc32_clk_wiz_0_0 rise@20.000ns - clk_out1_risc32_clk_wiz_0_0_1 rise@0.000ns)
  Data Path Delay:        3.733ns  (logic 0.994ns (26.625%)  route 2.739ns (73.375%))
  Logic Levels:           3  (LUT4=3)
  Clock Path Skew:        -0.025ns (DCD - SCD + CPR)
    Destination Clock Delay (DCD):    -1.934ns = ( 18.066 - 20.000 ) 
    Source Clock Delay      (SCD):    -2.323ns
    Clock Pessimism Removal (CPR):    -0.414ns
  Clock Uncertainty:      0.108ns  ((TSJ^2 + DJ^2)^1/2) / 2 + PE
    Total System Jitter     (TSJ):    0.071ns
    Discrete Jitter          (DJ):    0.203ns
    Phase Error              (PE):    0.000ns
  Clock Domain Crossing:  Inter clock paths are considered valid unless explicitly excluded by timing constraints such as set_clock_groups or set_false_path.

    Location             Delay type                Incr(ns)  Path(ns)    Netlist Resource(s)
  -------------------------------------------------------------------    -------------------
                         (clock clk_out1_risc32_clk_wiz_0_0_1 rise edge)
                                                      0.000     0.000 r  
    E3                                                0.000     0.000 r  clk_in1_0 (IN)
                         net (fo=0)                   0.000     0.000    risc32_i/clk_wiz_0/inst/clk_in1
    E3                   IBUF (Prop_ibuf_I_O)         1.482     1.482 r  risc32_i/clk_wiz_0/inst/clkin1_ibufg/O
                         net (fo=1, routed)           1.253     2.735    risc32_i/clk_wiz_0/inst/clk_in1_risc32_clk_wiz_0_0
    PLLE2_ADV_X1Y2       PLLE2_ADV (Prop_plle2_adv_CLKIN1_CLKOUT0)
                                                     -8.591    -5.856 r  risc32_i/clk_wiz_0/inst/plle2_adv_inst/CLKOUT0
                         net (fo=1, routed)           1.713    -4.143    risc32_i/clk_wiz_0/inst/clk_out1_risc32_clk_wiz_0_0
    BUFGCTRL_X0Y16       BUFG (Prop_bufg_I_O)         0.096    -4.047 r  risc32_i/clk_wiz_0/inst/clkout1_buf/O
                         net (fo=38, routed)          1.724    -2.323    risc32_i/segment_0/inst/clk
    SLICE_X1Y92          FDCE                                         r  risc32_i/segment_0/inst/cnt_ms_reg[5]/C
  -------------------------------------------------------------------    -------------------
    SLICE_X1Y92          FDCE (Prop_fdce_C_Q)         0.419    -1.904 r  risc32_i/segment_0/inst/cnt_ms_reg[5]/Q
                         net (fo=2, routed)           1.105    -0.799    risc32_i/segment_0/inst/cnt_ms[5]
    SLICE_X1Y92          LUT4 (Prop_lut4_I0_O)        0.299    -0.500 r  risc32_i/segment_0/inst/cnt_ms[15]_i_3/O
                         net (fo=1, routed)           0.797     0.297    risc32_i/segment_0/inst/cnt_ms[15]_i_3_n_0
    SLICE_X1Y93          LUT4 (Prop_lut4_I0_O)        0.124     0.421 r  risc32_i/segment_0/inst/cnt_ms[15]_i_2/O
                         net (fo=18, routed)          0.837     1.259    risc32_i/segment_0/inst/cnt_ms[15]_i_2_n_0
    SLICE_X1Y91          LUT4 (Prop_lut4_I2_O)        0.152     1.411 r  risc32_i/segment_0/inst/cnt[2]_i_1/O
                         net (fo=1, routed)           0.000     1.411    risc32_i/segment_0/inst/cnt[2]_i_1_n_0
    SLICE_X1Y91          FDCE                                         r  risc32_i/segment_0/inst/cnt_reg[2]/D
  -------------------------------------------------------------------    -------------------

                         (clock clk_out1_risc32_clk_wiz_0_0 rise edge)
                                                     20.000    20.000 r  
    E3                                                0.000    20.000 r  clk_in1_0 (IN)
                         net (fo=0)                   0.000    20.000    risc32_i/clk_wiz_0/inst/clk_in1
    E3                   IBUF (Prop_ibuf_I_O)         1.411    21.411 r  risc32_i/clk_wiz_0/inst/clkin1_ibufg/O
                         net (fo=1, routed)           1.181    22.592    risc32_i/clk_wiz_0/inst/clk_in1_risc32_clk_wiz_0_0
    PLLE2_ADV_X1Y2       PLLE2_ADV (Prop_plle2_adv_CLKIN1_CLKOUT0)
                                                     -7.856    14.736 r  risc32_i/clk_wiz_0/inst/plle2_adv_inst/CLKOUT0
                         net (fo=1, routed)           1.634    16.370    risc32_i/clk_wiz_0/inst/clk_out1_risc32_clk_wiz_0_0
    BUFGCTRL_X0Y16       BUFG (Prop_bufg_I_O)         0.091    16.461 r  risc32_i/clk_wiz_0/inst/clkout1_buf/O
                         net (fo=38, routed)          1.604    18.066    risc32_i/segment_0/inst/clk
    SLICE_X1Y91          FDCE                                         r  risc32_i/segment_0/inst/cnt_reg[2]/C
                         clock pessimism             -0.414    17.652    
                         clock uncertainty           -0.108    17.545    
    SLICE_X1Y91          FDCE (Setup_fdce_C_D)        0.075    17.620    risc32_i/segment_0/inst/cnt_reg[2]
  -------------------------------------------------------------------
                         required time                         17.620    
                         arrival time                          -1.411    
  -------------------------------------------------------------------
                         slack                                 16.209    

Slack (MET) :             16.263ns  (required time - arrival time)
  Source:                 risc32_i/segment_0/inst/cnt_ms_reg[1]/C
                            (rising edge-triggered cell FDCE clocked by clk_out1_risc32_clk_wiz_0_0_1  {rise@0.000ns fall@10.000ns period=20.000ns})
  Destination:            risc32_i/segment_0/inst/cnt_ms_reg[9]/D
                            (rising edge-triggered cell FDCE clocked by clk_out1_risc32_clk_wiz_0_0  {rise@0.000ns fall@10.000ns period=20.000ns})
  Path Group:             clk_out1_risc32_clk_wiz_0_0
  Path Type:              Setup (Max at Slow Process Corner)
  Requirement:            20.000ns  (clk_out1_risc32_clk_wiz_0_0 rise@20.000ns - clk_out1_risc32_clk_wiz_0_0_1 rise@0.000ns)
  Data Path Delay:        3.681ns  (logic 1.775ns (48.224%)  route 1.906ns (51.776%))
  Logic Levels:           4  (CARRY4=3 LUT2=1)
  Clock Path Skew:        -0.024ns (DCD - SCD + CPR)
    Destination Clock Delay (DCD):    -1.933ns = ( 18.067 - 20.000 ) 
    Source Clock Delay      (SCD):    -2.323ns
    Clock Pessimism Removal (CPR):    -0.414ns
  Clock Uncertainty:      0.108ns  ((TSJ^2 + DJ^2)^1/2) / 2 + PE
    Total System Jitter     (TSJ):    0.071ns
    Discrete Jitter          (DJ):    0.203ns
    Phase Error              (PE):    0.000ns
  Clock Domain Crossing:  Inter clock paths are considered valid unless explicitly excluded by timing constraints such as set_clock_groups or set_false_path.

    Location             Delay type                Incr(ns)  Path(ns)    Netlist Resource(s)
  -------------------------------------------------------------------    -------------------
                         (clock clk_out1_risc32_clk_wiz_0_0_1 rise edge)
                                                      0.000     0.000 r  
    E3                                                0.000     0.000 r  clk_in1_0 (IN)
                         net (fo=0)                   0.000     0.000    risc32_i/clk_wiz_0/inst/clk_in1
    E3                   IBUF (Prop_ibuf_I_O)         1.482     1.482 r  risc32_i/clk_wiz_0/inst/clkin1_ibufg/O
                         net (fo=1, routed)           1.253     2.735    risc32_i/clk_wiz_0/inst/clk_in1_risc32_clk_wiz_0_0
    PLLE2_ADV_X1Y2       PLLE2_ADV (Prop_plle2_adv_CLKIN1_CLKOUT0)
                                                     -8.591    -5.856 r  risc32_i/clk_wiz_0/inst/plle2_adv_inst/CLKOUT0
                         net (fo=1, routed)           1.713    -4.143    risc32_i/clk_wiz_0/inst/clk_out1_risc32_clk_wiz_0_0
    BUFGCTRL_X0Y16       BUFG (Prop_bufg_I_O)         0.096    -4.047 r  risc32_i/clk_wiz_0/inst/clkout1_buf/O
                         net (fo=38, routed)          1.724    -2.323    risc32_i/segment_0/inst/clk
    SLICE_X1Y91          FDCE                                         r  risc32_i/segment_0/inst/cnt_ms_reg[1]/C
  -------------------------------------------------------------------    -------------------
    SLICE_X1Y91          FDCE (Prop_fdce_C_Q)         0.456    -1.867 r  risc32_i/segment_0/inst/cnt_ms_reg[1]/Q
                         net (fo=2, routed)           1.046    -0.821    risc32_i/segment_0/inst/cnt_ms[1]
    SLICE_X0Y91          CARRY4 (Prop_carry4_S[0]_CO[3])
                                                      0.656    -0.165 r  risc32_i/segment_0/inst/cnt_ms0_carry/CO[3]
                         net (fo=1, routed)           0.000    -0.165    risc32_i/segment_0/inst/cnt_ms0_carry_n_0
    SLICE_X0Y92          CARRY4 (Prop_carry4_CI_CO[3])
                                                      0.114    -0.051 r  risc32_i/segment_0/inst/cnt_ms0_carry__0/CO[3]
                         net (fo=1, routed)           0.000    -0.051    risc32_i/segment_0/inst/cnt_ms0_carry__0_n_0
    SLICE_X0Y93          CARRY4 (Prop_carry4_CI_O[0])
                                                      0.222     0.171 r  risc32_i/segment_0/inst/cnt_ms0_carry__1/O[0]
                         net (fo=1, routed)           0.860     1.031    risc32_i/segment_0/inst/data0[9]
    SLICE_X1Y93          LUT2 (Prop_lut2_I1_O)        0.327     1.358 r  risc32_i/segment_0/inst/cnt_ms[9]_i_1/O
                         net (fo=1, routed)           0.000     1.358    risc32_i/segment_0/inst/cnt_ms_1[9]
    SLICE_X1Y93          FDCE                                         r  risc32_i/segment_0/inst/cnt_ms_reg[9]/D
  -------------------------------------------------------------------    -------------------

                         (clock clk_out1_risc32_clk_wiz_0_0 rise edge)
                                                     20.000    20.000 r  
    E3                                                0.000    20.000 r  clk_in1_0 (IN)
                         net (fo=0)                   0.000    20.000    risc32_i/clk_wiz_0/inst/clk_in1
    E3                   IBUF (Prop_ibuf_I_O)         1.411    21.411 r  risc32_i/clk_wiz_0/inst/clkin1_ibufg/O
                         net (fo=1, routed)           1.181    22.592    risc32_i/clk_wiz_0/inst/clk_in1_risc32_clk_wiz_0_0
    PLLE2_ADV_X1Y2       PLLE2_ADV (Prop_plle2_adv_CLKIN1_CLKOUT0)
                                                     -7.856    14.736 r  risc32_i/clk_wiz_0/inst/plle2_adv_inst/CLKOUT0
                         net (fo=1, routed)           1.634    16.370    risc32_i/clk_wiz_0/inst/clk_out1_risc32_clk_wiz_0_0
    BUFGCTRL_X0Y16       BUFG (Prop_bufg_I_O)         0.091    16.461 r  risc32_i/clk_wiz_0/inst/clkout1_buf/O
                         net (fo=38, routed)          1.605    18.067    risc32_i/segment_0/inst/clk
    SLICE_X1Y93          FDCE                                         r  risc32_i/segment_0/inst/cnt_ms_reg[9]/C
                         clock pessimism             -0.414    17.653    
                         clock uncertainty           -0.108    17.546    
    SLICE_X1Y93          FDCE (Setup_fdce_C_D)        0.075    17.621    risc32_i/segment_0/inst/cnt_ms_reg[9]
  -------------------------------------------------------------------
                         required time                         17.621    
                         arrival time                          -1.358    
  -------------------------------------------------------------------
                         slack                                 16.263    

Slack (MET) :             16.319ns  (required time - arrival time)
  Source:                 risc32_i/segment_0/inst/cnt_ms_reg[1]/C
                            (rising edge-triggered cell FDCE clocked by clk_out1_risc32_clk_wiz_0_0_1  {rise@0.000ns fall@10.000ns period=20.000ns})
  Destination:            risc32_i/segment_0/inst/cnt_ms_reg[8]/D
                            (rising edge-triggered cell FDCE clocked by clk_out1_risc32_clk_wiz_0_0  {rise@0.000ns fall@10.000ns period=20.000ns})
  Path Group:             clk_out1_risc32_clk_wiz_0_0
  Path Type:              Setup (Max at Slow Process Corner)
  Requirement:            20.000ns  (clk_out1_risc32_clk_wiz_0_0 rise@20.000ns - clk_out1_risc32_clk_wiz_0_0_1 rise@0.000ns)
  Data Path Delay:        3.580ns  (logic 1.731ns (48.348%)  route 1.849ns (51.652%))
  Logic Levels:           3  (CARRY4=2 LUT2=1)
  Clock Path Skew:        -0.024ns (DCD - SCD + CPR)
    Destination Clock Delay (DCD):    -1.933ns = ( 18.067 - 20.000 ) 
    Source Clock Delay      (SCD):    -2.323ns
    Clock Pessimism Removal (CPR):    -0.414ns
  Clock Uncertainty:      0.108ns  ((TSJ^2 + DJ^2)^1/2) / 2 + PE
    Total System Jitter     (TSJ):    0.071ns
    Discrete Jitter          (DJ):    0.203ns
    Phase Error              (PE):    0.000ns
  Clock Domain Crossing:  Inter clock paths are considered valid unless explicitly excluded by timing constraints such as set_clock_groups or set_false_path.

    Location             Delay type                Incr(ns)  Path(ns)    Netlist Resource(s)
  -------------------------------------------------------------------    -------------------
                         (clock clk_out1_risc32_clk_wiz_0_0_1 rise edge)
                                                      0.000     0.000 r  
    E3                                                0.000     0.000 r  clk_in1_0 (IN)
                         net (fo=0)                   0.000     0.000    risc32_i/clk_wiz_0/inst/clk_in1
    E3                   IBUF (Prop_ibuf_I_O)         1.482     1.482 r  risc32_i/clk_wiz_0/inst/clkin1_ibufg/O
                         net (fo=1, routed)           1.253     2.735    risc32_i/clk_wiz_0/inst/clk_in1_risc32_clk_wiz_0_0
    PLLE2_ADV_X1Y2       PLLE2_ADV (Prop_plle2_adv_CLKIN1_CLKOUT0)
                                                     -8.591    -5.856 r  risc32_i/clk_wiz_0/inst/plle2_adv_inst/CLKOUT0
                         net (fo=1, routed)           1.713    -4.143    risc32_i/clk_wiz_0/inst/clk_out1_risc32_clk_wiz_0_0
    BUFGCTRL_X0Y16       BUFG (Prop_bufg_I_O)         0.096    -4.047 r  risc32_i/clk_wiz_0/inst/clkout1_buf/O
                         net (fo=38, routed)          1.724    -2.323    risc32_i/segment_0/inst/clk
    SLICE_X1Y91          FDCE                                         r  risc32_i/segment_0/inst/cnt_ms_reg[1]/C
  -------------------------------------------------------------------    -------------------
    SLICE_X1Y91          FDCE (Prop_fdce_C_Q)         0.456    -1.867 r  risc32_i/segment_0/inst/cnt_ms_reg[1]/Q
                         net (fo=2, routed)           1.046    -0.821    risc32_i/segment_0/inst/cnt_ms[1]
    SLICE_X0Y91          CARRY4 (Prop_carry4_S[0]_CO[3])
                                                      0.656    -0.165 r  risc32_i/segment_0/inst/cnt_ms0_carry/CO[3]
                         net (fo=1, routed)           0.000    -0.165    risc32_i/segment_0/inst/cnt_ms0_carry_n_0
    SLICE_X0Y92          CARRY4 (Prop_carry4_CI_O[3])
                                                      0.313     0.148 r  risc32_i/segment_0/inst/cnt_ms0_carry__0/O[3]
                         net (fo=1, routed)           0.803     0.952    risc32_i/segment_0/inst/data0[8]
    SLICE_X1Y93          LUT2 (Prop_lut2_I1_O)        0.306     1.258 r  risc32_i/segment_0/inst/cnt_ms[8]_i_1/O
                         net (fo=1, routed)           0.000     1.258    risc32_i/segment_0/inst/cnt_ms_1[8]
    SLICE_X1Y93          FDCE                                         r  risc32_i/segment_0/inst/cnt_ms_reg[8]/D
  -------------------------------------------------------------------    -------------------

                         (clock clk_out1_risc32_clk_wiz_0_0 rise edge)
                                                     20.000    20.000 r  
    E3                                                0.000    20.000 r  clk_in1_0 (IN)
                         net (fo=0)                   0.000    20.000    risc32_i/clk_wiz_0/inst/clk_in1
    E3                   IBUF (Prop_ibuf_I_O)         1.411    21.411 r  risc32_i/clk_wiz_0/inst/clkin1_ibufg/O
                         net (fo=1, routed)           1.181    22.592    risc32_i/clk_wiz_0/inst/clk_in1_risc32_clk_wiz_0_0
    PLLE2_ADV_X1Y2       PLLE2_ADV (Prop_plle2_adv_CLKIN1_CLKOUT0)
                                                     -7.856    14.736 r  risc32_i/clk_wiz_0/inst/plle2_adv_inst/CLKOUT0
                         net (fo=1, routed)           1.634    16.370    risc32_i/clk_wiz_0/inst/clk_out1_risc32_clk_wiz_0_0
    BUFGCTRL_X0Y16       BUFG (Prop_bufg_I_O)         0.091    16.461 r  risc32_i/clk_wiz_0/inst/clkout1_buf/O
                         net (fo=38, routed)          1.605    18.067    risc32_i/segment_0/inst/clk
    SLICE_X1Y93          FDCE                                         r  risc32_i/segment_0/inst/cnt_ms_reg[8]/C
                         clock pessimism             -0.414    17.653    
                         clock uncertainty           -0.108    17.546    
    SLICE_X1Y93          FDCE (Setup_fdce_C_D)        0.031    17.577    risc32_i/segment_0/inst/cnt_ms_reg[8]
  -------------------------------------------------------------------
                         required time                         17.577    
                         arrival time                          -1.258    
  -------------------------------------------------------------------
                         slack                                 16.319    

Slack (MET) :             16.363ns  (required time - arrival time)
  Source:                 risc32_i/segment_0/inst/cnt_ms_reg[5]/C
                            (rising edge-triggered cell FDCE clocked by clk_out1_risc32_clk_wiz_0_0_1  {rise@0.000ns fall@10.000ns period=20.000ns})
  Destination:            risc32_i/segment_0/inst/cnt_ms_reg[6]/D
                            (rising edge-triggered cell FDCE clocked by clk_out1_risc32_clk_wiz_0_0  {rise@0.000ns fall@10.000ns period=20.000ns})
  Path Group:             clk_out1_risc32_clk_wiz_0_0
  Path Type:              Setup (Max at Slow Process Corner)
  Requirement:            20.000ns  (clk_out1_risc32_clk_wiz_0_0 rise@20.000ns - clk_out1_risc32_clk_wiz_0_0_1 rise@0.000ns)
  Data Path Delay:        3.560ns  (logic 0.966ns (27.134%)  route 2.594ns (72.866%))
  Logic Levels:           3  (LUT2=1 LUT4=2)
  Clock Path Skew:        0.000ns (DCD - SCD + CPR)
    Destination Clock Delay (DCD):    -1.934ns = ( 18.066 - 20.000 ) 
    Source Clock Delay      (SCD):    -2.323ns
    Clock Pessimism Removal (CPR):    -0.389ns
  Clock Uncertainty:      0.108ns  ((TSJ^2 + DJ^2)^1/2) / 2 + PE
    Total System Jitter     (TSJ):    0.071ns
    Discrete Jitter          (DJ):    0.203ns
    Phase Error              (PE):    0.000ns
  Clock Domain Crossing:  Inter clock paths are considered valid unless explicitly excluded by timing constraints such as set_clock_groups or set_false_path.

    Location             Delay type                Incr(ns)  Path(ns)    Netlist Resource(s)
  -------------------------------------------------------------------    -------------------
                         (clock clk_out1_risc32_clk_wiz_0_0_1 rise edge)
                                                      0.000     0.000 r  
    E3                                                0.000     0.000 r  clk_in1_0 (IN)
                         net (fo=0)                   0.000     0.000    risc32_i/clk_wiz_0/inst/clk_in1
    E3                   IBUF (Prop_ibuf_I_O)         1.482     1.482 r  risc32_i/clk_wiz_0/inst/clkin1_ibufg/O
                         net (fo=1, routed)           1.253     2.735    risc32_i/clk_wiz_0/inst/clk_in1_risc32_clk_wiz_0_0
    PLLE2_ADV_X1Y2       PLLE2_ADV (Prop_plle2_adv_CLKIN1_CLKOUT0)
                                                     -8.591    -5.856 r  risc32_i/clk_wiz_0/inst/plle2_adv_inst/CLKOUT0
                         net (fo=1, routed)           1.713    -4.143    risc32_i/clk_wiz_0/inst/clk_out1_risc32_clk_wiz_0_0
    BUFGCTRL_X0Y16       BUFG (Prop_bufg_I_O)         0.096    -4.047 r  risc32_i/clk_wiz_0/inst/clkout1_buf/O
                         net (fo=38, routed)          1.724    -2.323    risc32_i/segment_0/inst/clk
    SLICE_X1Y92          FDCE                                         r  risc32_i/segment_0/inst/cnt_ms_reg[5]/C
  -------------------------------------------------------------------    -------------------
    SLICE_X1Y92          FDCE (Prop_fdce_C_Q)         0.419    -1.904 r  risc32_i/segment_0/inst/cnt_ms_reg[5]/Q
                         net (fo=2, routed)           1.105    -0.799    risc32_i/segment_0/inst/cnt_ms[5]
    SLICE_X1Y92          LUT4 (Prop_lut4_I0_O)        0.299    -0.500 r  risc32_i/segment_0/inst/cnt_ms[15]_i_3/O
                         net (fo=1, routed)           0.797     0.297    risc32_i/segment_0/inst/cnt_ms[15]_i_3_n_0
    SLICE_X1Y93          LUT4 (Prop_lut4_I0_O)        0.124     0.421 r  risc32_i/segment_0/inst/cnt_ms[15]_i_2/O
                         net (fo=18, routed)          0.692     1.113    risc32_i/segment_0/inst/cnt_ms[15]_i_2_n_0
    SLICE_X1Y92          LUT2 (Prop_lut2_I0_O)        0.124     1.237 r  risc32_i/segment_0/inst/cnt_ms[6]_i_1/O
                         net (fo=1, routed)           0.000     1.237    risc32_i/segment_0/inst/cnt_ms_1[6]
    SLICE_X1Y92          FDCE                                         r  risc32_i/segment_0/inst/cnt_ms_reg[6]/D
  -------------------------------------------------------------------    -------------------

                         (clock clk_out1_risc32_clk_wiz_0_0 rise edge)
                                                     20.000    20.000 r  
    E3                                                0.000    20.000 r  clk_in1_0 (IN)
                         net (fo=0)                   0.000    20.000    risc32_i/clk_wiz_0/inst/clk_in1
    E3                   IBUF (Prop_ibuf_I_O)         1.411    21.411 r  risc32_i/clk_wiz_0/inst/clkin1_ibufg/O
                         net (fo=1, routed)           1.181    22.592    risc32_i/clk_wiz_0/inst/clk_in1_risc32_clk_wiz_0_0
    PLLE2_ADV_X1Y2       PLLE2_ADV (Prop_plle2_adv_CLKIN1_CLKOUT0)
                                                     -7.856    14.736 r  risc32_i/clk_wiz_0/inst/plle2_adv_inst/CLKOUT0
                         net (fo=1, routed)           1.634    16.370    risc32_i/clk_wiz_0/inst/clk_out1_risc32_clk_wiz_0_0
    BUFGCTRL_X0Y16       BUFG (Prop_bufg_I_O)         0.091    16.461 r  risc32_i/clk_wiz_0/inst/clkout1_buf/O
                         net (fo=38, routed)          1.604    18.066    risc32_i/segment_0/inst/clk
    SLICE_X1Y92          FDCE                                         r  risc32_i/segment_0/inst/cnt_ms_reg[6]/C
                         clock pessimism             -0.389    17.677    
                         clock uncertainty           -0.108    17.570    
    SLICE_X1Y92          FDCE (Setup_fdce_C_D)        0.031    17.601    risc32_i/segment_0/inst/cnt_ms_reg[6]
  -------------------------------------------------------------------
                         required time                         17.601    
                         arrival time                          -1.237    
  -------------------------------------------------------------------
                         slack                                 16.363    

Slack (MET) :             16.365ns  (required time - arrival time)
  Source:                 risc32_i/segment_0/inst/cnt_ms_reg[5]/C
                            (rising edge-triggered cell FDCE clocked by clk_out1_risc32_clk_wiz_0_0_1  {rise@0.000ns fall@10.000ns period=20.000ns})
  Destination:            risc32_i/segment_0/inst/cnt_ms_reg[4]/D
                            (rising edge-triggered cell FDCE clocked by clk_out1_risc32_clk_wiz_0_0  {rise@0.000ns fall@10.000ns period=20.000ns})
  Path Group:             clk_out1_risc32_clk_wiz_0_0
  Path Type:              Setup (Max at Slow Process Corner)
  Requirement:            20.000ns  (clk_out1_risc32_clk_wiz_0_0 rise@20.000ns - clk_out1_risc32_clk_wiz_0_0_1 rise@0.000ns)
  Data Path Delay:        3.556ns  (logic 0.966ns (27.164%)  route 2.590ns (72.836%))
  Logic Levels:           3  (LUT2=1 LUT4=2)
  Clock Path Skew:        0.000ns (DCD - SCD + CPR)
    Destination Clock Delay (DCD):    -1.934ns = ( 18.066 - 20.000 ) 
    Source Clock Delay      (SCD):    -2.323ns
    Clock Pessimism Removal (CPR):    -0.389ns
  Clock Uncertainty:      0.108ns  ((TSJ^2 + DJ^2)^1/2) / 2 + PE
    Total System Jitter     (TSJ):    0.071ns
    Discrete Jitter          (DJ):    0.203ns
    Phase Error              (PE):    0.000ns
  Clock Domain Crossing:  Inter clock paths are considered valid unless explicitly excluded by timing constraints such as set_clock_groups or set_false_path.

    Location             Delay type                Incr(ns)  Path(ns)    Netlist Resource(s)
  -------------------------------------------------------------------    -------------------
                         (clock clk_out1_risc32_clk_wiz_0_0_1 rise edge)
                                                      0.000     0.000 r  
    E3                                                0.000     0.000 r  clk_in1_0 (IN)
                         net (fo=0)                   0.000     0.000    risc32_i/clk_wiz_0/inst/clk_in1
    E3                   IBUF (Prop_ibuf_I_O)         1.482     1.482 r  risc32_i/clk_wiz_0/inst/clkin1_ibufg/O
                         net (fo=1, routed)           1.253     2.735    risc32_i/clk_wiz_0/inst/clk_in1_risc32_clk_wiz_0_0
    PLLE2_ADV_X1Y2       PLLE2_ADV (Prop_plle2_adv_CLKIN1_CLKOUT0)
                                                     -8.591    -5.856 r  risc32_i/clk_wiz_0/inst/plle2_adv_inst/CLKOUT0
                         net (fo=1, routed)           1.713    -4.143    risc32_i/clk_wiz_0/inst/clk_out1_risc32_clk_wiz_0_0
    BUFGCTRL_X0Y16       BUFG (Prop_bufg_I_O)         0.096    -4.047 r  risc32_i/clk_wiz_0/inst/clkout1_buf/O
                         net (fo=38, routed)          1.724    -2.323    risc32_i/segment_0/inst/clk
    SLICE_X1Y92          FDCE                                         r  risc32_i/segment_0/inst/cnt_ms_reg[5]/C
  -------------------------------------------------------------------    -------------------
    SLICE_X1Y92          FDCE (Prop_fdce_C_Q)         0.419    -1.904 r  risc32_i/segment_0/inst/cnt_ms_reg[5]/Q
                         net (fo=2, routed)           1.105    -0.799    risc32_i/segment_0/inst/cnt_ms[5]
    SLICE_X1Y92          LUT4 (Prop_lut4_I0_O)        0.299    -0.500 r  risc32_i/segment_0/inst/cnt_ms[15]_i_3/O
                         net (fo=1, routed)           0.797     0.297    risc32_i/segment_0/inst/cnt_ms[15]_i_3_n_0
    SLICE_X1Y93          LUT4 (Prop_lut4_I0_O)        0.124     0.421 r  risc32_i/segment_0/inst/cnt_ms[15]_i_2/O
                         net (fo=18, routed)          0.688     1.109    risc32_i/segment_0/inst/cnt_ms[15]_i_2_n_0
    SLICE_X1Y92          LUT2 (Prop_lut2_I0_O)        0.124     1.233 r  risc32_i/segment_0/inst/cnt_ms[4]_i_1/O
                         net (fo=1, routed)           0.000     1.233    risc32_i/segment_0/inst/cnt_ms_1[4]
    SLICE_X1Y92          FDCE                                         r  risc32_i/segment_0/inst/cnt_ms_reg[4]/D
  -------------------------------------------------------------------    -------------------

                         (clock clk_out1_risc32_clk_wiz_0_0 rise edge)
                                                     20.000    20.000 r  
    E3                                                0.000    20.000 r  clk_in1_0 (IN)
                         net (fo=0)                   0.000    20.000    risc32_i/clk_wiz_0/inst/clk_in1
    E3                   IBUF (Prop_ibuf_I_O)         1.411    21.411 r  risc32_i/clk_wiz_0/inst/clkin1_ibufg/O
                         net (fo=1, routed)           1.181    22.592    risc32_i/clk_wiz_0/inst/clk_in1_risc32_clk_wiz_0_0
    PLLE2_ADV_X1Y2       PLLE2_ADV (Prop_plle2_adv_CLKIN1_CLKOUT0)
                                                     -7.856    14.736 r  risc32_i/clk_wiz_0/inst/plle2_adv_inst/CLKOUT0
                         net (fo=1, routed)           1.634    16.370    risc32_i/clk_wiz_0/inst/clk_out1_risc32_clk_wiz_0_0
    BUFGCTRL_X0Y16       BUFG (Prop_bufg_I_O)         0.091    16.461 r  risc32_i/clk_wiz_0/inst/clkout1_buf/O
                         net (fo=38, routed)          1.604    18.066    risc32_i/segment_0/inst/clk
    SLICE_X1Y92          FDCE                                         r  risc32_i/segment_0/inst/cnt_ms_reg[4]/C
                         clock pessimism             -0.389    17.677    
                         clock uncertainty           -0.108    17.570    
    SLICE_X1Y92          FDCE (Setup_fdce_C_D)        0.029    17.599    risc32_i/segment_0/inst/cnt_ms_reg[4]
  -------------------------------------------------------------------
                         required time                         17.599    
                         arrival time                          -1.233    
  -------------------------------------------------------------------
                         slack                                 16.365    

Slack (MET) :             16.368ns  (required time - arrival time)
  Source:                 risc32_i/segment_0/inst/cnt_ms_reg[1]/C
                            (rising edge-triggered cell FDCE clocked by clk_out1_risc32_clk_wiz_0_0_1  {rise@0.000ns fall@10.000ns period=20.000ns})
  Destination:            risc32_i/segment_0/inst/cnt_ms_reg[14]/D
                            (rising edge-triggered cell FDCE clocked by clk_out1_risc32_clk_wiz_0_0  {rise@0.000ns fall@10.000ns period=20.000ns})
  Path Group:             clk_out1_risc32_clk_wiz_0_0
  Path Type:              Setup (Max at Slow Process Corner)
  Requirement:            20.000ns  (clk_out1_risc32_clk_wiz_0_0 rise@20.000ns - clk_out1_risc32_clk_wiz_0_0_1 rise@0.000ns)
  Data Path Delay:        3.531ns  (logic 1.977ns (55.986%)  route 1.554ns (44.014%))
  Logic Levels:           5  (CARRY4=4 LUT2=1)
  Clock Path Skew:        -0.024ns (DCD - SCD + CPR)
    Destination Clock Delay (DCD):    -1.933ns = ( 18.067 - 20.000 ) 
    Source Clock Delay      (SCD):    -2.323ns
    Clock Pessimism Removal (CPR):    -0.414ns
  Clock Uncertainty:      0.108ns  ((TSJ^2 + DJ^2)^1/2) / 2 + PE
    Total System Jitter     (TSJ):    0.071ns
    Discrete Jitter          (DJ):    0.203ns
    Phase Error              (PE):    0.000ns
  Clock Domain Crossing:  Inter clock paths are considered valid unless explicitly excluded by timing constraints such as set_clock_groups or set_false_path.

    Location             Delay type                Incr(ns)  Path(ns)    Netlist Resource(s)
  -------------------------------------------------------------------    -------------------
                         (clock clk_out1_risc32_clk_wiz_0_0_1 rise edge)
                                                      0.000     0.000 r  
    E3                                                0.000     0.000 r  clk_in1_0 (IN)
                         net (fo=0)                   0.000     0.000    risc32_i/clk_wiz_0/inst/clk_in1
    E3                   IBUF (Prop_ibuf_I_O)         1.482     1.482 r  risc32_i/clk_wiz_0/inst/clkin1_ibufg/O
                         net (fo=1, routed)           1.253     2.735    risc32_i/clk_wiz_0/inst/clk_in1_risc32_clk_wiz_0_0
    PLLE2_ADV_X1Y2       PLLE2_ADV (Prop_plle2_adv_CLKIN1_CLKOUT0)
                                                     -8.591    -5.856 r  risc32_i/clk_wiz_0/inst/plle2_adv_inst/CLKOUT0
                         net (fo=1, routed)           1.713    -4.143    risc32_i/clk_wiz_0/inst/clk_out1_risc32_clk_wiz_0_0
    BUFGCTRL_X0Y16       BUFG (Prop_bufg_I_O)         0.096    -4.047 r  risc32_i/clk_wiz_0/inst/clkout1_buf/O
                         net (fo=38, routed)          1.724    -2.323    risc32_i/segment_0/inst/clk
    SLICE_X1Y91          FDCE                                         r  risc32_i/segment_0/inst/cnt_ms_reg[1]/C
  -------------------------------------------------------------------    -------------------
    SLICE_X1Y91          FDCE (Prop_fdce_C_Q)         0.456    -1.867 r  risc32_i/segment_0/inst/cnt_ms_reg[1]/Q
                         net (fo=2, routed)           1.046    -0.821    risc32_i/segment_0/inst/cnt_ms[1]
    SLICE_X0Y91          CARRY4 (Prop_carry4_S[0]_CO[3])
                                                      0.656    -0.165 r  risc32_i/segment_0/inst/cnt_ms0_carry/CO[3]
                         net (fo=1, routed)           0.000    -0.165    risc32_i/segment_0/inst/cnt_ms0_carry_n_0
    SLICE_X0Y92          CARRY4 (Prop_carry4_CI_CO[3])
                                                      0.114    -0.051 r  risc32_i/segment_0/inst/cnt_ms0_carry__0/CO[3]
                         net (fo=1, routed)           0.000    -0.051    risc32_i/segment_0/inst/cnt_ms0_carry__0_n_0
    SLICE_X0Y93          CARRY4 (Prop_carry4_CI_CO[3])
                                                      0.114     0.063 r  risc32_i/segment_0/inst/cnt_ms0_carry__1/CO[3]
                         net (fo=1, routed)           0.000     0.063    risc32_i/segment_0/inst/cnt_ms0_carry__1_n_0
    SLICE_X0Y94          CARRY4 (Prop_carry4_CI_O[1])
                                                      0.334     0.397 r  risc32_i/segment_0/inst/cnt_ms0_carry__2/O[1]
                         net (fo=1, routed)           0.508     0.906    risc32_i/segment_0/inst/data0[14]
    SLICE_X1Y94          LUT2 (Prop_lut2_I1_O)        0.303     1.209 r  risc32_i/segment_0/inst/cnt_ms[14]_i_1/O
                         net (fo=1, routed)           0.000     1.209    risc32_i/segment_0/inst/cnt_ms_1[14]
    SLICE_X1Y94          FDCE                                         r  risc32_i/segment_0/inst/cnt_ms_reg[14]/D
  -------------------------------------------------------------------    -------------------

                         (clock clk_out1_risc32_clk_wiz_0_0 rise edge)
                                                     20.000    20.000 r  
    E3                                                0.000    20.000 r  clk_in1_0 (IN)
                         net (fo=0)                   0.000    20.000    risc32_i/clk_wiz_0/inst/clk_in1
    E3                   IBUF (Prop_ibuf_I_O)         1.411    21.411 r  risc32_i/clk_wiz_0/inst/clkin1_ibufg/O
                         net (fo=1, routed)           1.181    22.592    risc32_i/clk_wiz_0/inst/clk_in1_risc32_clk_wiz_0_0
    PLLE2_ADV_X1Y2       PLLE2_ADV (Prop_plle2_adv_CLKIN1_CLKOUT0)
                                                     -7.856    14.736 r  risc32_i/clk_wiz_0/inst/plle2_adv_inst/CLKOUT0
                         net (fo=1, routed)           1.634    16.370    risc32_i/clk_wiz_0/inst/clk_out1_risc32_clk_wiz_0_0
    BUFGCTRL_X0Y16       BUFG (Prop_bufg_I_O)         0.091    16.461 r  risc32_i/clk_wiz_0/inst/clkout1_buf/O
                         net (fo=38, routed)          1.605    18.067    risc32_i/segment_0/inst/clk
    SLICE_X1Y94          FDCE                                         r  risc32_i/segment_0/inst/cnt_ms_reg[14]/C
                         clock pessimism             -0.414    17.653    
                         clock uncertainty           -0.108    17.546    
    SLICE_X1Y94          FDCE (Setup_fdce_C_D)        0.031    17.577    risc32_i/segment_0/inst/cnt_ms_reg[14]
  -------------------------------------------------------------------
                         required time                         17.577    
                         arrival time                          -1.209    
  -------------------------------------------------------------------
                         slack                                 16.368    

Slack (MET) :             16.378ns  (required time - arrival time)
  Source:                 risc32_i/segment_0/inst/cnt_ms_reg[1]/C
                            (rising edge-triggered cell FDCE clocked by clk_out1_risc32_clk_wiz_0_0_1  {rise@0.000ns fall@10.000ns period=20.000ns})
  Destination:            risc32_i/segment_0/inst/cnt_ms_reg[5]/D
                            (rising edge-triggered cell FDCE clocked by clk_out1_risc32_clk_wiz_0_0  {rise@0.000ns fall@10.000ns period=20.000ns})
  Path Group:             clk_out1_risc32_clk_wiz_0_0
  Path Type:              Setup (Max at Slow Process Corner)
  Requirement:            20.000ns  (clk_out1_risc32_clk_wiz_0_0 rise@20.000ns - clk_out1_risc32_clk_wiz_0_0_1 rise@0.000ns)
  Data Path Delay:        3.565ns  (logic 1.661ns (46.595%)  route 1.904ns (53.405%))
  Logic Levels:           3  (CARRY4=2 LUT2=1)
  Clock Path Skew:        -0.025ns (DCD - SCD + CPR)
    Destination Clock Delay (DCD):    -1.934ns = ( 18.066 - 20.000 ) 
    Source Clock Delay      (SCD):    -2.323ns
    Clock Pessimism Removal (CPR):    -0.414ns
  Clock Uncertainty:      0.108ns  ((TSJ^2 + DJ^2)^1/2) / 2 + PE
    Total System Jitter     (TSJ):    0.071ns
    Discrete Jitter          (DJ):    0.203ns
    Phase Error              (PE):    0.000ns
  Clock Domain Crossing:  Inter clock paths are considered valid unless explicitly excluded by timing constraints such as set_clock_groups or set_false_path.

    Location             Delay type                Incr(ns)  Path(ns)    Netlist Resource(s)
  -------------------------------------------------------------------    -------------------
                         (clock clk_out1_risc32_clk_wiz_0_0_1 rise edge)
                                                      0.000     0.000 r  
    E3                                                0.000     0.000 r  clk_in1_0 (IN)
                         net (fo=0)                   0.000     0.000    risc32_i/clk_wiz_0/inst/clk_in1
    E3                   IBUF (Prop_ibuf_I_O)         1.482     1.482 r  risc32_i/clk_wiz_0/inst/clkin1_ibufg/O
                         net (fo=1, routed)           1.253     2.735    risc32_i/clk_wiz_0/inst/clk_in1_risc32_clk_wiz_0_0
    PLLE2_ADV_X1Y2       PLLE2_ADV (Prop_plle2_adv_CLKIN1_CLKOUT0)
                                                     -8.591    -5.856 r  risc32_i/clk_wiz_0/inst/plle2_adv_inst/CLKOUT0
                         net (fo=1, routed)           1.713    -4.143    risc32_i/clk_wiz_0/inst/clk_out1_risc32_clk_wiz_0_0
    BUFGCTRL_X0Y16       BUFG (Prop_bufg_I_O)         0.096    -4.047 r  risc32_i/clk_wiz_0/inst/clkout1_buf/O
                         net (fo=38, routed)          1.724    -2.323    risc32_i/segment_0/inst/clk
    SLICE_X1Y91          FDCE                                         r  risc32_i/segment_0/inst/cnt_ms_reg[1]/C
  -------------------------------------------------------------------    -------------------
    SLICE_X1Y91          FDCE (Prop_fdce_C_Q)         0.456    -1.867 r  risc32_i/segment_0/inst/cnt_ms_reg[1]/Q
                         net (fo=2, routed)           1.046    -0.821    risc32_i/segment_0/inst/cnt_ms[1]
    SLICE_X0Y91          CARRY4 (Prop_carry4_S[0]_CO[3])
                                                      0.656    -0.165 r  risc32_i/segment_0/inst/cnt_ms0_carry/CO[3]
                         net (fo=1, routed)           0.000    -0.165    risc32_i/segment_0/inst/cnt_ms0_carry_n_0
    SLICE_X0Y92          CARRY4 (Prop_carry4_CI_O[0])
                                                      0.222     0.057 r  risc32_i/segment_0/inst/cnt_ms0_carry__0/O[0]
                         net (fo=1, routed)           0.858     0.915    risc32_i/segment_0/inst/data0[5]
    SLICE_X1Y92          LUT2 (Prop_lut2_I1_O)        0.327     1.242 r  risc32_i/segment_0/inst/cnt_ms[5]_i_1/O
                         net (fo=1, routed)           0.000     1.242    risc32_i/segment_0/inst/cnt_ms_1[5]
    SLICE_X1Y92          FDCE                                         r  risc32_i/segment_0/inst/cnt_ms_reg[5]/D
  -------------------------------------------------------------------    -------------------

                         (clock clk_out1_risc32_clk_wiz_0_0 rise edge)
                                                     20.000    20.000 r  
    E3                                                0.000    20.000 r  clk_in1_0 (IN)
                         net (fo=0)                   0.000    20.000    risc32_i/clk_wiz_0/inst/clk_in1
    E3                   IBUF (Prop_ibuf_I_O)         1.411    21.411 r  risc32_i/clk_wiz_0/inst/clkin1_ibufg/O
                         net (fo=1, routed)           1.181    22.592    risc32_i/clk_wiz_0/inst/clk_in1_risc32_clk_wiz_0_0
    PLLE2_ADV_X1Y2       PLLE2_ADV (Prop_plle2_adv_CLKIN1_CLKOUT0)
                                                     -7.856    14.736 r  risc32_i/clk_wiz_0/inst/plle2_adv_inst/CLKOUT0
                         net (fo=1, routed)           1.634    16.370    risc32_i/clk_wiz_0/inst/clk_out1_risc32_clk_wiz_0_0
    BUFGCTRL_X0Y16       BUFG (Prop_bufg_I_O)         0.091    16.461 r  risc32_i/clk_wiz_0/inst/clkout1_buf/O
                         net (fo=38, routed)          1.604    18.066    risc32_i/segment_0/inst/clk
    SLICE_X1Y92          FDCE                                         r  risc32_i/segment_0/inst/cnt_ms_reg[5]/C
                         clock pessimism             -0.414    17.652    
                         clock uncertainty           -0.108    17.545    
    SLICE_X1Y92          FDCE (Setup_fdce_C_D)        0.075    17.620    risc32_i/segment_0/inst/cnt_ms_reg[5]
  -------------------------------------------------------------------
                         required time                         17.620    
                         arrival time                          -1.242    
  -------------------------------------------------------------------
                         slack                                 16.378    





Min Delay Paths
--------------------------------------------------------------------------------------
Slack (MET) :             0.092ns  (arrival time - required time)
  Source:                 risc32_i/segment_0/inst/seg_num_reg[2]/C
                            (rising edge-triggered cell FDCE clocked by clk_out1_risc32_clk_wiz_0_0_1  {rise@0.000ns fall@10.000ns period=20.000ns})
  Destination:            risc32_i/segment_0/inst/seg_data_o_reg[3]/D
                            (rising edge-triggered cell FDPE clocked by clk_out1_risc32_clk_wiz_0_0  {rise@0.000ns fall@10.000ns period=20.000ns})
  Path Group:             clk_out1_risc32_clk_wiz_0_0
  Path Type:              Hold (Min at Fast Process Corner)
  Requirement:            0.000ns  (clk_out1_risc32_clk_wiz_0_0 rise@0.000ns - clk_out1_risc32_clk_wiz_0_0_1 rise@0.000ns)
  Data Path Delay:        0.346ns  (logic 0.192ns (55.414%)  route 0.154ns (44.586%))
  Logic Levels:           1  (LUT4=1)
  Clock Path Skew:        0.040ns (DCD - SCD - CPR)
    Destination Clock Delay (DCD):    -0.276ns
    Source Clock Delay      (SCD):    -0.510ns
    Clock Pessimism Removal (CPR):    0.194ns
  Clock Uncertainty:      0.108ns  ((TSJ^2 + DJ^2)^1/2) / 2 + PE
    Total System Jitter     (TSJ):    0.071ns
    Discrete Jitter          (DJ):    0.203ns
    Phase Error              (PE):    0.000ns
  Clock Domain Crossing:  Inter clock paths are considered valid unless explicitly excluded by timing constraints such as set_clock_groups or set_false_path.

    Location             Delay type                Incr(ns)  Path(ns)    Netlist Resource(s)
  -------------------------------------------------------------------    -------------------
                         (clock clk_out1_risc32_clk_wiz_0_0_1 rise edge)
                                                      0.000     0.000 r  
    E3                                                0.000     0.000 r  clk_in1_0 (IN)
                         net (fo=0)                   0.000     0.000    risc32_i/clk_wiz_0/inst/clk_in1
    E3                   IBUF (Prop_ibuf_I_O)         0.250     0.250 r  risc32_i/clk_wiz_0/inst/clkin1_ibufg/O
                         net (fo=1, routed)           0.440     0.690    risc32_i/clk_wiz_0/inst/clk_in1_risc32_clk_wiz_0_0
    PLLE2_ADV_X1Y2       PLLE2_ADV (Prop_plle2_adv_CLKIN1_CLKOUT0)
                                                     -2.342    -1.652 r  risc32_i/clk_wiz_0/inst/plle2_adv_inst/CLKOUT0
                         net (fo=1, routed)           0.514    -1.138    risc32_i/clk_wiz_0/inst/clk_out1_risc32_clk_wiz_0_0
    BUFGCTRL_X0Y16       BUFG (Prop_bufg_I_O)         0.026    -1.112 r  risc32_i/clk_wiz_0/inst/clkout1_buf/O
                         net (fo=38, routed)          0.602    -0.510    risc32_i/segment_0/inst/clk
    SLICE_X5Y92          FDCE                                         r  risc32_i/segment_0/inst/seg_num_reg[2]/C
  -------------------------------------------------------------------    -------------------
    SLICE_X5Y92          FDCE (Prop_fdce_C_Q)         0.141    -0.369 r  risc32_i/segment_0/inst/seg_num_reg[2]/Q
                         net (fo=7, routed)           0.154    -0.215    risc32_i/segment_0/inst/seg_num[2]
    SLICE_X1Y92          LUT4 (Prop_lut4_I1_O)        0.051    -0.164 r  risc32_i/segment_0/inst/seg_data_o[3]_i_1/O
                         net (fo=1, routed)           0.000    -0.164    risc32_i/segment_0/inst/seg_data_o_0[3]
    SLICE_X1Y92          FDPE                                         r  risc32_i/segment_0/inst/seg_data_o_reg[3]/D
  -------------------------------------------------------------------    -------------------

                         (clock clk_out1_risc32_clk_wiz_0_0 rise edge)
                                                      0.000     0.000 r  
    E3                                                0.000     0.000 r  clk_in1_0 (IN)
                         net (fo=0)                   0.000     0.000    risc32_i/clk_wiz_0/inst/clk_in1
    E3                   IBUF (Prop_ibuf_I_O)         0.438     0.438 r  risc32_i/clk_wiz_0/inst/clkin1_ibufg/O
                         net (fo=1, routed)           0.481     0.919    risc32_i/clk_wiz_0/inst/clk_in1_risc32_clk_wiz_0_0
    PLLE2_ADV_X1Y2       PLLE2_ADV (Prop_plle2_adv_CLKIN1_CLKOUT0)
                                                     -2.659    -1.740 r  risc32_i/clk_wiz_0/inst/plle2_adv_inst/CLKOUT0
                         net (fo=1, routed)           0.560    -1.181    risc32_i/clk_wiz_0/inst/clk_out1_risc32_clk_wiz_0_0
    BUFGCTRL_X0Y16       BUFG (Prop_bufg_I_O)         0.029    -1.152 r  risc32_i/clk_wiz_0/inst/clkout1_buf/O
                         net (fo=38, routed)          0.876    -0.276    risc32_i/segment_0/inst/clk
    SLICE_X1Y92          FDPE                                         r  risc32_i/segment_0/inst/seg_data_o_reg[3]/C
                         clock pessimism             -0.194    -0.470    
                         clock uncertainty            0.108    -0.363    
    SLICE_X1Y92          FDPE (Hold_fdpe_C_D)         0.107    -0.256    risc32_i/segment_0/inst/seg_data_o_reg[3]
  -------------------------------------------------------------------
                         required time                          0.256    
                         arrival time                          -0.164    
  -------------------------------------------------------------------
                         slack                                  0.092    

Slack (MET) :             0.101ns  (arrival time - required time)
  Source:                 risc32_i/segment_0/inst/seg_num_reg[2]/C
                            (rising edge-triggered cell FDCE clocked by clk_out1_risc32_clk_wiz_0_0_1  {rise@0.000ns fall@10.000ns period=20.000ns})
  Destination:            risc32_i/segment_0/inst/seg_data_o_reg[2]/D
                            (rising edge-triggered cell FDPE clocked by clk_out1_risc32_clk_wiz_0_0  {rise@0.000ns fall@10.000ns period=20.000ns})
  Path Group:             clk_out1_risc32_clk_wiz_0_0
  Path Type:              Hold (Min at Fast Process Corner)
  Requirement:            0.000ns  (clk_out1_risc32_clk_wiz_0_0 rise@0.000ns - clk_out1_risc32_clk_wiz_0_0_1 rise@0.000ns)
  Data Path Delay:        0.340ns  (logic 0.186ns (54.628%)  route 0.154ns (45.372%))
  Logic Levels:           1  (LUT4=1)
  Clock Path Skew:        0.040ns (DCD - SCD - CPR)
    Destination Clock Delay (DCD):    -0.276ns
    Source Clock Delay      (SCD):    -0.510ns
    Clock Pessimism Removal (CPR):    0.194ns
  Clock Uncertainty:      0.108ns  ((TSJ^2 + DJ^2)^1/2) / 2 + PE
    Total System Jitter     (TSJ):    0.071ns
    Discrete Jitter          (DJ):    0.203ns
    Phase Error              (PE):    0.000ns
  Clock Domain Crossing:  Inter clock paths are considered valid unless explicitly excluded by timing constraints such as set_clock_groups or set_false_path.

    Location             Delay type                Incr(ns)  Path(ns)    Netlist Resource(s)
  -------------------------------------------------------------------    -------------------
                         (clock clk_out1_risc32_clk_wiz_0_0_1 rise edge)
                                                      0.000     0.000 r  
    E3                                                0.000     0.000 r  clk_in1_0 (IN)
                         net (fo=0)                   0.000     0.000    risc32_i/clk_wiz_0/inst/clk_in1
    E3                   IBUF (Prop_ibuf_I_O)         0.250     0.250 r  risc32_i/clk_wiz_0/inst/clkin1_ibufg/O
                         net (fo=1, routed)           0.440     0.690    risc32_i/clk_wiz_0/inst/clk_in1_risc32_clk_wiz_0_0
    PLLE2_ADV_X1Y2       PLLE2_ADV (Prop_plle2_adv_CLKIN1_CLKOUT0)
                                                     -2.342    -1.652 r  risc32_i/clk_wiz_0/inst/plle2_adv_inst/CLKOUT0
                         net (fo=1, routed)           0.514    -1.138    risc32_i/clk_wiz_0/inst/clk_out1_risc32_clk_wiz_0_0
    BUFGCTRL_X0Y16       BUFG (Prop_bufg_I_O)         0.026    -1.112 r  risc32_i/clk_wiz_0/inst/clkout1_buf/O
                         net (fo=38, routed)          0.602    -0.510    risc32_i/segment_0/inst/clk
    SLICE_X5Y92          FDCE                                         r  risc32_i/segment_0/inst/seg_num_reg[2]/C
  -------------------------------------------------------------------    -------------------
    SLICE_X5Y92          FDCE (Prop_fdce_C_Q)         0.141    -0.369 r  risc32_i/segment_0/inst/seg_num_reg[2]/Q
                         net (fo=7, routed)           0.154    -0.215    risc32_i/segment_0/inst/seg_num[2]
    SLICE_X1Y92          LUT4 (Prop_lut4_I3_O)        0.045    -0.170 r  risc32_i/segment_0/inst/seg_data_o[2]_i_1/O
                         net (fo=1, routed)           0.000    -0.170    risc32_i/segment_0/inst/seg_data_o_0[2]
    SLICE_X1Y92          FDPE                                         r  risc32_i/segment_0/inst/seg_data_o_reg[2]/D
  -------------------------------------------------------------------    -------------------

                         (clock clk_out1_risc32_clk_wiz_0_0 rise edge)
                                                      0.000     0.000 r  
    E3                                                0.000     0.000 r  clk_in1_0 (IN)
                         net (fo=0)                   0.000     0.000    risc32_i/clk_wiz_0/inst/clk_in1
    E3                   IBUF (Prop_ibuf_I_O)         0.438     0.438 r  risc32_i/clk_wiz_0/inst/clkin1_ibufg/O
                         net (fo=1, routed)           0.481     0.919    risc32_i/clk_wiz_0/inst/clk_in1_risc32_clk_wiz_0_0
    PLLE2_ADV_X1Y2       PLLE2_ADV (Prop_plle2_adv_CLKIN1_CLKOUT0)
                                                     -2.659    -1.740 r  risc32_i/clk_wiz_0/inst/plle2_adv_inst/CLKOUT0
                         net (fo=1, routed)           0.560    -1.181    risc32_i/clk_wiz_0/inst/clk_out1_risc32_clk_wiz_0_0
    BUFGCTRL_X0Y16       BUFG (Prop_bufg_I_O)         0.029    -1.152 r  risc32_i/clk_wiz_0/inst/clkout1_buf/O
                         net (fo=38, routed)          0.876    -0.276    risc32_i/segment_0/inst/clk
    SLICE_X1Y92          FDPE                                         r  risc32_i/segment_0/inst/seg_data_o_reg[2]/C
                         clock pessimism             -0.194    -0.470    
                         clock uncertainty            0.108    -0.363    
    SLICE_X1Y92          FDPE (Hold_fdpe_C_D)         0.092    -0.271    risc32_i/segment_0/inst/seg_data_o_reg[2]
  -------------------------------------------------------------------
                         required time                          0.271    
                         arrival time                          -0.170    
  -------------------------------------------------------------------
                         slack                                  0.101    

Slack (MET) :             0.145ns  (arrival time - required time)
  Source:                 risc32_i/segment_0/inst/cnt_reg[0]/C
                            (rising edge-triggered cell FDCE clocked by clk_out1_risc32_clk_wiz_0_0_1  {rise@0.000ns fall@10.000ns period=20.000ns})
  Destination:            risc32_i/segment_0/inst/cnt_reg[2]/D
                            (rising edge-triggered cell FDCE clocked by clk_out1_risc32_clk_wiz_0_0  {rise@0.000ns fall@10.000ns period=20.000ns})
  Path Group:             clk_out1_risc32_clk_wiz_0_0
  Path Type:              Hold (Min at Fast Process Corner)
  Requirement:            0.000ns  (clk_out1_risc32_clk_wiz_0_0 rise@0.000ns - clk_out1_risc32_clk_wiz_0_0_1 rise@0.000ns)
  Data Path Delay:        0.359ns  (logic 0.229ns (63.707%)  route 0.130ns (36.293%))
  Logic Levels:           1  (LUT4=1)
  Clock Path Skew:        0.000ns (DCD - SCD - CPR)
    Destination Clock Delay (DCD):    -0.276ns
    Source Clock Delay      (SCD):    -0.509ns
    Clock Pessimism Removal (CPR):    0.233ns
  Clock Uncertainty:      0.108ns  ((TSJ^2 + DJ^2)^1/2) / 2 + PE
    Total System Jitter     (TSJ):    0.071ns
    Discrete Jitter          (DJ):    0.203ns
    Phase Error              (PE):    0.000ns
  Clock Domain Crossing:  Inter clock paths are considered valid unless explicitly excluded by timing constraints such as set_clock_groups or set_false_path.

    Location             Delay type                Incr(ns)  Path(ns)    Netlist Resource(s)
  -------------------------------------------------------------------    -------------------
                         (clock clk_out1_risc32_clk_wiz_0_0_1 rise edge)
                                                      0.000     0.000 r  
    E3                                                0.000     0.000 r  clk_in1_0 (IN)
                         net (fo=0)                   0.000     0.000    risc32_i/clk_wiz_0/inst/clk_in1
    E3                   IBUF (Prop_ibuf_I_O)         0.250     0.250 r  risc32_i/clk_wiz_0/inst/clkin1_ibufg/O
                         net (fo=1, routed)           0.440     0.690    risc32_i/clk_wiz_0/inst/clk_in1_risc32_clk_wiz_0_0
    PLLE2_ADV_X1Y2       PLLE2_ADV (Prop_plle2_adv_CLKIN1_CLKOUT0)
                                                     -2.342    -1.652 r  risc32_i/clk_wiz_0/inst/plle2_adv_inst/CLKOUT0
                         net (fo=1, routed)           0.514    -1.138    risc32_i/clk_wiz_0/inst/clk_out1_risc32_clk_wiz_0_0
    BUFGCTRL_X0Y16       BUFG (Prop_bufg_I_O)         0.026    -1.112 r  risc32_i/clk_wiz_0/inst/clkout1_buf/O
                         net (fo=38, routed)          0.603    -0.509    risc32_i/segment_0/inst/clk
    SLICE_X1Y91          FDCE                                         r  risc32_i/segment_0/inst/cnt_reg[0]/C
  -------------------------------------------------------------------    -------------------
    SLICE_X1Y91          FDCE (Prop_fdce_C_Q)         0.128    -0.381 r  risc32_i/segment_0/inst/cnt_reg[0]/Q
                         net (fo=19, routed)          0.130    -0.251    risc32_i/segment_0/inst/cnt[0]
    SLICE_X1Y91          LUT4 (Prop_lut4_I1_O)        0.101    -0.150 r  risc32_i/segment_0/inst/cnt[2]_i_1/O
                         net (fo=1, routed)           0.000    -0.150    risc32_i/segment_0/inst/cnt[2]_i_1_n_0
    SLICE_X1Y91          FDCE                                         r  risc32_i/segment_0/inst/cnt_reg[2]/D
  -------------------------------------------------------------------    -------------------

                         (clock clk_out1_risc32_clk_wiz_0_0 rise edge)
                                                      0.000     0.000 r  
    E3                                                0.000     0.000 r  clk_in1_0 (IN)
                         net (fo=0)                   0.000     0.000    risc32_i/clk_wiz_0/inst/clk_in1
    E3                   IBUF (Prop_ibuf_I_O)         0.438     0.438 r  risc32_i/clk_wiz_0/inst/clkin1_ibufg/O
                         net (fo=1, routed)           0.481     0.919    risc32_i/clk_wiz_0/inst/clk_in1_risc32_clk_wiz_0_0
    PLLE2_ADV_X1Y2       PLLE2_ADV (Prop_plle2_adv_CLKIN1_CLKOUT0)
                                                     -2.659    -1.740 r  risc32_i/clk_wiz_0/inst/plle2_adv_inst/CLKOUT0
                         net (fo=1, routed)           0.560    -1.181    risc32_i/clk_wiz_0/inst/clk_out1_risc32_clk_wiz_0_0
    BUFGCTRL_X0Y16       BUFG (Prop_bufg_I_O)         0.029    -1.152 r  risc32_i/clk_wiz_0/inst/clkout1_buf/O
                         net (fo=38, routed)          0.876    -0.276    risc32_i/segment_0/inst/clk
    SLICE_X1Y91          FDCE                                         r  risc32_i/segment_0/inst/cnt_reg[2]/C
                         clock pessimism             -0.233    -0.509    
                         clock uncertainty            0.108    -0.402    
    SLICE_X1Y91          FDCE (Hold_fdce_C_D)         0.107    -0.295    risc32_i/segment_0/inst/cnt_reg[2]
  -------------------------------------------------------------------
                         required time                          0.295    
                         arrival time                          -0.150    
  -------------------------------------------------------------------
                         slack                                  0.145    

Slack (MET) :             0.158ns  (arrival time - required time)
  Source:                 risc32_i/segment_0/inst/cnt_reg[0]/C
                            (rising edge-triggered cell FDCE clocked by clk_out1_risc32_clk_wiz_0_0_1  {rise@0.000ns fall@10.000ns period=20.000ns})
  Destination:            risc32_i/segment_0/inst/cnt_reg[1]/D
                            (rising edge-triggered cell FDCE clocked by clk_out1_risc32_clk_wiz_0_0  {rise@0.000ns fall@10.000ns period=20.000ns})
  Path Group:             clk_out1_risc32_clk_wiz_0_0
  Path Type:              Hold (Min at Fast Process Corner)
  Requirement:            0.000ns  (clk_out1_risc32_clk_wiz_0_0 rise@0.000ns - clk_out1_risc32_clk_wiz_0_0_1 rise@0.000ns)
  Data Path Delay:        0.356ns  (logic 0.226ns (63.401%)  route 0.130ns (36.599%))
  Logic Levels:           1  (LUT3=1)
  Clock Path Skew:        0.000ns (DCD - SCD - CPR)
    Destination Clock Delay (DCD):    -0.276ns
    Source Clock Delay      (SCD):    -0.509ns
    Clock Pessimism Removal (CPR):    0.233ns
  Clock Uncertainty:      0.108ns  ((TSJ^2 + DJ^2)^1/2) / 2 + PE
    Total System Jitter     (TSJ):    0.071ns
    Discrete Jitter          (DJ):    0.203ns
    Phase Error              (PE):    0.000ns
  Clock Domain Crossing:  Inter clock paths are considered valid unless explicitly excluded by timing constraints such as set_clock_groups or set_false_path.

    Location             Delay type                Incr(ns)  Path(ns)    Netlist Resource(s)
  -------------------------------------------------------------------    -------------------
                         (clock clk_out1_risc32_clk_wiz_0_0_1 rise edge)
                                                      0.000     0.000 r  
    E3                                                0.000     0.000 r  clk_in1_0 (IN)
                         net (fo=0)                   0.000     0.000    risc32_i/clk_wiz_0/inst/clk_in1
    E3                   IBUF (Prop_ibuf_I_O)         0.250     0.250 r  risc32_i/clk_wiz_0/inst/clkin1_ibufg/O
                         net (fo=1, routed)           0.440     0.690    risc32_i/clk_wiz_0/inst/clk_in1_risc32_clk_wiz_0_0
    PLLE2_ADV_X1Y2       PLLE2_ADV (Prop_plle2_adv_CLKIN1_CLKOUT0)
                                                     -2.342    -1.652 r  risc32_i/clk_wiz_0/inst/plle2_adv_inst/CLKOUT0
                         net (fo=1, routed)           0.514    -1.138    risc32_i/clk_wiz_0/inst/clk_out1_risc32_clk_wiz_0_0
    BUFGCTRL_X0Y16       BUFG (Prop_bufg_I_O)         0.026    -1.112 r  risc32_i/clk_wiz_0/inst/clkout1_buf/O
                         net (fo=38, routed)          0.603    -0.509    risc32_i/segment_0/inst/clk
    SLICE_X1Y91          FDCE                                         r  risc32_i/segment_0/inst/cnt_reg[0]/C
  -------------------------------------------------------------------    -------------------
    SLICE_X1Y91          FDCE (Prop_fdce_C_Q)         0.128    -0.381 r  risc32_i/segment_0/inst/cnt_reg[0]/Q
                         net (fo=19, routed)          0.130    -0.251    risc32_i/segment_0/inst/cnt[0]
    SLICE_X1Y91          LUT3 (Prop_lut3_I0_O)        0.098    -0.153 r  risc32_i/segment_0/inst/cnt[1]_i_1/O
                         net (fo=1, routed)           0.000    -0.153    risc32_i/segment_0/inst/cnt[1]_i_1_n_0
    SLICE_X1Y91          FDCE                                         r  risc32_i/segment_0/inst/cnt_reg[1]/D
  -------------------------------------------------------------------    -------------------

                         (clock clk_out1_risc32_clk_wiz_0_0 rise edge)
                                                      0.000     0.000 r  
    E3                                                0.000     0.000 r  clk_in1_0 (IN)
                         net (fo=0)                   0.000     0.000    risc32_i/clk_wiz_0/inst/clk_in1
    E3                   IBUF (Prop_ibuf_I_O)         0.438     0.438 r  risc32_i/clk_wiz_0/inst/clkin1_ibufg/O
                         net (fo=1, routed)           0.481     0.919    risc32_i/clk_wiz_0/inst/clk_in1_risc32_clk_wiz_0_0
    PLLE2_ADV_X1Y2       PLLE2_ADV (Prop_plle2_adv_CLKIN1_CLKOUT0)
                                                     -2.659    -1.740 r  risc32_i/clk_wiz_0/inst/plle2_adv_inst/CLKOUT0
                         net (fo=1, routed)           0.560    -1.181    risc32_i/clk_wiz_0/inst/clk_out1_risc32_clk_wiz_0_0
    BUFGCTRL_X0Y16       BUFG (Prop_bufg_I_O)         0.029    -1.152 r  risc32_i/clk_wiz_0/inst/clkout1_buf/O
                         net (fo=38, routed)          0.876    -0.276    risc32_i/segment_0/inst/clk
    SLICE_X1Y91          FDCE                                         r  risc32_i/segment_0/inst/cnt_reg[1]/C
                         clock pessimism             -0.233    -0.509    
                         clock uncertainty            0.108    -0.402    
    SLICE_X1Y91          FDCE (Hold_fdce_C_D)         0.091    -0.311    risc32_i/segment_0/inst/cnt_reg[1]
  -------------------------------------------------------------------
                         required time                          0.311    
                         arrival time                          -0.153    
  -------------------------------------------------------------------
                         slack                                  0.158    

Slack (MET) :             0.191ns  (arrival time - required time)
  Source:                 risc32_i/segment_0/inst/cnt_reg[1]/C
                            (rising edge-triggered cell FDCE clocked by clk_out1_risc32_clk_wiz_0_0_1  {rise@0.000ns fall@10.000ns period=20.000ns})
  Destination:            risc32_i/segment_0/inst/AN_reg[3]/D
                            (rising edge-triggered cell FDPE clocked by clk_out1_risc32_clk_wiz_0_0  {rise@0.000ns fall@10.000ns period=20.000ns})
  Path Group:             clk_out1_risc32_clk_wiz_0_0
  Path Type:              Hold (Min at Fast Process Corner)
  Requirement:            0.000ns  (clk_out1_risc32_clk_wiz_0_0 rise@0.000ns - clk_out1_risc32_clk_wiz_0_0_1 rise@0.000ns)
  Data Path Delay:        0.423ns  (logic 0.189ns (44.706%)  route 0.234ns (55.294%))
  Logic Levels:           1  (LUT3=1)
  Clock Path Skew:        0.017ns (DCD - SCD - CPR)
    Destination Clock Delay (DCD):    -0.275ns
    Source Clock Delay      (SCD):    -0.509ns
    Clock Pessimism Removal (CPR):    0.217ns
  Clock Uncertainty:      0.108ns  ((TSJ^2 + DJ^2)^1/2) / 2 + PE
    Total System Jitter     (TSJ):    0.071ns
    Discrete Jitter          (DJ):    0.203ns
    Phase Error              (PE):    0.000ns
  Clock Domain Crossing:  Inter clock paths are considered valid unless explicitly excluded by timing constraints such as set_clock_groups or set_false_path.

    Location             Delay type                Incr(ns)  Path(ns)    Netlist Resource(s)
  -------------------------------------------------------------------    -------------------
                         (clock clk_out1_risc32_clk_wiz_0_0_1 rise edge)
                                                      0.000     0.000 r  
    E3                                                0.000     0.000 r  clk_in1_0 (IN)
                         net (fo=0)                   0.000     0.000    risc32_i/clk_wiz_0/inst/clk_in1
    E3                   IBUF (Prop_ibuf_I_O)         0.250     0.250 r  risc32_i/clk_wiz_0/inst/clkin1_ibufg/O
                         net (fo=1, routed)           0.440     0.690    risc32_i/clk_wiz_0/inst/clk_in1_risc32_clk_wiz_0_0
    PLLE2_ADV_X1Y2       PLLE2_ADV (Prop_plle2_adv_CLKIN1_CLKOUT0)
                                                     -2.342    -1.652 r  risc32_i/clk_wiz_0/inst/plle2_adv_inst/CLKOUT0
                         net (fo=1, routed)           0.514    -1.138    risc32_i/clk_wiz_0/inst/clk_out1_risc32_clk_wiz_0_0
    BUFGCTRL_X0Y16       BUFG (Prop_bufg_I_O)         0.026    -1.112 r  risc32_i/clk_wiz_0/inst/clkout1_buf/O
                         net (fo=38, routed)          0.603    -0.509    risc32_i/segment_0/inst/clk
    SLICE_X1Y91          FDCE                                         r  risc32_i/segment_0/inst/cnt_reg[1]/C
  -------------------------------------------------------------------    -------------------
    SLICE_X1Y91          FDCE (Prop_fdce_C_Q)         0.141    -0.368 f  risc32_i/segment_0/inst/cnt_reg[1]/Q
                         net (fo=18, routed)          0.234    -0.135    risc32_i/segment_0/inst/cnt[1]
    SLICE_X3Y93          LUT3 (Prop_lut3_I0_O)        0.048    -0.087 r  risc32_i/segment_0/inst/AN[3]_i_1/O
                         net (fo=1, routed)           0.000    -0.087    risc32_i/segment_0/inst/AN[3]_i_1_n_0
    SLICE_X3Y93          FDPE                                         r  risc32_i/segment_0/inst/AN_reg[3]/D
  -------------------------------------------------------------------    -------------------

                         (clock clk_out1_risc32_clk_wiz_0_0 rise edge)
                                                      0.000     0.000 r  
    E3                                                0.000     0.000 r  clk_in1_0 (IN)
                         net (fo=0)                   0.000     0.000    risc32_i/clk_wiz_0/inst/clk_in1
    E3                   IBUF (Prop_ibuf_I_O)         0.438     0.438 r  risc32_i/clk_wiz_0/inst/clkin1_ibufg/O
                         net (fo=1, routed)           0.481     0.919    risc32_i/clk_wiz_0/inst/clk_in1_risc32_clk_wiz_0_0
    PLLE2_ADV_X1Y2       PLLE2_ADV (Prop_plle2_adv_CLKIN1_CLKOUT0)
                                                     -2.659    -1.740 r  risc32_i/clk_wiz_0/inst/plle2_adv_inst/CLKOUT0
                         net (fo=1, routed)           0.560    -1.181    risc32_i/clk_wiz_0/inst/clk_out1_risc32_clk_wiz_0_0
    BUFGCTRL_X0Y16       BUFG (Prop_bufg_I_O)         0.029    -1.152 r  risc32_i/clk_wiz_0/inst/clkout1_buf/O
                         net (fo=38, routed)          0.877    -0.275    risc32_i/segment_0/inst/clk
    SLICE_X3Y93          FDPE                                         r  risc32_i/segment_0/inst/AN_reg[3]/C
                         clock pessimism             -0.217    -0.492    
                         clock uncertainty            0.108    -0.385    
    SLICE_X3Y93          FDPE (Hold_fdpe_C_D)         0.107    -0.278    risc32_i/segment_0/inst/AN_reg[3]
  -------------------------------------------------------------------
                         required time                          0.278    
                         arrival time                          -0.087    
  -------------------------------------------------------------------
                         slack                                  0.191    

Slack (MET) :             0.204ns  (arrival time - required time)
  Source:                 risc32_i/segment_0/inst/cnt_reg[1]/C
                            (rising edge-triggered cell FDCE clocked by clk_out1_risc32_clk_wiz_0_0_1  {rise@0.000ns fall@10.000ns period=20.000ns})
  Destination:            risc32_i/segment_0/inst/AN_reg[2]/D
                            (rising edge-triggered cell FDPE clocked by clk_out1_risc32_clk_wiz_0_0  {rise@0.000ns fall@10.000ns period=20.000ns})
  Path Group:             clk_out1_risc32_clk_wiz_0_0
  Path Type:              Hold (Min at Fast Process Corner)
  Requirement:            0.000ns  (clk_out1_risc32_clk_wiz_0_0 rise@0.000ns - clk_out1_risc32_clk_wiz_0_0_1 rise@0.000ns)
  Data Path Delay:        0.420ns  (logic 0.186ns (44.311%)  route 0.234ns (55.689%))
  Logic Levels:           1  (LUT3=1)
  Clock Path Skew:        0.017ns (DCD - SCD - CPR)
    Destination Clock Delay (DCD):    -0.275ns
    Source Clock Delay      (SCD):    -0.509ns
    Clock Pessimism Removal (CPR):    0.217ns
  Clock Uncertainty:      0.108ns  ((TSJ^2 + DJ^2)^1/2) / 2 + PE
    Total System Jitter     (TSJ):    0.071ns
    Discrete Jitter          (DJ):    0.203ns
    Phase Error              (PE):    0.000ns
  Clock Domain Crossing:  Inter clock paths are considered valid unless explicitly excluded by timing constraints such as set_clock_groups or set_false_path.

    Location             Delay type                Incr(ns)  Path(ns)    Netlist Resource(s)
  -------------------------------------------------------------------    -------------------
                         (clock clk_out1_risc32_clk_wiz_0_0_1 rise edge)
                                                      0.000     0.000 r  
    E3                                                0.000     0.000 r  clk_in1_0 (IN)
                         net (fo=0)                   0.000     0.000    risc32_i/clk_wiz_0/inst/clk_in1
    E3                   IBUF (Prop_ibuf_I_O)         0.250     0.250 r  risc32_i/clk_wiz_0/inst/clkin1_ibufg/O
                         net (fo=1, routed)           0.440     0.690    risc32_i/clk_wiz_0/inst/clk_in1_risc32_clk_wiz_0_0
    PLLE2_ADV_X1Y2       PLLE2_ADV (Prop_plle2_adv_CLKIN1_CLKOUT0)
                                                     -2.342    -1.652 r  risc32_i/clk_wiz_0/inst/plle2_adv_inst/CLKOUT0
                         net (fo=1, routed)           0.514    -1.138    risc32_i/clk_wiz_0/inst/clk_out1_risc32_clk_wiz_0_0
    BUFGCTRL_X0Y16       BUFG (Prop_bufg_I_O)         0.026    -1.112 r  risc32_i/clk_wiz_0/inst/clkout1_buf/O
                         net (fo=38, routed)          0.603    -0.509    risc32_i/segment_0/inst/clk
    SLICE_X1Y91          FDCE                                         r  risc32_i/segment_0/inst/cnt_reg[1]/C
  -------------------------------------------------------------------    -------------------
    SLICE_X1Y91          FDCE (Prop_fdce_C_Q)         0.141    -0.368 f  risc32_i/segment_0/inst/cnt_reg[1]/Q
                         net (fo=18, routed)          0.234    -0.135    risc32_i/segment_0/inst/cnt[1]
    SLICE_X3Y93          LUT3 (Prop_lut3_I2_O)        0.045    -0.090 r  risc32_i/segment_0/inst/AN[2]_i_1/O
                         net (fo=1, routed)           0.000    -0.090    risc32_i/segment_0/inst/AN[2]_i_1_n_0
    SLICE_X3Y93          FDPE                                         r  risc32_i/segment_0/inst/AN_reg[2]/D
  -------------------------------------------------------------------    -------------------

                         (clock clk_out1_risc32_clk_wiz_0_0 rise edge)
                                                      0.000     0.000 r  
    E3                                                0.000     0.000 r  clk_in1_0 (IN)
                         net (fo=0)                   0.000     0.000    risc32_i/clk_wiz_0/inst/clk_in1
    E3                   IBUF (Prop_ibuf_I_O)         0.438     0.438 r  risc32_i/clk_wiz_0/inst/clkin1_ibufg/O
                         net (fo=1, routed)           0.481     0.919    risc32_i/clk_wiz_0/inst/clk_in1_risc32_clk_wiz_0_0
    PLLE2_ADV_X1Y2       PLLE2_ADV (Prop_plle2_adv_CLKIN1_CLKOUT0)
                                                     -2.659    -1.740 r  risc32_i/clk_wiz_0/inst/plle2_adv_inst/CLKOUT0
                         net (fo=1, routed)           0.560    -1.181    risc32_i/clk_wiz_0/inst/clk_out1_risc32_clk_wiz_0_0
    BUFGCTRL_X0Y16       BUFG (Prop_bufg_I_O)         0.029    -1.152 r  risc32_i/clk_wiz_0/inst/clkout1_buf/O
                         net (fo=38, routed)          0.877    -0.275    risc32_i/segment_0/inst/clk
    SLICE_X3Y93          FDPE                                         r  risc32_i/segment_0/inst/AN_reg[2]/C
                         clock pessimism             -0.217    -0.492    
                         clock uncertainty            0.108    -0.385    
    SLICE_X3Y93          FDPE (Hold_fdpe_C_D)         0.091    -0.294    risc32_i/segment_0/inst/AN_reg[2]
  -------------------------------------------------------------------
                         required time                          0.294    
                         arrival time                          -0.090    
  -------------------------------------------------------------------
                         slack                                  0.204    

Slack (MET) :             0.209ns  (arrival time - required time)
  Source:                 risc32_i/segment_0/inst/cnt_reg[1]/C
                            (rising edge-triggered cell FDCE clocked by clk_out1_risc32_clk_wiz_0_0_1  {rise@0.000ns fall@10.000ns period=20.000ns})
  Destination:            risc32_i/segment_0/inst/AN_reg[7]/D
                            (rising edge-triggered cell FDPE clocked by clk_out1_risc32_clk_wiz_0_0  {rise@0.000ns fall@10.000ns period=20.000ns})
  Path Group:             clk_out1_risc32_clk_wiz_0_0
  Path Type:              Hold (Min at Fast Process Corner)
  Requirement:            0.000ns  (clk_out1_risc32_clk_wiz_0_0 rise@0.000ns - clk_out1_risc32_clk_wiz_0_0_1 rise@0.000ns)
  Data Path Delay:        0.439ns  (logic 0.183ns (41.660%)  route 0.256ns (58.340%))
  Logic Levels:           1  (LUT3=1)
  Clock Path Skew:        0.016ns (DCD - SCD - CPR)
    Destination Clock Delay (DCD):    -0.276ns
    Source Clock Delay      (SCD):    -0.509ns
    Clock Pessimism Removal (CPR):    0.217ns
  Clock Uncertainty:      0.108ns  ((TSJ^2 + DJ^2)^1/2) / 2 + PE
    Total System Jitter     (TSJ):    0.071ns
    Discrete Jitter          (DJ):    0.203ns
    Phase Error              (PE):    0.000ns
  Clock Domain Crossing:  Inter clock paths are considered valid unless explicitly excluded by timing constraints such as set_clock_groups or set_false_path.

    Location             Delay type                Incr(ns)  Path(ns)    Netlist Resource(s)
  -------------------------------------------------------------------    -------------------
                         (clock clk_out1_risc32_clk_wiz_0_0_1 rise edge)
                                                      0.000     0.000 r  
    E3                                                0.000     0.000 r  clk_in1_0 (IN)
                         net (fo=0)                   0.000     0.000    risc32_i/clk_wiz_0/inst/clk_in1
    E3                   IBUF (Prop_ibuf_I_O)         0.250     0.250 r  risc32_i/clk_wiz_0/inst/clkin1_ibufg/O
                         net (fo=1, routed)           0.440     0.690    risc32_i/clk_wiz_0/inst/clk_in1_risc32_clk_wiz_0_0
    PLLE2_ADV_X1Y2       PLLE2_ADV (Prop_plle2_adv_CLKIN1_CLKOUT0)
                                                     -2.342    -1.652 r  risc32_i/clk_wiz_0/inst/plle2_adv_inst/CLKOUT0
                         net (fo=1, routed)           0.514    -1.138    risc32_i/clk_wiz_0/inst/clk_out1_risc32_clk_wiz_0_0
    BUFGCTRL_X0Y16       BUFG (Prop_bufg_I_O)         0.026    -1.112 r  risc32_i/clk_wiz_0/inst/clkout1_buf/O
                         net (fo=38, routed)          0.603    -0.509    risc32_i/segment_0/inst/clk
    SLICE_X1Y91          FDCE                                         r  risc32_i/segment_0/inst/cnt_reg[1]/C
  -------------------------------------------------------------------    -------------------
    SLICE_X1Y91          FDCE (Prop_fdce_C_Q)         0.141    -0.368 f  risc32_i/segment_0/inst/cnt_reg[1]/Q
                         net (fo=18, routed)          0.256    -0.112    risc32_i/segment_0/inst/cnt[1]
    SLICE_X0Y90          LUT3 (Prop_lut3_I2_O)        0.042    -0.070 r  risc32_i/segment_0/inst/AN[7]_i_1/O
                         net (fo=1, routed)           0.000    -0.070    risc32_i/segment_0/inst/AN[7]_i_1_n_0
    SLICE_X0Y90          FDPE                                         r  risc32_i/segment_0/inst/AN_reg[7]/D
  -------------------------------------------------------------------    -------------------

                         (clock clk_out1_risc32_clk_wiz_0_0 rise edge)
                                                      0.000     0.000 r  
    E3                                                0.000     0.000 r  clk_in1_0 (IN)
                         net (fo=0)                   0.000     0.000    risc32_i/clk_wiz_0/inst/clk_in1
    E3                   IBUF (Prop_ibuf_I_O)         0.438     0.438 r  risc32_i/clk_wiz_0/inst/clkin1_ibufg/O
                         net (fo=1, routed)           0.481     0.919    risc32_i/clk_wiz_0/inst/clk_in1_risc32_clk_wiz_0_0
    PLLE2_ADV_X1Y2       PLLE2_ADV (Prop_plle2_adv_CLKIN1_CLKOUT0)
                                                     -2.659    -1.740 r  risc32_i/clk_wiz_0/inst/plle2_adv_inst/CLKOUT0
                         net (fo=1, routed)           0.560    -1.181    risc32_i/clk_wiz_0/inst/clk_out1_risc32_clk_wiz_0_0
    BUFGCTRL_X0Y16       BUFG (Prop_bufg_I_O)         0.029    -1.152 r  risc32_i/clk_wiz_0/inst/clkout1_buf/O
                         net (fo=38, routed)          0.876    -0.276    risc32_i/segment_0/inst/clk
    SLICE_X0Y90          FDPE                                         r  risc32_i/segment_0/inst/AN_reg[7]/C
                         clock pessimism             -0.217    -0.493    
                         clock uncertainty            0.108    -0.386    
    SLICE_X0Y90          FDPE (Hold_fdpe_C_D)         0.107    -0.279    risc32_i/segment_0/inst/AN_reg[7]
  -------------------------------------------------------------------
                         required time                          0.279    
                         arrival time                          -0.070    
  -------------------------------------------------------------------
                         slack                                  0.209    

Slack (MET) :             0.228ns  (arrival time - required time)
  Source:                 risc32_i/segment_0/inst/cnt_reg[1]/C
                            (rising edge-triggered cell FDCE clocked by clk_out1_risc32_clk_wiz_0_0_1  {rise@0.000ns fall@10.000ns period=20.000ns})
  Destination:            risc32_i/segment_0/inst/AN_reg[6]/D
                            (rising edge-triggered cell FDPE clocked by clk_out1_risc32_clk_wiz_0_0  {rise@0.000ns fall@10.000ns period=20.000ns})
  Path Group:             clk_out1_risc32_clk_wiz_0_0
  Path Type:              Hold (Min at Fast Process Corner)
  Requirement:            0.000ns  (clk_out1_risc32_clk_wiz_0_0 rise@0.000ns - clk_out1_risc32_clk_wiz_0_0_1 rise@0.000ns)
  Data Path Delay:        0.442ns  (logic 0.186ns (42.056%)  route 0.256ns (57.944%))
  Logic Levels:           1  (LUT3=1)
  Clock Path Skew:        0.016ns (DCD - SCD - CPR)
    Destination Clock Delay (DCD):    -0.276ns
    Source Clock Delay      (SCD):    -0.509ns
    Clock Pessimism Removal (CPR):    0.217ns
  Clock Uncertainty:      0.108ns  ((TSJ^2 + DJ^2)^1/2) / 2 + PE
    Total System Jitter     (TSJ):    0.071ns
    Discrete Jitter          (DJ):    0.203ns
    Phase Error              (PE):    0.000ns
  Clock Domain Crossing:  Inter clock paths are considered valid unless explicitly excluded by timing constraints such as set_clock_groups or set_false_path.

    Location             Delay type                Incr(ns)  Path(ns)    Netlist Resource(s)
  -------------------------------------------------------------------    -------------------
                         (clock clk_out1_risc32_clk_wiz_0_0_1 rise edge)
                                                      0.000     0.000 r  
    E3                                                0.000     0.000 r  clk_in1_0 (IN)
                         net (fo=0)                   0.000     0.000    risc32_i/clk_wiz_0/inst/clk_in1
    E3                   IBUF (Prop_ibuf_I_O)         0.250     0.250 r  risc32_i/clk_wiz_0/inst/clkin1_ibufg/O
                         net (fo=1, routed)           0.440     0.690    risc32_i/clk_wiz_0/inst/clk_in1_risc32_clk_wiz_0_0
    PLLE2_ADV_X1Y2       PLLE2_ADV (Prop_plle2_adv_CLKIN1_CLKOUT0)
                                                     -2.342    -1.652 r  risc32_i/clk_wiz_0/inst/plle2_adv_inst/CLKOUT0
                         net (fo=1, routed)           0.514    -1.138    risc32_i/clk_wiz_0/inst/clk_out1_risc32_clk_wiz_0_0
    BUFGCTRL_X0Y16       BUFG (Prop_bufg_I_O)         0.026    -1.112 r  risc32_i/clk_wiz_0/inst/clkout1_buf/O
                         net (fo=38, routed)          0.603    -0.509    risc32_i/segment_0/inst/clk
    SLICE_X1Y91          FDCE                                         r  risc32_i/segment_0/inst/cnt_reg[1]/C
  -------------------------------------------------------------------    -------------------
    SLICE_X1Y91          FDCE (Prop_fdce_C_Q)         0.141    -0.368 f  risc32_i/segment_0/inst/cnt_reg[1]/Q
                         net (fo=18, routed)          0.256    -0.112    risc32_i/segment_0/inst/cnt[1]
    SLICE_X0Y90          LUT3 (Prop_lut3_I0_O)        0.045    -0.067 r  risc32_i/segment_0/inst/AN[6]_i_1/O
                         net (fo=1, routed)           0.000    -0.067    risc32_i/segment_0/inst/AN[6]_i_1_n_0
    SLICE_X0Y90          FDPE                                         r  risc32_i/segment_0/inst/AN_reg[6]/D
  -------------------------------------------------------------------    -------------------

                         (clock clk_out1_risc32_clk_wiz_0_0 rise edge)
                                                      0.000     0.000 r  
    E3                                                0.000     0.000 r  clk_in1_0 (IN)
                         net (fo=0)                   0.000     0.000    risc32_i/clk_wiz_0/inst/clk_in1
    E3                   IBUF (Prop_ibuf_I_O)         0.438     0.438 r  risc32_i/clk_wiz_0/inst/clkin1_ibufg/O
                         net (fo=1, routed)           0.481     0.919    risc32_i/clk_wiz_0/inst/clk_in1_risc32_clk_wiz_0_0
    PLLE2_ADV_X1Y2       PLLE2_ADV (Prop_plle2_adv_CLKIN1_CLKOUT0)
                                                     -2.659    -1.740 r  risc32_i/clk_wiz_0/inst/plle2_adv_inst/CLKOUT0
                         net (fo=1, routed)           0.560    -1.181    risc32_i/clk_wiz_0/inst/clk_out1_risc32_clk_wiz_0_0
    BUFGCTRL_X0Y16       BUFG (Prop_bufg_I_O)         0.029    -1.152 r  risc32_i/clk_wiz_0/inst/clkout1_buf/O
                         net (fo=38, routed)          0.876    -0.276    risc32_i/segment_0/inst/clk
    SLICE_X0Y90          FDPE                                         r  risc32_i/segment_0/inst/AN_reg[6]/C
                         clock pessimism             -0.217    -0.493    
                         clock uncertainty            0.108    -0.386    
    SLICE_X0Y90          FDPE (Hold_fdpe_C_D)         0.091    -0.295    risc32_i/segment_0/inst/AN_reg[6]
  -------------------------------------------------------------------
                         required time                          0.295    
                         arrival time                          -0.067    
  -------------------------------------------------------------------
                         slack                                  0.228    

Slack (MET) :             0.231ns  (arrival time - required time)
  Source:                 risc32_i/segment_0/inst/seg_num_reg[0]/C
                            (rising edge-triggered cell FDCE clocked by clk_out1_risc32_clk_wiz_0_0_1  {rise@0.000ns fall@10.000ns period=20.000ns})
  Destination:            risc32_i/segment_0/inst/seg_data_o_reg[1]/D
                            (rising edge-triggered cell FDPE clocked by clk_out1_risc32_clk_wiz_0_0  {rise@0.000ns fall@10.000ns period=20.000ns})
  Path Group:             clk_out1_risc32_clk_wiz_0_0
  Path Type:              Hold (Min at Fast Process Corner)
  Requirement:            0.000ns  (clk_out1_risc32_clk_wiz_0_0 rise@0.000ns - clk_out1_risc32_clk_wiz_0_0_1 rise@0.000ns)
  Data Path Delay:        0.486ns  (logic 0.184ns (37.877%)  route 0.302ns (62.123%))
  Logic Levels:           1  (LUT4=1)
  Clock Path Skew:        0.040ns (DCD - SCD - CPR)
    Destination Clock Delay (DCD):    -0.276ns
    Source Clock Delay      (SCD):    -0.510ns
    Clock Pessimism Removal (CPR):    0.194ns
  Clock Uncertainty:      0.108ns  ((TSJ^2 + DJ^2)^1/2) / 2 + PE
    Total System Jitter     (TSJ):    0.071ns
    Discrete Jitter          (DJ):    0.203ns
    Phase Error              (PE):    0.000ns
  Clock Domain Crossing:  Inter clock paths are considered valid unless explicitly excluded by timing constraints such as set_clock_groups or set_false_path.

    Location             Delay type                Incr(ns)  Path(ns)    Netlist Resource(s)
  -------------------------------------------------------------------    -------------------
                         (clock clk_out1_risc32_clk_wiz_0_0_1 rise edge)
                                                      0.000     0.000 r  
    E3                                                0.000     0.000 r  clk_in1_0 (IN)
                         net (fo=0)                   0.000     0.000    risc32_i/clk_wiz_0/inst/clk_in1
    E3                   IBUF (Prop_ibuf_I_O)         0.250     0.250 r  risc32_i/clk_wiz_0/inst/clkin1_ibufg/O
                         net (fo=1, routed)           0.440     0.690    risc32_i/clk_wiz_0/inst/clk_in1_risc32_clk_wiz_0_0
    PLLE2_ADV_X1Y2       PLLE2_ADV (Prop_plle2_adv_CLKIN1_CLKOUT0)
                                                     -2.342    -1.652 r  risc32_i/clk_wiz_0/inst/plle2_adv_inst/CLKOUT0
                         net (fo=1, routed)           0.514    -1.138    risc32_i/clk_wiz_0/inst/clk_out1_risc32_clk_wiz_0_0
    BUFGCTRL_X0Y16       BUFG (Prop_bufg_I_O)         0.026    -1.112 r  risc32_i/clk_wiz_0/inst/clkout1_buf/O
                         net (fo=38, routed)          0.602    -0.510    risc32_i/segment_0/inst/clk
    SLICE_X5Y92          FDCE                                         r  risc32_i/segment_0/inst/seg_num_reg[0]/C
  -------------------------------------------------------------------    -------------------
    SLICE_X5Y92          FDCE (Prop_fdce_C_Q)         0.141    -0.369 r  risc32_i/segment_0/inst/seg_num_reg[0]/Q
                         net (fo=7, routed)           0.302    -0.067    risc32_i/segment_0/inst/seg_num[0]
    SLICE_X0Y90          LUT4 (Prop_lut4_I3_O)        0.043    -0.024 r  risc32_i/segment_0/inst/seg_data_o[1]_i_1/O
                         net (fo=1, routed)           0.000    -0.024    risc32_i/segment_0/inst/seg_data_o_0[1]
    SLICE_X0Y90          FDPE                                         r  risc32_i/segment_0/inst/seg_data_o_reg[1]/D
  -------------------------------------------------------------------    -------------------

                         (clock clk_out1_risc32_clk_wiz_0_0 rise edge)
                                                      0.000     0.000 r  
    E3                                                0.000     0.000 r  clk_in1_0 (IN)
                         net (fo=0)                   0.000     0.000    risc32_i/clk_wiz_0/inst/clk_in1
    E3                   IBUF (Prop_ibuf_I_O)         0.438     0.438 r  risc32_i/clk_wiz_0/inst/clkin1_ibufg/O
                         net (fo=1, routed)           0.481     0.919    risc32_i/clk_wiz_0/inst/clk_in1_risc32_clk_wiz_0_0
    PLLE2_ADV_X1Y2       PLLE2_ADV (Prop_plle2_adv_CLKIN1_CLKOUT0)
                                                     -2.659    -1.740 r  risc32_i/clk_wiz_0/inst/plle2_adv_inst/CLKOUT0
                         net (fo=1, routed)           0.560    -1.181    risc32_i/clk_wiz_0/inst/clk_out1_risc32_clk_wiz_0_0
    BUFGCTRL_X0Y16       BUFG (Prop_bufg_I_O)         0.029    -1.152 r  risc32_i/clk_wiz_0/inst/clkout1_buf/O
                         net (fo=38, routed)          0.876    -0.276    risc32_i/segment_0/inst/clk
    SLICE_X0Y90          FDPE                                         r  risc32_i/segment_0/inst/seg_data_o_reg[1]/C
                         clock pessimism             -0.194    -0.470    
                         clock uncertainty            0.108    -0.363    
    SLICE_X0Y90          FDPE (Hold_fdpe_C_D)         0.107    -0.256    risc32_i/segment_0/inst/seg_data_o_reg[1]
  -------------------------------------------------------------------
                         required time                          0.256    
                         arrival time                          -0.024    
  -------------------------------------------------------------------
                         slack                                  0.231    

Slack (MET) :             0.248ns  (arrival time - required time)
  Source:                 risc32_i/segment_0/inst/cnt_reg[2]/C
                            (rising edge-triggered cell FDCE clocked by clk_out1_risc32_clk_wiz_0_0_1  {rise@0.000ns fall@10.000ns period=20.000ns})
  Destination:            risc32_i/segment_0/inst/seg_num_reg[2]/D
                            (rising edge-triggered cell FDCE clocked by clk_out1_risc32_clk_wiz_0_0  {rise@0.000ns fall@10.000ns period=20.000ns})
  Path Group:             clk_out1_risc32_clk_wiz_0_0
  Path Type:              Hold (Min at Fast Process Corner)
  Requirement:            0.000ns  (clk_out1_risc32_clk_wiz_0_0 rise@0.000ns - clk_out1_risc32_clk_wiz_0_0_1 rise@0.000ns)
  Data Path Delay:        0.496ns  (logic 0.275ns (55.404%)  route 0.221ns (44.596%))
  Logic Levels:           1  (MUXF7=1)
  Clock Path Skew:        0.036ns (DCD - SCD - CPR)
    Destination Clock Delay (DCD):    -0.279ns
    Source Clock Delay      (SCD):    -0.509ns
    Clock Pessimism Removal (CPR):    0.194ns
  Clock Uncertainty:      0.108ns  ((TSJ^2 + DJ^2)^1/2) / 2 + PE
    Total System Jitter     (TSJ):    0.071ns
    Discrete Jitter          (DJ):    0.203ns
    Phase Error              (PE):    0.000ns
  Clock Domain Crossing:  Inter clock paths are considered valid unless explicitly excluded by timing constraints such as set_clock_groups or set_false_path.

    Location             Delay type                Incr(ns)  Path(ns)    Netlist Resource(s)
  -------------------------------------------------------------------    -------------------
                         (clock clk_out1_risc32_clk_wiz_0_0_1 rise edge)
                                                      0.000     0.000 r  
    E3                                                0.000     0.000 r  clk_in1_0 (IN)
                         net (fo=0)                   0.000     0.000    risc32_i/clk_wiz_0/inst/clk_in1
    E3                   IBUF (Prop_ibuf_I_O)         0.250     0.250 r  risc32_i/clk_wiz_0/inst/clkin1_ibufg/O
                         net (fo=1, routed)           0.440     0.690    risc32_i/clk_wiz_0/inst/clk_in1_risc32_clk_wiz_0_0
    PLLE2_ADV_X1Y2       PLLE2_ADV (Prop_plle2_adv_CLKIN1_CLKOUT0)
                                                     -2.342    -1.652 r  risc32_i/clk_wiz_0/inst/plle2_adv_inst/CLKOUT0
                         net (fo=1, routed)           0.514    -1.138    risc32_i/clk_wiz_0/inst/clk_out1_risc32_clk_wiz_0_0
    BUFGCTRL_X0Y16       BUFG (Prop_bufg_I_O)         0.026    -1.112 r  risc32_i/clk_wiz_0/inst/clkout1_buf/O
                         net (fo=38, routed)          0.603    -0.509    risc32_i/segment_0/inst/clk
    SLICE_X1Y91          FDCE                                         r  risc32_i/segment_0/inst/cnt_reg[2]/C
  -------------------------------------------------------------------    -------------------
    SLICE_X1Y91          FDCE (Prop_fdce_C_Q)         0.128    -0.381 r  risc32_i/segment_0/inst/cnt_reg[2]/Q
                         net (fo=13, routed)          0.221    -0.160    risc32_i/segment_0/inst/cnt[2]
    SLICE_X5Y92          MUXF7 (Prop_muxf7_S_O)       0.147    -0.013 r  risc32_i/segment_0/inst/seg_num_reg[2]_i_1/O
                         net (fo=1, routed)           0.000    -0.013    risc32_i/segment_0/inst/seg_num_2[2]
    SLICE_X5Y92          FDCE                                         r  risc32_i/segment_0/inst/seg_num_reg[2]/D
  -------------------------------------------------------------------    -------------------

                         (clock clk_out1_risc32_clk_wiz_0_0 rise edge)
                                                      0.000     0.000 r  
    E3                                                0.000     0.000 r  clk_in1_0 (IN)
                         net (fo=0)                   0.000     0.000    risc32_i/clk_wiz_0/inst/clk_in1
    E3                   IBUF (Prop_ibuf_I_O)         0.438     0.438 r  risc32_i/clk_wiz_0/inst/clkin1_ibufg/O
                         net (fo=1, routed)           0.481     0.919    risc32_i/clk_wiz_0/inst/clk_in1_risc32_clk_wiz_0_0
    PLLE2_ADV_X1Y2       PLLE2_ADV (Prop_plle2_adv_CLKIN1_CLKOUT0)
                                                     -2.659    -1.740 r  risc32_i/clk_wiz_0/inst/plle2_adv_inst/CLKOUT0
                         net (fo=1, routed)           0.560    -1.181    risc32_i/clk_wiz_0/inst/clk_out1_risc32_clk_wiz_0_0
    BUFGCTRL_X0Y16       BUFG (Prop_bufg_I_O)         0.029    -1.152 r  risc32_i/clk_wiz_0/inst/clkout1_buf/O
                         net (fo=38, routed)          0.873    -0.279    risc32_i/segment_0/inst/clk
    SLICE_X5Y92          FDCE                                         r  risc32_i/segment_0/inst/seg_num_reg[2]/C
                         clock pessimism             -0.194    -0.473    
                         clock uncertainty            0.108    -0.366    
    SLICE_X5Y92          FDCE (Hold_fdce_C_D)         0.105    -0.261    risc32_i/segment_0/inst/seg_num_reg[2]
  -------------------------------------------------------------------
                         required time                          0.261    
                         arrival time                          -0.013    
  -------------------------------------------------------------------
                         slack                                  0.248    





---------------------------------------------------------------------------------------------------
From Clock:  clk_out1_risc32_clk_wiz_0_0
  To Clock:  clk_out1_risc32_clk_wiz_0_0_1

Setup :            0  Failing Endpoints,  Worst Slack       16.149ns,  Total Violation        0.000ns
Hold  :            0  Failing Endpoints,  Worst Slack        0.092ns,  Total Violation        0.000ns
---------------------------------------------------------------------------------------------------


Max Delay Paths
--------------------------------------------------------------------------------------
Slack (MET) :             16.149ns  (required time - arrival time)
  Source:                 risc32_i/segment_0/inst/cnt_ms_reg[1]/C
                            (rising edge-triggered cell FDCE clocked by clk_out1_risc32_clk_wiz_0_0  {rise@0.000ns fall@10.000ns period=20.000ns})
  Destination:            risc32_i/segment_0/inst/cnt_ms_reg[13]/D
                            (rising edge-triggered cell FDCE clocked by clk_out1_risc32_clk_wiz_0_0_1  {rise@0.000ns fall@10.000ns period=20.000ns})
  Path Group:             clk_out1_risc32_clk_wiz_0_0_1
  Path Type:              Setup (Max at Slow Process Corner)
  Requirement:            20.000ns  (clk_out1_risc32_clk_wiz_0_0_1 rise@20.000ns - clk_out1_risc32_clk_wiz_0_0 rise@0.000ns)
  Data Path Delay:        3.795ns  (logic 1.889ns (49.779%)  route 1.906ns (50.221%))
  Logic Levels:           5  (CARRY4=4 LUT2=1)
  Clock Path Skew:        -0.024ns (DCD - SCD + CPR)
    Destination Clock Delay (DCD):    -1.933ns = ( 18.067 - 20.000 ) 
    Source Clock Delay      (SCD):    -2.323ns
    Clock Pessimism Removal (CPR):    -0.414ns
  Clock Uncertainty:      0.108ns  ((TSJ^2 + DJ^2)^1/2) / 2 + PE
    Total System Jitter     (TSJ):    0.071ns
    Discrete Jitter          (DJ):    0.203ns
    Phase Error              (PE):    0.000ns
  Clock Domain Crossing:  Inter clock paths are considered valid unless explicitly excluded by timing constraints such as set_clock_groups or set_false_path.

    Location             Delay type                Incr(ns)  Path(ns)    Netlist Resource(s)
  -------------------------------------------------------------------    -------------------
                         (clock clk_out1_risc32_clk_wiz_0_0 rise edge)
                                                      0.000     0.000 r  
    E3                                                0.000     0.000 r  clk_in1_0 (IN)
                         net (fo=0)                   0.000     0.000    risc32_i/clk_wiz_0/inst/clk_in1
    E3                   IBUF (Prop_ibuf_I_O)         1.482     1.482 r  risc32_i/clk_wiz_0/inst/clkin1_ibufg/O
                         net (fo=1, routed)           1.253     2.735    risc32_i/clk_wiz_0/inst/clk_in1_risc32_clk_wiz_0_0
    PLLE2_ADV_X1Y2       PLLE2_ADV (Prop_plle2_adv_CLKIN1_CLKOUT0)
                                                     -8.591    -5.856 r  risc32_i/clk_wiz_0/inst/plle2_adv_inst/CLKOUT0
                         net (fo=1, routed)           1.713    -4.143    risc32_i/clk_wiz_0/inst/clk_out1_risc32_clk_wiz_0_0
    BUFGCTRL_X0Y16       BUFG (Prop_bufg_I_O)         0.096    -4.047 r  risc32_i/clk_wiz_0/inst/clkout1_buf/O
                         net (fo=38, routed)          1.724    -2.323    risc32_i/segment_0/inst/clk
    SLICE_X1Y91          FDCE                                         r  risc32_i/segment_0/inst/cnt_ms_reg[1]/C
  -------------------------------------------------------------------    -------------------
    SLICE_X1Y91          FDCE (Prop_fdce_C_Q)         0.456    -1.867 r  risc32_i/segment_0/inst/cnt_ms_reg[1]/Q
                         net (fo=2, routed)           1.046    -0.821    risc32_i/segment_0/inst/cnt_ms[1]
    SLICE_X0Y91          CARRY4 (Prop_carry4_S[0]_CO[3])
                                                      0.656    -0.165 r  risc32_i/segment_0/inst/cnt_ms0_carry/CO[3]
                         net (fo=1, routed)           0.000    -0.165    risc32_i/segment_0/inst/cnt_ms0_carry_n_0
    SLICE_X0Y92          CARRY4 (Prop_carry4_CI_CO[3])
                                                      0.114    -0.051 r  risc32_i/segment_0/inst/cnt_ms0_carry__0/CO[3]
                         net (fo=1, routed)           0.000    -0.051    risc32_i/segment_0/inst/cnt_ms0_carry__0_n_0
    SLICE_X0Y93          CARRY4 (Prop_carry4_CI_CO[3])
                                                      0.114     0.063 r  risc32_i/segment_0/inst/cnt_ms0_carry__1/CO[3]
                         net (fo=1, routed)           0.000     0.063    risc32_i/segment_0/inst/cnt_ms0_carry__1_n_0
    SLICE_X0Y94          CARRY4 (Prop_carry4_CI_O[0])
                                                      0.222     0.285 r  risc32_i/segment_0/inst/cnt_ms0_carry__2/O[0]
                         net (fo=1, routed)           0.860     1.145    risc32_i/segment_0/inst/data0[13]
    SLICE_X1Y94          LUT2 (Prop_lut2_I1_O)        0.327     1.472 r  risc32_i/segment_0/inst/cnt_ms[13]_i_1/O
                         net (fo=1, routed)           0.000     1.472    risc32_i/segment_0/inst/cnt_ms_1[13]
    SLICE_X1Y94          FDCE                                         r  risc32_i/segment_0/inst/cnt_ms_reg[13]/D
  -------------------------------------------------------------------    -------------------

                         (clock clk_out1_risc32_clk_wiz_0_0_1 rise edge)
                                                     20.000    20.000 r  
    E3                                                0.000    20.000 r  clk_in1_0 (IN)
                         net (fo=0)                   0.000    20.000    risc32_i/clk_wiz_0/inst/clk_in1
    E3                   IBUF (Prop_ibuf_I_O)         1.411    21.411 r  risc32_i/clk_wiz_0/inst/clkin1_ibufg/O
                         net (fo=1, routed)           1.181    22.592    risc32_i/clk_wiz_0/inst/clk_in1_risc32_clk_wiz_0_0
    PLLE2_ADV_X1Y2       PLLE2_ADV (Prop_plle2_adv_CLKIN1_CLKOUT0)
                                                     -7.856    14.736 r  risc32_i/clk_wiz_0/inst/plle2_adv_inst/CLKOUT0
                         net (fo=1, routed)           1.634    16.370    risc32_i/clk_wiz_0/inst/clk_out1_risc32_clk_wiz_0_0
    BUFGCTRL_X0Y16       BUFG (Prop_bufg_I_O)         0.091    16.461 r  risc32_i/clk_wiz_0/inst/clkout1_buf/O
                         net (fo=38, routed)          1.605    18.067    risc32_i/segment_0/inst/clk
    SLICE_X1Y94          FDCE                                         r  risc32_i/segment_0/inst/cnt_ms_reg[13]/C
                         clock pessimism             -0.414    17.653    
                         clock uncertainty           -0.108    17.546    
    SLICE_X1Y94          FDCE (Setup_fdce_C_D)        0.075    17.621    risc32_i/segment_0/inst/cnt_ms_reg[13]
  -------------------------------------------------------------------
                         required time                         17.621    
                         arrival time                          -1.472    
  -------------------------------------------------------------------
                         slack                                 16.149    

Slack (MET) :             16.191ns  (required time - arrival time)
  Source:                 risc32_i/segment_0/inst/cnt_ms_reg[5]/C
                            (rising edge-triggered cell FDCE clocked by clk_out1_risc32_clk_wiz_0_0  {rise@0.000ns fall@10.000ns period=20.000ns})
  Destination:            risc32_i/segment_0/inst/cnt_reg[1]/D
                            (rising edge-triggered cell FDCE clocked by clk_out1_risc32_clk_wiz_0_0_1  {rise@0.000ns fall@10.000ns period=20.000ns})
  Path Group:             clk_out1_risc32_clk_wiz_0_0_1
  Path Type:              Setup (Max at Slow Process Corner)
  Requirement:            20.000ns  (clk_out1_risc32_clk_wiz_0_0_1 rise@20.000ns - clk_out1_risc32_clk_wiz_0_0 rise@0.000ns)
  Data Path Delay:        3.705ns  (logic 0.966ns (26.071%)  route 2.739ns (73.929%))
  Logic Levels:           3  (LUT3=1 LUT4=2)
  Clock Path Skew:        -0.025ns (DCD - SCD + CPR)
    Destination Clock Delay (DCD):    -1.934ns = ( 18.066 - 20.000 ) 
    Source Clock Delay      (SCD):    -2.323ns
    Clock Pessimism Removal (CPR):    -0.414ns
  Clock Uncertainty:      0.108ns  ((TSJ^2 + DJ^2)^1/2) / 2 + PE
    Total System Jitter     (TSJ):    0.071ns
    Discrete Jitter          (DJ):    0.203ns
    Phase Error              (PE):    0.000ns
  Clock Domain Crossing:  Inter clock paths are considered valid unless explicitly excluded by timing constraints such as set_clock_groups or set_false_path.

    Location             Delay type                Incr(ns)  Path(ns)    Netlist Resource(s)
  -------------------------------------------------------------------    -------------------
                         (clock clk_out1_risc32_clk_wiz_0_0 rise edge)
                                                      0.000     0.000 r  
    E3                                                0.000     0.000 r  clk_in1_0 (IN)
                         net (fo=0)                   0.000     0.000    risc32_i/clk_wiz_0/inst/clk_in1
    E3                   IBUF (Prop_ibuf_I_O)         1.482     1.482 r  risc32_i/clk_wiz_0/inst/clkin1_ibufg/O
                         net (fo=1, routed)           1.253     2.735    risc32_i/clk_wiz_0/inst/clk_in1_risc32_clk_wiz_0_0
    PLLE2_ADV_X1Y2       PLLE2_ADV (Prop_plle2_adv_CLKIN1_CLKOUT0)
                                                     -8.591    -5.856 r  risc32_i/clk_wiz_0/inst/plle2_adv_inst/CLKOUT0
                         net (fo=1, routed)           1.713    -4.143    risc32_i/clk_wiz_0/inst/clk_out1_risc32_clk_wiz_0_0
    BUFGCTRL_X0Y16       BUFG (Prop_bufg_I_O)         0.096    -4.047 r  risc32_i/clk_wiz_0/inst/clkout1_buf/O
                         net (fo=38, routed)          1.724    -2.323    risc32_i/segment_0/inst/clk
    SLICE_X1Y92          FDCE                                         r  risc32_i/segment_0/inst/cnt_ms_reg[5]/C
  -------------------------------------------------------------------    -------------------
    SLICE_X1Y92          FDCE (Prop_fdce_C_Q)         0.419    -1.904 r  risc32_i/segment_0/inst/cnt_ms_reg[5]/Q
                         net (fo=2, routed)           1.105    -0.799    risc32_i/segment_0/inst/cnt_ms[5]
    SLICE_X1Y92          LUT4 (Prop_lut4_I0_O)        0.299    -0.500 r  risc32_i/segment_0/inst/cnt_ms[15]_i_3/O
                         net (fo=1, routed)           0.797     0.297    risc32_i/segment_0/inst/cnt_ms[15]_i_3_n_0
    SLICE_X1Y93          LUT4 (Prop_lut4_I0_O)        0.124     0.421 r  risc32_i/segment_0/inst/cnt_ms[15]_i_2/O
                         net (fo=18, routed)          0.837     1.259    risc32_i/segment_0/inst/cnt_ms[15]_i_2_n_0
    SLICE_X1Y91          LUT3 (Prop_lut3_I1_O)        0.124     1.383 r  risc32_i/segment_0/inst/cnt[1]_i_1/O
                         net (fo=1, routed)           0.000     1.383    risc32_i/segment_0/inst/cnt[1]_i_1_n_0
    SLICE_X1Y91          FDCE                                         r  risc32_i/segment_0/inst/cnt_reg[1]/D
  -------------------------------------------------------------------    -------------------

                         (clock clk_out1_risc32_clk_wiz_0_0_1 rise edge)
                                                     20.000    20.000 r  
    E3                                                0.000    20.000 r  clk_in1_0 (IN)
                         net (fo=0)                   0.000    20.000    risc32_i/clk_wiz_0/inst/clk_in1
    E3                   IBUF (Prop_ibuf_I_O)         1.411    21.411 r  risc32_i/clk_wiz_0/inst/clkin1_ibufg/O
                         net (fo=1, routed)           1.181    22.592    risc32_i/clk_wiz_0/inst/clk_in1_risc32_clk_wiz_0_0
    PLLE2_ADV_X1Y2       PLLE2_ADV (Prop_plle2_adv_CLKIN1_CLKOUT0)
                                                     -7.856    14.736 r  risc32_i/clk_wiz_0/inst/plle2_adv_inst/CLKOUT0
                         net (fo=1, routed)           1.634    16.370    risc32_i/clk_wiz_0/inst/clk_out1_risc32_clk_wiz_0_0
    BUFGCTRL_X0Y16       BUFG (Prop_bufg_I_O)         0.091    16.461 r  risc32_i/clk_wiz_0/inst/clkout1_buf/O
                         net (fo=38, routed)          1.604    18.066    risc32_i/segment_0/inst/clk
    SLICE_X1Y91          FDCE                                         r  risc32_i/segment_0/inst/cnt_reg[1]/C
                         clock pessimism             -0.414    17.652    
                         clock uncertainty           -0.108    17.545    
    SLICE_X1Y91          FDCE (Setup_fdce_C_D)        0.029    17.574    risc32_i/segment_0/inst/cnt_reg[1]
  -------------------------------------------------------------------
                         required time                         17.574    
                         arrival time                          -1.383    
  -------------------------------------------------------------------
                         slack                                 16.191    

Slack (MET) :             16.205ns  (required time - arrival time)
  Source:                 risc32_i/segment_0/inst/cnt_ms_reg[1]/C
                            (rising edge-triggered cell FDCE clocked by clk_out1_risc32_clk_wiz_0_0  {rise@0.000ns fall@10.000ns period=20.000ns})
  Destination:            risc32_i/segment_0/inst/cnt_ms_reg[12]/D
                            (rising edge-triggered cell FDCE clocked by clk_out1_risc32_clk_wiz_0_0_1  {rise@0.000ns fall@10.000ns period=20.000ns})
  Path Group:             clk_out1_risc32_clk_wiz_0_0_1
  Path Type:              Setup (Max at Slow Process Corner)
  Requirement:            20.000ns  (clk_out1_risc32_clk_wiz_0_0_1 rise@20.000ns - clk_out1_risc32_clk_wiz_0_0 rise@0.000ns)
  Data Path Delay:        3.694ns  (logic 1.845ns (49.942%)  route 1.849ns (50.058%))
  Logic Levels:           4  (CARRY4=3 LUT2=1)
  Clock Path Skew:        -0.024ns (DCD - SCD + CPR)
    Destination Clock Delay (DCD):    -1.933ns = ( 18.067 - 20.000 ) 
    Source Clock Delay      (SCD):    -2.323ns
    Clock Pessimism Removal (CPR):    -0.414ns
  Clock Uncertainty:      0.108ns  ((TSJ^2 + DJ^2)^1/2) / 2 + PE
    Total System Jitter     (TSJ):    0.071ns
    Discrete Jitter          (DJ):    0.203ns
    Phase Error              (PE):    0.000ns
  Clock Domain Crossing:  Inter clock paths are considered valid unless explicitly excluded by timing constraints such as set_clock_groups or set_false_path.

    Location             Delay type                Incr(ns)  Path(ns)    Netlist Resource(s)
  -------------------------------------------------------------------    -------------------
                         (clock clk_out1_risc32_clk_wiz_0_0 rise edge)
                                                      0.000     0.000 r  
    E3                                                0.000     0.000 r  clk_in1_0 (IN)
                         net (fo=0)                   0.000     0.000    risc32_i/clk_wiz_0/inst/clk_in1
    E3                   IBUF (Prop_ibuf_I_O)         1.482     1.482 r  risc32_i/clk_wiz_0/inst/clkin1_ibufg/O
                         net (fo=1, routed)           1.253     2.735    risc32_i/clk_wiz_0/inst/clk_in1_risc32_clk_wiz_0_0
    PLLE2_ADV_X1Y2       PLLE2_ADV (Prop_plle2_adv_CLKIN1_CLKOUT0)
                                                     -8.591    -5.856 r  risc32_i/clk_wiz_0/inst/plle2_adv_inst/CLKOUT0
                         net (fo=1, routed)           1.713    -4.143    risc32_i/clk_wiz_0/inst/clk_out1_risc32_clk_wiz_0_0
    BUFGCTRL_X0Y16       BUFG (Prop_bufg_I_O)         0.096    -4.047 r  risc32_i/clk_wiz_0/inst/clkout1_buf/O
                         net (fo=38, routed)          1.724    -2.323    risc32_i/segment_0/inst/clk
    SLICE_X1Y91          FDCE                                         r  risc32_i/segment_0/inst/cnt_ms_reg[1]/C
  -------------------------------------------------------------------    -------------------
    SLICE_X1Y91          FDCE (Prop_fdce_C_Q)         0.456    -1.867 r  risc32_i/segment_0/inst/cnt_ms_reg[1]/Q
                         net (fo=2, routed)           1.046    -0.821    risc32_i/segment_0/inst/cnt_ms[1]
    SLICE_X0Y91          CARRY4 (Prop_carry4_S[0]_CO[3])
                                                      0.656    -0.165 r  risc32_i/segment_0/inst/cnt_ms0_carry/CO[3]
                         net (fo=1, routed)           0.000    -0.165    risc32_i/segment_0/inst/cnt_ms0_carry_n_0
    SLICE_X0Y92          CARRY4 (Prop_carry4_CI_CO[3])
                                                      0.114    -0.051 r  risc32_i/segment_0/inst/cnt_ms0_carry__0/CO[3]
                         net (fo=1, routed)           0.000    -0.051    risc32_i/segment_0/inst/cnt_ms0_carry__0_n_0
    SLICE_X0Y93          CARRY4 (Prop_carry4_CI_O[3])
                                                      0.313     0.262 r  risc32_i/segment_0/inst/cnt_ms0_carry__1/O[3]
                         net (fo=1, routed)           0.803     1.066    risc32_i/segment_0/inst/data0[12]
    SLICE_X1Y94          LUT2 (Prop_lut2_I1_O)        0.306     1.372 r  risc32_i/segment_0/inst/cnt_ms[12]_i_1/O
                         net (fo=1, routed)           0.000     1.372    risc32_i/segment_0/inst/cnt_ms_1[12]
    SLICE_X1Y94          FDCE                                         r  risc32_i/segment_0/inst/cnt_ms_reg[12]/D
  -------------------------------------------------------------------    -------------------

                         (clock clk_out1_risc32_clk_wiz_0_0_1 rise edge)
                                                     20.000    20.000 r  
    E3                                                0.000    20.000 r  clk_in1_0 (IN)
                         net (fo=0)                   0.000    20.000    risc32_i/clk_wiz_0/inst/clk_in1
    E3                   IBUF (Prop_ibuf_I_O)         1.411    21.411 r  risc32_i/clk_wiz_0/inst/clkin1_ibufg/O
                         net (fo=1, routed)           1.181    22.592    risc32_i/clk_wiz_0/inst/clk_in1_risc32_clk_wiz_0_0
    PLLE2_ADV_X1Y2       PLLE2_ADV (Prop_plle2_adv_CLKIN1_CLKOUT0)
                                                     -7.856    14.736 r  risc32_i/clk_wiz_0/inst/plle2_adv_inst/CLKOUT0
                         net (fo=1, routed)           1.634    16.370    risc32_i/clk_wiz_0/inst/clk_out1_risc32_clk_wiz_0_0
    BUFGCTRL_X0Y16       BUFG (Prop_bufg_I_O)         0.091    16.461 r  risc32_i/clk_wiz_0/inst/clkout1_buf/O
                         net (fo=38, routed)          1.605    18.067    risc32_i/segment_0/inst/clk
    SLICE_X1Y94          FDCE                                         r  risc32_i/segment_0/inst/cnt_ms_reg[12]/C
                         clock pessimism             -0.414    17.653    
                         clock uncertainty           -0.108    17.546    
    SLICE_X1Y94          FDCE (Setup_fdce_C_D)        0.031    17.577    risc32_i/segment_0/inst/cnt_ms_reg[12]
  -------------------------------------------------------------------
                         required time                         17.577    
                         arrival time                          -1.372    
  -------------------------------------------------------------------
                         slack                                 16.205    

Slack (MET) :             16.209ns  (required time - arrival time)
  Source:                 risc32_i/segment_0/inst/cnt_ms_reg[5]/C
                            (rising edge-triggered cell FDCE clocked by clk_out1_risc32_clk_wiz_0_0  {rise@0.000ns fall@10.000ns period=20.000ns})
  Destination:            risc32_i/segment_0/inst/cnt_reg[2]/D
                            (rising edge-triggered cell FDCE clocked by clk_out1_risc32_clk_wiz_0_0_1  {rise@0.000ns fall@10.000ns period=20.000ns})
  Path Group:             clk_out1_risc32_clk_wiz_0_0_1
  Path Type:              Setup (Max at Slow Process Corner)
  Requirement:            20.000ns  (clk_out1_risc32_clk_wiz_0_0_1 rise@20.000ns - clk_out1_risc32_clk_wiz_0_0 rise@0.000ns)
  Data Path Delay:        3.733ns  (logic 0.994ns (26.625%)  route 2.739ns (73.375%))
  Logic Levels:           3  (LUT4=3)
  Clock Path Skew:        -0.025ns (DCD - SCD + CPR)
    Destination Clock Delay (DCD):    -1.934ns = ( 18.066 - 20.000 ) 
    Source Clock Delay      (SCD):    -2.323ns
    Clock Pessimism Removal (CPR):    -0.414ns
  Clock Uncertainty:      0.108ns  ((TSJ^2 + DJ^2)^1/2) / 2 + PE
    Total System Jitter     (TSJ):    0.071ns
    Discrete Jitter          (DJ):    0.203ns
    Phase Error              (PE):    0.000ns
  Clock Domain Crossing:  Inter clock paths are considered valid unless explicitly excluded by timing constraints such as set_clock_groups or set_false_path.

    Location             Delay type                Incr(ns)  Path(ns)    Netlist Resource(s)
  -------------------------------------------------------------------    -------------------
                         (clock clk_out1_risc32_clk_wiz_0_0 rise edge)
                                                      0.000     0.000 r  
    E3                                                0.000     0.000 r  clk_in1_0 (IN)
                         net (fo=0)                   0.000     0.000    risc32_i/clk_wiz_0/inst/clk_in1
    E3                   IBUF (Prop_ibuf_I_O)         1.482     1.482 r  risc32_i/clk_wiz_0/inst/clkin1_ibufg/O
                         net (fo=1, routed)           1.253     2.735    risc32_i/clk_wiz_0/inst/clk_in1_risc32_clk_wiz_0_0
    PLLE2_ADV_X1Y2       PLLE2_ADV (Prop_plle2_adv_CLKIN1_CLKOUT0)
                                                     -8.591    -5.856 r  risc32_i/clk_wiz_0/inst/plle2_adv_inst/CLKOUT0
                         net (fo=1, routed)           1.713    -4.143    risc32_i/clk_wiz_0/inst/clk_out1_risc32_clk_wiz_0_0
    BUFGCTRL_X0Y16       BUFG (Prop_bufg_I_O)         0.096    -4.047 r  risc32_i/clk_wiz_0/inst/clkout1_buf/O
                         net (fo=38, routed)          1.724    -2.323    risc32_i/segment_0/inst/clk
    SLICE_X1Y92          FDCE                                         r  risc32_i/segment_0/inst/cnt_ms_reg[5]/C
  -------------------------------------------------------------------    -------------------
    SLICE_X1Y92          FDCE (Prop_fdce_C_Q)         0.419    -1.904 r  risc32_i/segment_0/inst/cnt_ms_reg[5]/Q
                         net (fo=2, routed)           1.105    -0.799    risc32_i/segment_0/inst/cnt_ms[5]
    SLICE_X1Y92          LUT4 (Prop_lut4_I0_O)        0.299    -0.500 r  risc32_i/segment_0/inst/cnt_ms[15]_i_3/O
                         net (fo=1, routed)           0.797     0.297    risc32_i/segment_0/inst/cnt_ms[15]_i_3_n_0
    SLICE_X1Y93          LUT4 (Prop_lut4_I0_O)        0.124     0.421 r  risc32_i/segment_0/inst/cnt_ms[15]_i_2/O
                         net (fo=18, routed)          0.837     1.259    risc32_i/segment_0/inst/cnt_ms[15]_i_2_n_0
    SLICE_X1Y91          LUT4 (Prop_lut4_I2_O)        0.152     1.411 r  risc32_i/segment_0/inst/cnt[2]_i_1/O
                         net (fo=1, routed)           0.000     1.411    risc32_i/segment_0/inst/cnt[2]_i_1_n_0
    SLICE_X1Y91          FDCE                                         r  risc32_i/segment_0/inst/cnt_reg[2]/D
  -------------------------------------------------------------------    -------------------

                         (clock clk_out1_risc32_clk_wiz_0_0_1 rise edge)
                                                     20.000    20.000 r  
    E3                                                0.000    20.000 r  clk_in1_0 (IN)
                         net (fo=0)                   0.000    20.000    risc32_i/clk_wiz_0/inst/clk_in1
    E3                   IBUF (Prop_ibuf_I_O)         1.411    21.411 r  risc32_i/clk_wiz_0/inst/clkin1_ibufg/O
                         net (fo=1, routed)           1.181    22.592    risc32_i/clk_wiz_0/inst/clk_in1_risc32_clk_wiz_0_0
    PLLE2_ADV_X1Y2       PLLE2_ADV (Prop_plle2_adv_CLKIN1_CLKOUT0)
                                                     -7.856    14.736 r  risc32_i/clk_wiz_0/inst/plle2_adv_inst/CLKOUT0
                         net (fo=1, routed)           1.634    16.370    risc32_i/clk_wiz_0/inst/clk_out1_risc32_clk_wiz_0_0
    BUFGCTRL_X0Y16       BUFG (Prop_bufg_I_O)         0.091    16.461 r  risc32_i/clk_wiz_0/inst/clkout1_buf/O
                         net (fo=38, routed)          1.604    18.066    risc32_i/segment_0/inst/clk
    SLICE_X1Y91          FDCE                                         r  risc32_i/segment_0/inst/cnt_reg[2]/C
                         clock pessimism             -0.414    17.652    
                         clock uncertainty           -0.108    17.545    
    SLICE_X1Y91          FDCE (Setup_fdce_C_D)        0.075    17.620    risc32_i/segment_0/inst/cnt_reg[2]
  -------------------------------------------------------------------
                         required time                         17.620    
                         arrival time                          -1.411    
  -------------------------------------------------------------------
                         slack                                 16.209    

Slack (MET) :             16.263ns  (required time - arrival time)
  Source:                 risc32_i/segment_0/inst/cnt_ms_reg[1]/C
                            (rising edge-triggered cell FDCE clocked by clk_out1_risc32_clk_wiz_0_0  {rise@0.000ns fall@10.000ns period=20.000ns})
  Destination:            risc32_i/segment_0/inst/cnt_ms_reg[9]/D
                            (rising edge-triggered cell FDCE clocked by clk_out1_risc32_clk_wiz_0_0_1  {rise@0.000ns fall@10.000ns period=20.000ns})
  Path Group:             clk_out1_risc32_clk_wiz_0_0_1
  Path Type:              Setup (Max at Slow Process Corner)
  Requirement:            20.000ns  (clk_out1_risc32_clk_wiz_0_0_1 rise@20.000ns - clk_out1_risc32_clk_wiz_0_0 rise@0.000ns)
  Data Path Delay:        3.681ns  (logic 1.775ns (48.224%)  route 1.906ns (51.776%))
  Logic Levels:           4  (CARRY4=3 LUT2=1)
  Clock Path Skew:        -0.024ns (DCD - SCD + CPR)
    Destination Clock Delay (DCD):    -1.933ns = ( 18.067 - 20.000 ) 
    Source Clock Delay      (SCD):    -2.323ns
    Clock Pessimism Removal (CPR):    -0.414ns
  Clock Uncertainty:      0.108ns  ((TSJ^2 + DJ^2)^1/2) / 2 + PE
    Total System Jitter     (TSJ):    0.071ns
    Discrete Jitter          (DJ):    0.203ns
    Phase Error              (PE):    0.000ns
  Clock Domain Crossing:  Inter clock paths are considered valid unless explicitly excluded by timing constraints such as set_clock_groups or set_false_path.

    Location             Delay type                Incr(ns)  Path(ns)    Netlist Resource(s)
  -------------------------------------------------------------------    -------------------
                         (clock clk_out1_risc32_clk_wiz_0_0 rise edge)
                                                      0.000     0.000 r  
    E3                                                0.000     0.000 r  clk_in1_0 (IN)
                         net (fo=0)                   0.000     0.000    risc32_i/clk_wiz_0/inst/clk_in1
    E3                   IBUF (Prop_ibuf_I_O)         1.482     1.482 r  risc32_i/clk_wiz_0/inst/clkin1_ibufg/O
                         net (fo=1, routed)           1.253     2.735    risc32_i/clk_wiz_0/inst/clk_in1_risc32_clk_wiz_0_0
    PLLE2_ADV_X1Y2       PLLE2_ADV (Prop_plle2_adv_CLKIN1_CLKOUT0)
                                                     -8.591    -5.856 r  risc32_i/clk_wiz_0/inst/plle2_adv_inst/CLKOUT0
                         net (fo=1, routed)           1.713    -4.143    risc32_i/clk_wiz_0/inst/clk_out1_risc32_clk_wiz_0_0
    BUFGCTRL_X0Y16       BUFG (Prop_bufg_I_O)         0.096    -4.047 r  risc32_i/clk_wiz_0/inst/clkout1_buf/O
                         net (fo=38, routed)          1.724    -2.323    risc32_i/segment_0/inst/clk
    SLICE_X1Y91          FDCE                                         r  risc32_i/segment_0/inst/cnt_ms_reg[1]/C
  -------------------------------------------------------------------    -------------------
    SLICE_X1Y91          FDCE (Prop_fdce_C_Q)         0.456    -1.867 r  risc32_i/segment_0/inst/cnt_ms_reg[1]/Q
                         net (fo=2, routed)           1.046    -0.821    risc32_i/segment_0/inst/cnt_ms[1]
    SLICE_X0Y91          CARRY4 (Prop_carry4_S[0]_CO[3])
                                                      0.656    -0.165 r  risc32_i/segment_0/inst/cnt_ms0_carry/CO[3]
                         net (fo=1, routed)           0.000    -0.165    risc32_i/segment_0/inst/cnt_ms0_carry_n_0
    SLICE_X0Y92          CARRY4 (Prop_carry4_CI_CO[3])
                                                      0.114    -0.051 r  risc32_i/segment_0/inst/cnt_ms0_carry__0/CO[3]
                         net (fo=1, routed)           0.000    -0.051    risc32_i/segment_0/inst/cnt_ms0_carry__0_n_0
    SLICE_X0Y93          CARRY4 (Prop_carry4_CI_O[0])
                                                      0.222     0.171 r  risc32_i/segment_0/inst/cnt_ms0_carry__1/O[0]
                         net (fo=1, routed)           0.860     1.031    risc32_i/segment_0/inst/data0[9]
    SLICE_X1Y93          LUT2 (Prop_lut2_I1_O)        0.327     1.358 r  risc32_i/segment_0/inst/cnt_ms[9]_i_1/O
                         net (fo=1, routed)           0.000     1.358    risc32_i/segment_0/inst/cnt_ms_1[9]
    SLICE_X1Y93          FDCE                                         r  risc32_i/segment_0/inst/cnt_ms_reg[9]/D
  -------------------------------------------------------------------    -------------------

                         (clock clk_out1_risc32_clk_wiz_0_0_1 rise edge)
                                                     20.000    20.000 r  
    E3                                                0.000    20.000 r  clk_in1_0 (IN)
                         net (fo=0)                   0.000    20.000    risc32_i/clk_wiz_0/inst/clk_in1
    E3                   IBUF (Prop_ibuf_I_O)         1.411    21.411 r  risc32_i/clk_wiz_0/inst/clkin1_ibufg/O
                         net (fo=1, routed)           1.181    22.592    risc32_i/clk_wiz_0/inst/clk_in1_risc32_clk_wiz_0_0
    PLLE2_ADV_X1Y2       PLLE2_ADV (Prop_plle2_adv_CLKIN1_CLKOUT0)
                                                     -7.856    14.736 r  risc32_i/clk_wiz_0/inst/plle2_adv_inst/CLKOUT0
                         net (fo=1, routed)           1.634    16.370    risc32_i/clk_wiz_0/inst/clk_out1_risc32_clk_wiz_0_0
    BUFGCTRL_X0Y16       BUFG (Prop_bufg_I_O)         0.091    16.461 r  risc32_i/clk_wiz_0/inst/clkout1_buf/O
                         net (fo=38, routed)          1.605    18.067    risc32_i/segment_0/inst/clk
    SLICE_X1Y93          FDCE                                         r  risc32_i/segment_0/inst/cnt_ms_reg[9]/C
                         clock pessimism             -0.414    17.653    
                         clock uncertainty           -0.108    17.546    
    SLICE_X1Y93          FDCE (Setup_fdce_C_D)        0.075    17.621    risc32_i/segment_0/inst/cnt_ms_reg[9]
  -------------------------------------------------------------------
                         required time                         17.621    
                         arrival time                          -1.358    
  -------------------------------------------------------------------
                         slack                                 16.263    

Slack (MET) :             16.319ns  (required time - arrival time)
  Source:                 risc32_i/segment_0/inst/cnt_ms_reg[1]/C
                            (rising edge-triggered cell FDCE clocked by clk_out1_risc32_clk_wiz_0_0  {rise@0.000ns fall@10.000ns period=20.000ns})
  Destination:            risc32_i/segment_0/inst/cnt_ms_reg[8]/D
                            (rising edge-triggered cell FDCE clocked by clk_out1_risc32_clk_wiz_0_0_1  {rise@0.000ns fall@10.000ns period=20.000ns})
  Path Group:             clk_out1_risc32_clk_wiz_0_0_1
  Path Type:              Setup (Max at Slow Process Corner)
  Requirement:            20.000ns  (clk_out1_risc32_clk_wiz_0_0_1 rise@20.000ns - clk_out1_risc32_clk_wiz_0_0 rise@0.000ns)
  Data Path Delay:        3.580ns  (logic 1.731ns (48.348%)  route 1.849ns (51.652%))
  Logic Levels:           3  (CARRY4=2 LUT2=1)
  Clock Path Skew:        -0.024ns (DCD - SCD + CPR)
    Destination Clock Delay (DCD):    -1.933ns = ( 18.067 - 20.000 ) 
    Source Clock Delay      (SCD):    -2.323ns
    Clock Pessimism Removal (CPR):    -0.414ns
  Clock Uncertainty:      0.108ns  ((TSJ^2 + DJ^2)^1/2) / 2 + PE
    Total System Jitter     (TSJ):    0.071ns
    Discrete Jitter          (DJ):    0.203ns
    Phase Error              (PE):    0.000ns
  Clock Domain Crossing:  Inter clock paths are considered valid unless explicitly excluded by timing constraints such as set_clock_groups or set_false_path.

    Location             Delay type                Incr(ns)  Path(ns)    Netlist Resource(s)
  -------------------------------------------------------------------    -------------------
                         (clock clk_out1_risc32_clk_wiz_0_0 rise edge)
                                                      0.000     0.000 r  
    E3                                                0.000     0.000 r  clk_in1_0 (IN)
                         net (fo=0)                   0.000     0.000    risc32_i/clk_wiz_0/inst/clk_in1
    E3                   IBUF (Prop_ibuf_I_O)         1.482     1.482 r  risc32_i/clk_wiz_0/inst/clkin1_ibufg/O
                         net (fo=1, routed)           1.253     2.735    risc32_i/clk_wiz_0/inst/clk_in1_risc32_clk_wiz_0_0
    PLLE2_ADV_X1Y2       PLLE2_ADV (Prop_plle2_adv_CLKIN1_CLKOUT0)
                                                     -8.591    -5.856 r  risc32_i/clk_wiz_0/inst/plle2_adv_inst/CLKOUT0
                         net (fo=1, routed)           1.713    -4.143    risc32_i/clk_wiz_0/inst/clk_out1_risc32_clk_wiz_0_0
    BUFGCTRL_X0Y16       BUFG (Prop_bufg_I_O)         0.096    -4.047 r  risc32_i/clk_wiz_0/inst/clkout1_buf/O
                         net (fo=38, routed)          1.724    -2.323    risc32_i/segment_0/inst/clk
    SLICE_X1Y91          FDCE                                         r  risc32_i/segment_0/inst/cnt_ms_reg[1]/C
  -------------------------------------------------------------------    -------------------
    SLICE_X1Y91          FDCE (Prop_fdce_C_Q)         0.456    -1.867 r  risc32_i/segment_0/inst/cnt_ms_reg[1]/Q
                         net (fo=2, routed)           1.046    -0.821    risc32_i/segment_0/inst/cnt_ms[1]
    SLICE_X0Y91          CARRY4 (Prop_carry4_S[0]_CO[3])
                                                      0.656    -0.165 r  risc32_i/segment_0/inst/cnt_ms0_carry/CO[3]
                         net (fo=1, routed)           0.000    -0.165    risc32_i/segment_0/inst/cnt_ms0_carry_n_0
    SLICE_X0Y92          CARRY4 (Prop_carry4_CI_O[3])
                                                      0.313     0.148 r  risc32_i/segment_0/inst/cnt_ms0_carry__0/O[3]
                         net (fo=1, routed)           0.803     0.952    risc32_i/segment_0/inst/data0[8]
    SLICE_X1Y93          LUT2 (Prop_lut2_I1_O)        0.306     1.258 r  risc32_i/segment_0/inst/cnt_ms[8]_i_1/O
                         net (fo=1, routed)           0.000     1.258    risc32_i/segment_0/inst/cnt_ms_1[8]
    SLICE_X1Y93          FDCE                                         r  risc32_i/segment_0/inst/cnt_ms_reg[8]/D
  -------------------------------------------------------------------    -------------------

                         (clock clk_out1_risc32_clk_wiz_0_0_1 rise edge)
                                                     20.000    20.000 r  
    E3                                                0.000    20.000 r  clk_in1_0 (IN)
                         net (fo=0)                   0.000    20.000    risc32_i/clk_wiz_0/inst/clk_in1
    E3                   IBUF (Prop_ibuf_I_O)         1.411    21.411 r  risc32_i/clk_wiz_0/inst/clkin1_ibufg/O
                         net (fo=1, routed)           1.181    22.592    risc32_i/clk_wiz_0/inst/clk_in1_risc32_clk_wiz_0_0
    PLLE2_ADV_X1Y2       PLLE2_ADV (Prop_plle2_adv_CLKIN1_CLKOUT0)
                                                     -7.856    14.736 r  risc32_i/clk_wiz_0/inst/plle2_adv_inst/CLKOUT0
                         net (fo=1, routed)           1.634    16.370    risc32_i/clk_wiz_0/inst/clk_out1_risc32_clk_wiz_0_0
    BUFGCTRL_X0Y16       BUFG (Prop_bufg_I_O)         0.091    16.461 r  risc32_i/clk_wiz_0/inst/clkout1_buf/O
                         net (fo=38, routed)          1.605    18.067    risc32_i/segment_0/inst/clk
    SLICE_X1Y93          FDCE                                         r  risc32_i/segment_0/inst/cnt_ms_reg[8]/C
                         clock pessimism             -0.414    17.653    
                         clock uncertainty           -0.108    17.546    
    SLICE_X1Y93          FDCE (Setup_fdce_C_D)        0.031    17.577    risc32_i/segment_0/inst/cnt_ms_reg[8]
  -------------------------------------------------------------------
                         required time                         17.577    
                         arrival time                          -1.258    
  -------------------------------------------------------------------
                         slack                                 16.319    

Slack (MET) :             16.363ns  (required time - arrival time)
  Source:                 risc32_i/segment_0/inst/cnt_ms_reg[5]/C
                            (rising edge-triggered cell FDCE clocked by clk_out1_risc32_clk_wiz_0_0  {rise@0.000ns fall@10.000ns period=20.000ns})
  Destination:            risc32_i/segment_0/inst/cnt_ms_reg[6]/D
                            (rising edge-triggered cell FDCE clocked by clk_out1_risc32_clk_wiz_0_0_1  {rise@0.000ns fall@10.000ns period=20.000ns})
  Path Group:             clk_out1_risc32_clk_wiz_0_0_1
  Path Type:              Setup (Max at Slow Process Corner)
  Requirement:            20.000ns  (clk_out1_risc32_clk_wiz_0_0_1 rise@20.000ns - clk_out1_risc32_clk_wiz_0_0 rise@0.000ns)
  Data Path Delay:        3.560ns  (logic 0.966ns (27.134%)  route 2.594ns (72.866%))
  Logic Levels:           3  (LUT2=1 LUT4=2)
  Clock Path Skew:        0.000ns (DCD - SCD + CPR)
    Destination Clock Delay (DCD):    -1.934ns = ( 18.066 - 20.000 ) 
    Source Clock Delay      (SCD):    -2.323ns
    Clock Pessimism Removal (CPR):    -0.389ns
  Clock Uncertainty:      0.108ns  ((TSJ^2 + DJ^2)^1/2) / 2 + PE
    Total System Jitter     (TSJ):    0.071ns
    Discrete Jitter          (DJ):    0.203ns
    Phase Error              (PE):    0.000ns
  Clock Domain Crossing:  Inter clock paths are considered valid unless explicitly excluded by timing constraints such as set_clock_groups or set_false_path.

    Location             Delay type                Incr(ns)  Path(ns)    Netlist Resource(s)
  -------------------------------------------------------------------    -------------------
                         (clock clk_out1_risc32_clk_wiz_0_0 rise edge)
                                                      0.000     0.000 r  
    E3                                                0.000     0.000 r  clk_in1_0 (IN)
                         net (fo=0)                   0.000     0.000    risc32_i/clk_wiz_0/inst/clk_in1
    E3                   IBUF (Prop_ibuf_I_O)         1.482     1.482 r  risc32_i/clk_wiz_0/inst/clkin1_ibufg/O
                         net (fo=1, routed)           1.253     2.735    risc32_i/clk_wiz_0/inst/clk_in1_risc32_clk_wiz_0_0
    PLLE2_ADV_X1Y2       PLLE2_ADV (Prop_plle2_adv_CLKIN1_CLKOUT0)
                                                     -8.591    -5.856 r  risc32_i/clk_wiz_0/inst/plle2_adv_inst/CLKOUT0
                         net (fo=1, routed)           1.713    -4.143    risc32_i/clk_wiz_0/inst/clk_out1_risc32_clk_wiz_0_0
    BUFGCTRL_X0Y16       BUFG (Prop_bufg_I_O)         0.096    -4.047 r  risc32_i/clk_wiz_0/inst/clkout1_buf/O
                         net (fo=38, routed)          1.724    -2.323    risc32_i/segment_0/inst/clk
    SLICE_X1Y92          FDCE                                         r  risc32_i/segment_0/inst/cnt_ms_reg[5]/C
  -------------------------------------------------------------------    -------------------
    SLICE_X1Y92          FDCE (Prop_fdce_C_Q)         0.419    -1.904 r  risc32_i/segment_0/inst/cnt_ms_reg[5]/Q
                         net (fo=2, routed)           1.105    -0.799    risc32_i/segment_0/inst/cnt_ms[5]
    SLICE_X1Y92          LUT4 (Prop_lut4_I0_O)        0.299    -0.500 r  risc32_i/segment_0/inst/cnt_ms[15]_i_3/O
                         net (fo=1, routed)           0.797     0.297    risc32_i/segment_0/inst/cnt_ms[15]_i_3_n_0
    SLICE_X1Y93          LUT4 (Prop_lut4_I0_O)        0.124     0.421 r  risc32_i/segment_0/inst/cnt_ms[15]_i_2/O
                         net (fo=18, routed)          0.692     1.113    risc32_i/segment_0/inst/cnt_ms[15]_i_2_n_0
    SLICE_X1Y92          LUT2 (Prop_lut2_I0_O)        0.124     1.237 r  risc32_i/segment_0/inst/cnt_ms[6]_i_1/O
                         net (fo=1, routed)           0.000     1.237    risc32_i/segment_0/inst/cnt_ms_1[6]
    SLICE_X1Y92          FDCE                                         r  risc32_i/segment_0/inst/cnt_ms_reg[6]/D
  -------------------------------------------------------------------    -------------------

                         (clock clk_out1_risc32_clk_wiz_0_0_1 rise edge)
                                                     20.000    20.000 r  
    E3                                                0.000    20.000 r  clk_in1_0 (IN)
                         net (fo=0)                   0.000    20.000    risc32_i/clk_wiz_0/inst/clk_in1
    E3                   IBUF (Prop_ibuf_I_O)         1.411    21.411 r  risc32_i/clk_wiz_0/inst/clkin1_ibufg/O
                         net (fo=1, routed)           1.181    22.592    risc32_i/clk_wiz_0/inst/clk_in1_risc32_clk_wiz_0_0
    PLLE2_ADV_X1Y2       PLLE2_ADV (Prop_plle2_adv_CLKIN1_CLKOUT0)
                                                     -7.856    14.736 r  risc32_i/clk_wiz_0/inst/plle2_adv_inst/CLKOUT0
                         net (fo=1, routed)           1.634    16.370    risc32_i/clk_wiz_0/inst/clk_out1_risc32_clk_wiz_0_0
    BUFGCTRL_X0Y16       BUFG (Prop_bufg_I_O)         0.091    16.461 r  risc32_i/clk_wiz_0/inst/clkout1_buf/O
                         net (fo=38, routed)          1.604    18.066    risc32_i/segment_0/inst/clk
    SLICE_X1Y92          FDCE                                         r  risc32_i/segment_0/inst/cnt_ms_reg[6]/C
                         clock pessimism             -0.389    17.677    
                         clock uncertainty           -0.108    17.570    
    SLICE_X1Y92          FDCE (Setup_fdce_C_D)        0.031    17.601    risc32_i/segment_0/inst/cnt_ms_reg[6]
  -------------------------------------------------------------------
                         required time                         17.601    
                         arrival time                          -1.237    
  -------------------------------------------------------------------
                         slack                                 16.363    

Slack (MET) :             16.365ns  (required time - arrival time)
  Source:                 risc32_i/segment_0/inst/cnt_ms_reg[5]/C
                            (rising edge-triggered cell FDCE clocked by clk_out1_risc32_clk_wiz_0_0  {rise@0.000ns fall@10.000ns period=20.000ns})
  Destination:            risc32_i/segment_0/inst/cnt_ms_reg[4]/D
                            (rising edge-triggered cell FDCE clocked by clk_out1_risc32_clk_wiz_0_0_1  {rise@0.000ns fall@10.000ns period=20.000ns})
  Path Group:             clk_out1_risc32_clk_wiz_0_0_1
  Path Type:              Setup (Max at Slow Process Corner)
  Requirement:            20.000ns  (clk_out1_risc32_clk_wiz_0_0_1 rise@20.000ns - clk_out1_risc32_clk_wiz_0_0 rise@0.000ns)
  Data Path Delay:        3.556ns  (logic 0.966ns (27.164%)  route 2.590ns (72.836%))
  Logic Levels:           3  (LUT2=1 LUT4=2)
  Clock Path Skew:        0.000ns (DCD - SCD + CPR)
    Destination Clock Delay (DCD):    -1.934ns = ( 18.066 - 20.000 ) 
    Source Clock Delay      (SCD):    -2.323ns
    Clock Pessimism Removal (CPR):    -0.389ns
  Clock Uncertainty:      0.108ns  ((TSJ^2 + DJ^2)^1/2) / 2 + PE
    Total System Jitter     (TSJ):    0.071ns
    Discrete Jitter          (DJ):    0.203ns
    Phase Error              (PE):    0.000ns
  Clock Domain Crossing:  Inter clock paths are considered valid unless explicitly excluded by timing constraints such as set_clock_groups or set_false_path.

    Location             Delay type                Incr(ns)  Path(ns)    Netlist Resource(s)
  -------------------------------------------------------------------    -------------------
                         (clock clk_out1_risc32_clk_wiz_0_0 rise edge)
                                                      0.000     0.000 r  
    E3                                                0.000     0.000 r  clk_in1_0 (IN)
                         net (fo=0)                   0.000     0.000    risc32_i/clk_wiz_0/inst/clk_in1
    E3                   IBUF (Prop_ibuf_I_O)         1.482     1.482 r  risc32_i/clk_wiz_0/inst/clkin1_ibufg/O
                         net (fo=1, routed)           1.253     2.735    risc32_i/clk_wiz_0/inst/clk_in1_risc32_clk_wiz_0_0
    PLLE2_ADV_X1Y2       PLLE2_ADV (Prop_plle2_adv_CLKIN1_CLKOUT0)
                                                     -8.591    -5.856 r  risc32_i/clk_wiz_0/inst/plle2_adv_inst/CLKOUT0
                         net (fo=1, routed)           1.713    -4.143    risc32_i/clk_wiz_0/inst/clk_out1_risc32_clk_wiz_0_0
    BUFGCTRL_X0Y16       BUFG (Prop_bufg_I_O)         0.096    -4.047 r  risc32_i/clk_wiz_0/inst/clkout1_buf/O
                         net (fo=38, routed)          1.724    -2.323    risc32_i/segment_0/inst/clk
    SLICE_X1Y92          FDCE                                         r  risc32_i/segment_0/inst/cnt_ms_reg[5]/C
  -------------------------------------------------------------------    -------------------
    SLICE_X1Y92          FDCE (Prop_fdce_C_Q)         0.419    -1.904 r  risc32_i/segment_0/inst/cnt_ms_reg[5]/Q
                         net (fo=2, routed)           1.105    -0.799    risc32_i/segment_0/inst/cnt_ms[5]
    SLICE_X1Y92          LUT4 (Prop_lut4_I0_O)        0.299    -0.500 r  risc32_i/segment_0/inst/cnt_ms[15]_i_3/O
                         net (fo=1, routed)           0.797     0.297    risc32_i/segment_0/inst/cnt_ms[15]_i_3_n_0
    SLICE_X1Y93          LUT4 (Prop_lut4_I0_O)        0.124     0.421 r  risc32_i/segment_0/inst/cnt_ms[15]_i_2/O
                         net (fo=18, routed)          0.688     1.109    risc32_i/segment_0/inst/cnt_ms[15]_i_2_n_0
    SLICE_X1Y92          LUT2 (Prop_lut2_I0_O)        0.124     1.233 r  risc32_i/segment_0/inst/cnt_ms[4]_i_1/O
                         net (fo=1, routed)           0.000     1.233    risc32_i/segment_0/inst/cnt_ms_1[4]
    SLICE_X1Y92          FDCE                                         r  risc32_i/segment_0/inst/cnt_ms_reg[4]/D
  -------------------------------------------------------------------    -------------------

                         (clock clk_out1_risc32_clk_wiz_0_0_1 rise edge)
                                                     20.000    20.000 r  
    E3                                                0.000    20.000 r  clk_in1_0 (IN)
                         net (fo=0)                   0.000    20.000    risc32_i/clk_wiz_0/inst/clk_in1
    E3                   IBUF (Prop_ibuf_I_O)         1.411    21.411 r  risc32_i/clk_wiz_0/inst/clkin1_ibufg/O
                         net (fo=1, routed)           1.181    22.592    risc32_i/clk_wiz_0/inst/clk_in1_risc32_clk_wiz_0_0
    PLLE2_ADV_X1Y2       PLLE2_ADV (Prop_plle2_adv_CLKIN1_CLKOUT0)
                                                     -7.856    14.736 r  risc32_i/clk_wiz_0/inst/plle2_adv_inst/CLKOUT0
                         net (fo=1, routed)           1.634    16.370    risc32_i/clk_wiz_0/inst/clk_out1_risc32_clk_wiz_0_0
    BUFGCTRL_X0Y16       BUFG (Prop_bufg_I_O)         0.091    16.461 r  risc32_i/clk_wiz_0/inst/clkout1_buf/O
                         net (fo=38, routed)          1.604    18.066    risc32_i/segment_0/inst/clk
    SLICE_X1Y92          FDCE                                         r  risc32_i/segment_0/inst/cnt_ms_reg[4]/C
                         clock pessimism             -0.389    17.677    
                         clock uncertainty           -0.108    17.570    
    SLICE_X1Y92          FDCE (Setup_fdce_C_D)        0.029    17.599    risc32_i/segment_0/inst/cnt_ms_reg[4]
  -------------------------------------------------------------------
                         required time                         17.599    
                         arrival time                          -1.233    
  -------------------------------------------------------------------
                         slack                                 16.365    

Slack (MET) :             16.368ns  (required time - arrival time)
  Source:                 risc32_i/segment_0/inst/cnt_ms_reg[1]/C
                            (rising edge-triggered cell FDCE clocked by clk_out1_risc32_clk_wiz_0_0  {rise@0.000ns fall@10.000ns period=20.000ns})
  Destination:            risc32_i/segment_0/inst/cnt_ms_reg[14]/D
                            (rising edge-triggered cell FDCE clocked by clk_out1_risc32_clk_wiz_0_0_1  {rise@0.000ns fall@10.000ns period=20.000ns})
  Path Group:             clk_out1_risc32_clk_wiz_0_0_1
  Path Type:              Setup (Max at Slow Process Corner)
  Requirement:            20.000ns  (clk_out1_risc32_clk_wiz_0_0_1 rise@20.000ns - clk_out1_risc32_clk_wiz_0_0 rise@0.000ns)
  Data Path Delay:        3.531ns  (logic 1.977ns (55.986%)  route 1.554ns (44.014%))
  Logic Levels:           5  (CARRY4=4 LUT2=1)
  Clock Path Skew:        -0.024ns (DCD - SCD + CPR)
    Destination Clock Delay (DCD):    -1.933ns = ( 18.067 - 20.000 ) 
    Source Clock Delay      (SCD):    -2.323ns
    Clock Pessimism Removal (CPR):    -0.414ns
  Clock Uncertainty:      0.108ns  ((TSJ^2 + DJ^2)^1/2) / 2 + PE
    Total System Jitter     (TSJ):    0.071ns
    Discrete Jitter          (DJ):    0.203ns
    Phase Error              (PE):    0.000ns
  Clock Domain Crossing:  Inter clock paths are considered valid unless explicitly excluded by timing constraints such as set_clock_groups or set_false_path.

    Location             Delay type                Incr(ns)  Path(ns)    Netlist Resource(s)
  -------------------------------------------------------------------    -------------------
                         (clock clk_out1_risc32_clk_wiz_0_0 rise edge)
                                                      0.000     0.000 r  
    E3                                                0.000     0.000 r  clk_in1_0 (IN)
                         net (fo=0)                   0.000     0.000    risc32_i/clk_wiz_0/inst/clk_in1
    E3                   IBUF (Prop_ibuf_I_O)         1.482     1.482 r  risc32_i/clk_wiz_0/inst/clkin1_ibufg/O
                         net (fo=1, routed)           1.253     2.735    risc32_i/clk_wiz_0/inst/clk_in1_risc32_clk_wiz_0_0
    PLLE2_ADV_X1Y2       PLLE2_ADV (Prop_plle2_adv_CLKIN1_CLKOUT0)
                                                     -8.591    -5.856 r  risc32_i/clk_wiz_0/inst/plle2_adv_inst/CLKOUT0
                         net (fo=1, routed)           1.713    -4.143    risc32_i/clk_wiz_0/inst/clk_out1_risc32_clk_wiz_0_0
    BUFGCTRL_X0Y16       BUFG (Prop_bufg_I_O)         0.096    -4.047 r  risc32_i/clk_wiz_0/inst/clkout1_buf/O
                         net (fo=38, routed)          1.724    -2.323    risc32_i/segment_0/inst/clk
    SLICE_X1Y91          FDCE                                         r  risc32_i/segment_0/inst/cnt_ms_reg[1]/C
  -------------------------------------------------------------------    -------------------
    SLICE_X1Y91          FDCE (Prop_fdce_C_Q)         0.456    -1.867 r  risc32_i/segment_0/inst/cnt_ms_reg[1]/Q
                         net (fo=2, routed)           1.046    -0.821    risc32_i/segment_0/inst/cnt_ms[1]
    SLICE_X0Y91          CARRY4 (Prop_carry4_S[0]_CO[3])
                                                      0.656    -0.165 r  risc32_i/segment_0/inst/cnt_ms0_carry/CO[3]
                         net (fo=1, routed)           0.000    -0.165    risc32_i/segment_0/inst/cnt_ms0_carry_n_0
    SLICE_X0Y92          CARRY4 (Prop_carry4_CI_CO[3])
                                                      0.114    -0.051 r  risc32_i/segment_0/inst/cnt_ms0_carry__0/CO[3]
                         net (fo=1, routed)           0.000    -0.051    risc32_i/segment_0/inst/cnt_ms0_carry__0_n_0
    SLICE_X0Y93          CARRY4 (Prop_carry4_CI_CO[3])
                                                      0.114     0.063 r  risc32_i/segment_0/inst/cnt_ms0_carry__1/CO[3]
                         net (fo=1, routed)           0.000     0.063    risc32_i/segment_0/inst/cnt_ms0_carry__1_n_0
    SLICE_X0Y94          CARRY4 (Prop_carry4_CI_O[1])
                                                      0.334     0.397 r  risc32_i/segment_0/inst/cnt_ms0_carry__2/O[1]
                         net (fo=1, routed)           0.508     0.906    risc32_i/segment_0/inst/data0[14]
    SLICE_X1Y94          LUT2 (Prop_lut2_I1_O)        0.303     1.209 r  risc32_i/segment_0/inst/cnt_ms[14]_i_1/O
                         net (fo=1, routed)           0.000     1.209    risc32_i/segment_0/inst/cnt_ms_1[14]
    SLICE_X1Y94          FDCE                                         r  risc32_i/segment_0/inst/cnt_ms_reg[14]/D
  -------------------------------------------------------------------    -------------------

                         (clock clk_out1_risc32_clk_wiz_0_0_1 rise edge)
                                                     20.000    20.000 r  
    E3                                                0.000    20.000 r  clk_in1_0 (IN)
                         net (fo=0)                   0.000    20.000    risc32_i/clk_wiz_0/inst/clk_in1
    E3                   IBUF (Prop_ibuf_I_O)         1.411    21.411 r  risc32_i/clk_wiz_0/inst/clkin1_ibufg/O
                         net (fo=1, routed)           1.181    22.592    risc32_i/clk_wiz_0/inst/clk_in1_risc32_clk_wiz_0_0
    PLLE2_ADV_X1Y2       PLLE2_ADV (Prop_plle2_adv_CLKIN1_CLKOUT0)
                                                     -7.856    14.736 r  risc32_i/clk_wiz_0/inst/plle2_adv_inst/CLKOUT0
                         net (fo=1, routed)           1.634    16.370    risc32_i/clk_wiz_0/inst/clk_out1_risc32_clk_wiz_0_0
    BUFGCTRL_X0Y16       BUFG (Prop_bufg_I_O)         0.091    16.461 r  risc32_i/clk_wiz_0/inst/clkout1_buf/O
                         net (fo=38, routed)          1.605    18.067    risc32_i/segment_0/inst/clk
    SLICE_X1Y94          FDCE                                         r  risc32_i/segment_0/inst/cnt_ms_reg[14]/C
                         clock pessimism             -0.414    17.653    
                         clock uncertainty           -0.108    17.546    
    SLICE_X1Y94          FDCE (Setup_fdce_C_D)        0.031    17.577    risc32_i/segment_0/inst/cnt_ms_reg[14]
  -------------------------------------------------------------------
                         required time                         17.577    
                         arrival time                          -1.209    
  -------------------------------------------------------------------
                         slack                                 16.368    

Slack (MET) :             16.378ns  (required time - arrival time)
  Source:                 risc32_i/segment_0/inst/cnt_ms_reg[1]/C
                            (rising edge-triggered cell FDCE clocked by clk_out1_risc32_clk_wiz_0_0  {rise@0.000ns fall@10.000ns period=20.000ns})
  Destination:            risc32_i/segment_0/inst/cnt_ms_reg[5]/D
                            (rising edge-triggered cell FDCE clocked by clk_out1_risc32_clk_wiz_0_0_1  {rise@0.000ns fall@10.000ns period=20.000ns})
  Path Group:             clk_out1_risc32_clk_wiz_0_0_1
  Path Type:              Setup (Max at Slow Process Corner)
  Requirement:            20.000ns  (clk_out1_risc32_clk_wiz_0_0_1 rise@20.000ns - clk_out1_risc32_clk_wiz_0_0 rise@0.000ns)
  Data Path Delay:        3.565ns  (logic 1.661ns (46.595%)  route 1.904ns (53.405%))
  Logic Levels:           3  (CARRY4=2 LUT2=1)
  Clock Path Skew:        -0.025ns (DCD - SCD + CPR)
    Destination Clock Delay (DCD):    -1.934ns = ( 18.066 - 20.000 ) 
    Source Clock Delay      (SCD):    -2.323ns
    Clock Pessimism Removal (CPR):    -0.414ns
  Clock Uncertainty:      0.108ns  ((TSJ^2 + DJ^2)^1/2) / 2 + PE
    Total System Jitter     (TSJ):    0.071ns
    Discrete Jitter          (DJ):    0.203ns
    Phase Error              (PE):    0.000ns
  Clock Domain Crossing:  Inter clock paths are considered valid unless explicitly excluded by timing constraints such as set_clock_groups or set_false_path.

    Location             Delay type                Incr(ns)  Path(ns)    Netlist Resource(s)
  -------------------------------------------------------------------    -------------------
                         (clock clk_out1_risc32_clk_wiz_0_0 rise edge)
                                                      0.000     0.000 r  
    E3                                                0.000     0.000 r  clk_in1_0 (IN)
                         net (fo=0)                   0.000     0.000    risc32_i/clk_wiz_0/inst/clk_in1
    E3                   IBUF (Prop_ibuf_I_O)         1.482     1.482 r  risc32_i/clk_wiz_0/inst/clkin1_ibufg/O
                         net (fo=1, routed)           1.253     2.735    risc32_i/clk_wiz_0/inst/clk_in1_risc32_clk_wiz_0_0
    PLLE2_ADV_X1Y2       PLLE2_ADV (Prop_plle2_adv_CLKIN1_CLKOUT0)
                                                     -8.591    -5.856 r  risc32_i/clk_wiz_0/inst/plle2_adv_inst/CLKOUT0
                         net (fo=1, routed)           1.713    -4.143    risc32_i/clk_wiz_0/inst/clk_out1_risc32_clk_wiz_0_0
    BUFGCTRL_X0Y16       BUFG (Prop_bufg_I_O)         0.096    -4.047 r  risc32_i/clk_wiz_0/inst/clkout1_buf/O
                         net (fo=38, routed)          1.724    -2.323    risc32_i/segment_0/inst/clk
    SLICE_X1Y91          FDCE                                         r  risc32_i/segment_0/inst/cnt_ms_reg[1]/C
  -------------------------------------------------------------------    -------------------
    SLICE_X1Y91          FDCE (Prop_fdce_C_Q)         0.456    -1.867 r  risc32_i/segment_0/inst/cnt_ms_reg[1]/Q
                         net (fo=2, routed)           1.046    -0.821    risc32_i/segment_0/inst/cnt_ms[1]
    SLICE_X0Y91          CARRY4 (Prop_carry4_S[0]_CO[3])
                                                      0.656    -0.165 r  risc32_i/segment_0/inst/cnt_ms0_carry/CO[3]
                         net (fo=1, routed)           0.000    -0.165    risc32_i/segment_0/inst/cnt_ms0_carry_n_0
    SLICE_X0Y92          CARRY4 (Prop_carry4_CI_O[0])
                                                      0.222     0.057 r  risc32_i/segment_0/inst/cnt_ms0_carry__0/O[0]
                         net (fo=1, routed)           0.858     0.915    risc32_i/segment_0/inst/data0[5]
    SLICE_X1Y92          LUT2 (Prop_lut2_I1_O)        0.327     1.242 r  risc32_i/segment_0/inst/cnt_ms[5]_i_1/O
                         net (fo=1, routed)           0.000     1.242    risc32_i/segment_0/inst/cnt_ms_1[5]
    SLICE_X1Y92          FDCE                                         r  risc32_i/segment_0/inst/cnt_ms_reg[5]/D
  -------------------------------------------------------------------    -------------------

                         (clock clk_out1_risc32_clk_wiz_0_0_1 rise edge)
                                                     20.000    20.000 r  
    E3                                                0.000    20.000 r  clk_in1_0 (IN)
                         net (fo=0)                   0.000    20.000    risc32_i/clk_wiz_0/inst/clk_in1
    E3                   IBUF (Prop_ibuf_I_O)         1.411    21.411 r  risc32_i/clk_wiz_0/inst/clkin1_ibufg/O
                         net (fo=1, routed)           1.181    22.592    risc32_i/clk_wiz_0/inst/clk_in1_risc32_clk_wiz_0_0
    PLLE2_ADV_X1Y2       PLLE2_ADV (Prop_plle2_adv_CLKIN1_CLKOUT0)
                                                     -7.856    14.736 r  risc32_i/clk_wiz_0/inst/plle2_adv_inst/CLKOUT0
                         net (fo=1, routed)           1.634    16.370    risc32_i/clk_wiz_0/inst/clk_out1_risc32_clk_wiz_0_0
    BUFGCTRL_X0Y16       BUFG (Prop_bufg_I_O)         0.091    16.461 r  risc32_i/clk_wiz_0/inst/clkout1_buf/O
                         net (fo=38, routed)          1.604    18.066    risc32_i/segment_0/inst/clk
    SLICE_X1Y92          FDCE                                         r  risc32_i/segment_0/inst/cnt_ms_reg[5]/C
                         clock pessimism             -0.414    17.652    
                         clock uncertainty           -0.108    17.545    
    SLICE_X1Y92          FDCE (Setup_fdce_C_D)        0.075    17.620    risc32_i/segment_0/inst/cnt_ms_reg[5]
  -------------------------------------------------------------------
                         required time                         17.620    
                         arrival time                          -1.242    
  -------------------------------------------------------------------
                         slack                                 16.378    





Min Delay Paths
--------------------------------------------------------------------------------------
Slack (MET) :             0.092ns  (arrival time - required time)
  Source:                 risc32_i/segment_0/inst/seg_num_reg[2]/C
                            (rising edge-triggered cell FDCE clocked by clk_out1_risc32_clk_wiz_0_0  {rise@0.000ns fall@10.000ns period=20.000ns})
  Destination:            risc32_i/segment_0/inst/seg_data_o_reg[3]/D
                            (rising edge-triggered cell FDPE clocked by clk_out1_risc32_clk_wiz_0_0_1  {rise@0.000ns fall@10.000ns period=20.000ns})
  Path Group:             clk_out1_risc32_clk_wiz_0_0_1
  Path Type:              Hold (Min at Fast Process Corner)
  Requirement:            0.000ns  (clk_out1_risc32_clk_wiz_0_0_1 rise@0.000ns - clk_out1_risc32_clk_wiz_0_0 rise@0.000ns)
  Data Path Delay:        0.346ns  (logic 0.192ns (55.414%)  route 0.154ns (44.586%))
  Logic Levels:           1  (LUT4=1)
  Clock Path Skew:        0.040ns (DCD - SCD - CPR)
    Destination Clock Delay (DCD):    -0.276ns
    Source Clock Delay      (SCD):    -0.510ns
    Clock Pessimism Removal (CPR):    0.194ns
  Clock Uncertainty:      0.108ns  ((TSJ^2 + DJ^2)^1/2) / 2 + PE
    Total System Jitter     (TSJ):    0.071ns
    Discrete Jitter          (DJ):    0.203ns
    Phase Error              (PE):    0.000ns
  Clock Domain Crossing:  Inter clock paths are considered valid unless explicitly excluded by timing constraints such as set_clock_groups or set_false_path.

    Location             Delay type                Incr(ns)  Path(ns)    Netlist Resource(s)
  -------------------------------------------------------------------    -------------------
                         (clock clk_out1_risc32_clk_wiz_0_0 rise edge)
                                                      0.000     0.000 r  
    E3                                                0.000     0.000 r  clk_in1_0 (IN)
                         net (fo=0)                   0.000     0.000    risc32_i/clk_wiz_0/inst/clk_in1
    E3                   IBUF (Prop_ibuf_I_O)         0.250     0.250 r  risc32_i/clk_wiz_0/inst/clkin1_ibufg/O
                         net (fo=1, routed)           0.440     0.690    risc32_i/clk_wiz_0/inst/clk_in1_risc32_clk_wiz_0_0
    PLLE2_ADV_X1Y2       PLLE2_ADV (Prop_plle2_adv_CLKIN1_CLKOUT0)
                                                     -2.342    -1.652 r  risc32_i/clk_wiz_0/inst/plle2_adv_inst/CLKOUT0
                         net (fo=1, routed)           0.514    -1.138    risc32_i/clk_wiz_0/inst/clk_out1_risc32_clk_wiz_0_0
    BUFGCTRL_X0Y16       BUFG (Prop_bufg_I_O)         0.026    -1.112 r  risc32_i/clk_wiz_0/inst/clkout1_buf/O
                         net (fo=38, routed)          0.602    -0.510    risc32_i/segment_0/inst/clk
    SLICE_X5Y92          FDCE                                         r  risc32_i/segment_0/inst/seg_num_reg[2]/C
  -------------------------------------------------------------------    -------------------
    SLICE_X5Y92          FDCE (Prop_fdce_C_Q)         0.141    -0.369 r  risc32_i/segment_0/inst/seg_num_reg[2]/Q
                         net (fo=7, routed)           0.154    -0.215    risc32_i/segment_0/inst/seg_num[2]
    SLICE_X1Y92          LUT4 (Prop_lut4_I1_O)        0.051    -0.164 r  risc32_i/segment_0/inst/seg_data_o[3]_i_1/O
                         net (fo=1, routed)           0.000    -0.164    risc32_i/segment_0/inst/seg_data_o_0[3]
    SLICE_X1Y92          FDPE                                         r  risc32_i/segment_0/inst/seg_data_o_reg[3]/D
  -------------------------------------------------------------------    -------------------

                         (clock clk_out1_risc32_clk_wiz_0_0_1 rise edge)
                                                      0.000     0.000 r  
    E3                                                0.000     0.000 r  clk_in1_0 (IN)
                         net (fo=0)                   0.000     0.000    risc32_i/clk_wiz_0/inst/clk_in1
    E3                   IBUF (Prop_ibuf_I_O)         0.438     0.438 r  risc32_i/clk_wiz_0/inst/clkin1_ibufg/O
                         net (fo=1, routed)           0.481     0.919    risc32_i/clk_wiz_0/inst/clk_in1_risc32_clk_wiz_0_0
    PLLE2_ADV_X1Y2       PLLE2_ADV (Prop_plle2_adv_CLKIN1_CLKOUT0)
                                                     -2.659    -1.740 r  risc32_i/clk_wiz_0/inst/plle2_adv_inst/CLKOUT0
                         net (fo=1, routed)           0.560    -1.181    risc32_i/clk_wiz_0/inst/clk_out1_risc32_clk_wiz_0_0
    BUFGCTRL_X0Y16       BUFG (Prop_bufg_I_O)         0.029    -1.152 r  risc32_i/clk_wiz_0/inst/clkout1_buf/O
                         net (fo=38, routed)          0.876    -0.276    risc32_i/segment_0/inst/clk
    SLICE_X1Y92          FDPE                                         r  risc32_i/segment_0/inst/seg_data_o_reg[3]/C
                         clock pessimism             -0.194    -0.470    
                         clock uncertainty            0.108    -0.363    
    SLICE_X1Y92          FDPE (Hold_fdpe_C_D)         0.107    -0.256    risc32_i/segment_0/inst/seg_data_o_reg[3]
  -------------------------------------------------------------------
                         required time                          0.256    
                         arrival time                          -0.164    
  -------------------------------------------------------------------
                         slack                                  0.092    

Slack (MET) :             0.101ns  (arrival time - required time)
  Source:                 risc32_i/segment_0/inst/seg_num_reg[2]/C
                            (rising edge-triggered cell FDCE clocked by clk_out1_risc32_clk_wiz_0_0  {rise@0.000ns fall@10.000ns period=20.000ns})
  Destination:            risc32_i/segment_0/inst/seg_data_o_reg[2]/D
                            (rising edge-triggered cell FDPE clocked by clk_out1_risc32_clk_wiz_0_0_1  {rise@0.000ns fall@10.000ns period=20.000ns})
  Path Group:             clk_out1_risc32_clk_wiz_0_0_1
  Path Type:              Hold (Min at Fast Process Corner)
  Requirement:            0.000ns  (clk_out1_risc32_clk_wiz_0_0_1 rise@0.000ns - clk_out1_risc32_clk_wiz_0_0 rise@0.000ns)
  Data Path Delay:        0.340ns  (logic 0.186ns (54.628%)  route 0.154ns (45.372%))
  Logic Levels:           1  (LUT4=1)
  Clock Path Skew:        0.040ns (DCD - SCD - CPR)
    Destination Clock Delay (DCD):    -0.276ns
    Source Clock Delay      (SCD):    -0.510ns
    Clock Pessimism Removal (CPR):    0.194ns
  Clock Uncertainty:      0.108ns  ((TSJ^2 + DJ^2)^1/2) / 2 + PE
    Total System Jitter     (TSJ):    0.071ns
    Discrete Jitter          (DJ):    0.203ns
    Phase Error              (PE):    0.000ns
  Clock Domain Crossing:  Inter clock paths are considered valid unless explicitly excluded by timing constraints such as set_clock_groups or set_false_path.

    Location             Delay type                Incr(ns)  Path(ns)    Netlist Resource(s)
  -------------------------------------------------------------------    -------------------
                         (clock clk_out1_risc32_clk_wiz_0_0 rise edge)
                                                      0.000     0.000 r  
    E3                                                0.000     0.000 r  clk_in1_0 (IN)
                         net (fo=0)                   0.000     0.000    risc32_i/clk_wiz_0/inst/clk_in1
    E3                   IBUF (Prop_ibuf_I_O)         0.250     0.250 r  risc32_i/clk_wiz_0/inst/clkin1_ibufg/O
                         net (fo=1, routed)           0.440     0.690    risc32_i/clk_wiz_0/inst/clk_in1_risc32_clk_wiz_0_0
    PLLE2_ADV_X1Y2       PLLE2_ADV (Prop_plle2_adv_CLKIN1_CLKOUT0)
                                                     -2.342    -1.652 r  risc32_i/clk_wiz_0/inst/plle2_adv_inst/CLKOUT0
                         net (fo=1, routed)           0.514    -1.138    risc32_i/clk_wiz_0/inst/clk_out1_risc32_clk_wiz_0_0
    BUFGCTRL_X0Y16       BUFG (Prop_bufg_I_O)         0.026    -1.112 r  risc32_i/clk_wiz_0/inst/clkout1_buf/O
                         net (fo=38, routed)          0.602    -0.510    risc32_i/segment_0/inst/clk
    SLICE_X5Y92          FDCE                                         r  risc32_i/segment_0/inst/seg_num_reg[2]/C
  -------------------------------------------------------------------    -------------------
    SLICE_X5Y92          FDCE (Prop_fdce_C_Q)         0.141    -0.369 r  risc32_i/segment_0/inst/seg_num_reg[2]/Q
                         net (fo=7, routed)           0.154    -0.215    risc32_i/segment_0/inst/seg_num[2]
    SLICE_X1Y92          LUT4 (Prop_lut4_I3_O)        0.045    -0.170 r  risc32_i/segment_0/inst/seg_data_o[2]_i_1/O
                         net (fo=1, routed)           0.000    -0.170    risc32_i/segment_0/inst/seg_data_o_0[2]
    SLICE_X1Y92          FDPE                                         r  risc32_i/segment_0/inst/seg_data_o_reg[2]/D
  -------------------------------------------------------------------    -------------------

                         (clock clk_out1_risc32_clk_wiz_0_0_1 rise edge)
                                                      0.000     0.000 r  
    E3                                                0.000     0.000 r  clk_in1_0 (IN)
                         net (fo=0)                   0.000     0.000    risc32_i/clk_wiz_0/inst/clk_in1
    E3                   IBUF (Prop_ibuf_I_O)         0.438     0.438 r  risc32_i/clk_wiz_0/inst/clkin1_ibufg/O
                         net (fo=1, routed)           0.481     0.919    risc32_i/clk_wiz_0/inst/clk_in1_risc32_clk_wiz_0_0
    PLLE2_ADV_X1Y2       PLLE2_ADV (Prop_plle2_adv_CLKIN1_CLKOUT0)
                                                     -2.659    -1.740 r  risc32_i/clk_wiz_0/inst/plle2_adv_inst/CLKOUT0
                         net (fo=1, routed)           0.560    -1.181    risc32_i/clk_wiz_0/inst/clk_out1_risc32_clk_wiz_0_0
    BUFGCTRL_X0Y16       BUFG (Prop_bufg_I_O)         0.029    -1.152 r  risc32_i/clk_wiz_0/inst/clkout1_buf/O
                         net (fo=38, routed)          0.876    -0.276    risc32_i/segment_0/inst/clk
    SLICE_X1Y92          FDPE                                         r  risc32_i/segment_0/inst/seg_data_o_reg[2]/C
                         clock pessimism             -0.194    -0.470    
                         clock uncertainty            0.108    -0.363    
    SLICE_X1Y92          FDPE (Hold_fdpe_C_D)         0.092    -0.271    risc32_i/segment_0/inst/seg_data_o_reg[2]
  -------------------------------------------------------------------
                         required time                          0.271    
                         arrival time                          -0.170    
  -------------------------------------------------------------------
                         slack                                  0.101    

Slack (MET) :             0.145ns  (arrival time - required time)
  Source:                 risc32_i/segment_0/inst/cnt_reg[0]/C
                            (rising edge-triggered cell FDCE clocked by clk_out1_risc32_clk_wiz_0_0  {rise@0.000ns fall@10.000ns period=20.000ns})
  Destination:            risc32_i/segment_0/inst/cnt_reg[2]/D
                            (rising edge-triggered cell FDCE clocked by clk_out1_risc32_clk_wiz_0_0_1  {rise@0.000ns fall@10.000ns period=20.000ns})
  Path Group:             clk_out1_risc32_clk_wiz_0_0_1
  Path Type:              Hold (Min at Fast Process Corner)
  Requirement:            0.000ns  (clk_out1_risc32_clk_wiz_0_0_1 rise@0.000ns - clk_out1_risc32_clk_wiz_0_0 rise@0.000ns)
  Data Path Delay:        0.359ns  (logic 0.229ns (63.707%)  route 0.130ns (36.293%))
  Logic Levels:           1  (LUT4=1)
  Clock Path Skew:        0.000ns (DCD - SCD - CPR)
    Destination Clock Delay (DCD):    -0.276ns
    Source Clock Delay      (SCD):    -0.509ns
    Clock Pessimism Removal (CPR):    0.233ns
  Clock Uncertainty:      0.108ns  ((TSJ^2 + DJ^2)^1/2) / 2 + PE
    Total System Jitter     (TSJ):    0.071ns
    Discrete Jitter          (DJ):    0.203ns
    Phase Error              (PE):    0.000ns
  Clock Domain Crossing:  Inter clock paths are considered valid unless explicitly excluded by timing constraints such as set_clock_groups or set_false_path.

    Location             Delay type                Incr(ns)  Path(ns)    Netlist Resource(s)
  -------------------------------------------------------------------    -------------------
                         (clock clk_out1_risc32_clk_wiz_0_0 rise edge)
                                                      0.000     0.000 r  
    E3                                                0.000     0.000 r  clk_in1_0 (IN)
                         net (fo=0)                   0.000     0.000    risc32_i/clk_wiz_0/inst/clk_in1
    E3                   IBUF (Prop_ibuf_I_O)         0.250     0.250 r  risc32_i/clk_wiz_0/inst/clkin1_ibufg/O
                         net (fo=1, routed)           0.440     0.690    risc32_i/clk_wiz_0/inst/clk_in1_risc32_clk_wiz_0_0
    PLLE2_ADV_X1Y2       PLLE2_ADV (Prop_plle2_adv_CLKIN1_CLKOUT0)
                                                     -2.342    -1.652 r  risc32_i/clk_wiz_0/inst/plle2_adv_inst/CLKOUT0
                         net (fo=1, routed)           0.514    -1.138    risc32_i/clk_wiz_0/inst/clk_out1_risc32_clk_wiz_0_0
    BUFGCTRL_X0Y16       BUFG (Prop_bufg_I_O)         0.026    -1.112 r  risc32_i/clk_wiz_0/inst/clkout1_buf/O
                         net (fo=38, routed)          0.603    -0.509    risc32_i/segment_0/inst/clk
    SLICE_X1Y91          FDCE                                         r  risc32_i/segment_0/inst/cnt_reg[0]/C
  -------------------------------------------------------------------    -------------------
    SLICE_X1Y91          FDCE (Prop_fdce_C_Q)         0.128    -0.381 r  risc32_i/segment_0/inst/cnt_reg[0]/Q
                         net (fo=19, routed)          0.130    -0.251    risc32_i/segment_0/inst/cnt[0]
    SLICE_X1Y91          LUT4 (Prop_lut4_I1_O)        0.101    -0.150 r  risc32_i/segment_0/inst/cnt[2]_i_1/O
                         net (fo=1, routed)           0.000    -0.150    risc32_i/segment_0/inst/cnt[2]_i_1_n_0
    SLICE_X1Y91          FDCE                                         r  risc32_i/segment_0/inst/cnt_reg[2]/D
  -------------------------------------------------------------------    -------------------

                         (clock clk_out1_risc32_clk_wiz_0_0_1 rise edge)
                                                      0.000     0.000 r  
    E3                                                0.000     0.000 r  clk_in1_0 (IN)
                         net (fo=0)                   0.000     0.000    risc32_i/clk_wiz_0/inst/clk_in1
    E3                   IBUF (Prop_ibuf_I_O)         0.438     0.438 r  risc32_i/clk_wiz_0/inst/clkin1_ibufg/O
                         net (fo=1, routed)           0.481     0.919    risc32_i/clk_wiz_0/inst/clk_in1_risc32_clk_wiz_0_0
    PLLE2_ADV_X1Y2       PLLE2_ADV (Prop_plle2_adv_CLKIN1_CLKOUT0)
                                                     -2.659    -1.740 r  risc32_i/clk_wiz_0/inst/plle2_adv_inst/CLKOUT0
                         net (fo=1, routed)           0.560    -1.181    risc32_i/clk_wiz_0/inst/clk_out1_risc32_clk_wiz_0_0
    BUFGCTRL_X0Y16       BUFG (Prop_bufg_I_O)         0.029    -1.152 r  risc32_i/clk_wiz_0/inst/clkout1_buf/O
                         net (fo=38, routed)          0.876    -0.276    risc32_i/segment_0/inst/clk
    SLICE_X1Y91          FDCE                                         r  risc32_i/segment_0/inst/cnt_reg[2]/C
                         clock pessimism             -0.233    -0.509    
                         clock uncertainty            0.108    -0.402    
    SLICE_X1Y91          FDCE (Hold_fdce_C_D)         0.107    -0.295    risc32_i/segment_0/inst/cnt_reg[2]
  -------------------------------------------------------------------
                         required time                          0.295    
                         arrival time                          -0.150    
  -------------------------------------------------------------------
                         slack                                  0.145    

Slack (MET) :             0.158ns  (arrival time - required time)
  Source:                 risc32_i/segment_0/inst/cnt_reg[0]/C
                            (rising edge-triggered cell FDCE clocked by clk_out1_risc32_clk_wiz_0_0  {rise@0.000ns fall@10.000ns period=20.000ns})
  Destination:            risc32_i/segment_0/inst/cnt_reg[1]/D
                            (rising edge-triggered cell FDCE clocked by clk_out1_risc32_clk_wiz_0_0_1  {rise@0.000ns fall@10.000ns period=20.000ns})
  Path Group:             clk_out1_risc32_clk_wiz_0_0_1
  Path Type:              Hold (Min at Fast Process Corner)
  Requirement:            0.000ns  (clk_out1_risc32_clk_wiz_0_0_1 rise@0.000ns - clk_out1_risc32_clk_wiz_0_0 rise@0.000ns)
  Data Path Delay:        0.356ns  (logic 0.226ns (63.401%)  route 0.130ns (36.599%))
  Logic Levels:           1  (LUT3=1)
  Clock Path Skew:        0.000ns (DCD - SCD - CPR)
    Destination Clock Delay (DCD):    -0.276ns
    Source Clock Delay      (SCD):    -0.509ns
    Clock Pessimism Removal (CPR):    0.233ns
  Clock Uncertainty:      0.108ns  ((TSJ^2 + DJ^2)^1/2) / 2 + PE
    Total System Jitter     (TSJ):    0.071ns
    Discrete Jitter          (DJ):    0.203ns
    Phase Error              (PE):    0.000ns
  Clock Domain Crossing:  Inter clock paths are considered valid unless explicitly excluded by timing constraints such as set_clock_groups or set_false_path.

    Location             Delay type                Incr(ns)  Path(ns)    Netlist Resource(s)
  -------------------------------------------------------------------    -------------------
                         (clock clk_out1_risc32_clk_wiz_0_0 rise edge)
                                                      0.000     0.000 r  
    E3                                                0.000     0.000 r  clk_in1_0 (IN)
                         net (fo=0)                   0.000     0.000    risc32_i/clk_wiz_0/inst/clk_in1
    E3                   IBUF (Prop_ibuf_I_O)         0.250     0.250 r  risc32_i/clk_wiz_0/inst/clkin1_ibufg/O
                         net (fo=1, routed)           0.440     0.690    risc32_i/clk_wiz_0/inst/clk_in1_risc32_clk_wiz_0_0
    PLLE2_ADV_X1Y2       PLLE2_ADV (Prop_plle2_adv_CLKIN1_CLKOUT0)
                                                     -2.342    -1.652 r  risc32_i/clk_wiz_0/inst/plle2_adv_inst/CLKOUT0
                         net (fo=1, routed)           0.514    -1.138    risc32_i/clk_wiz_0/inst/clk_out1_risc32_clk_wiz_0_0
    BUFGCTRL_X0Y16       BUFG (Prop_bufg_I_O)         0.026    -1.112 r  risc32_i/clk_wiz_0/inst/clkout1_buf/O
                         net (fo=38, routed)          0.603    -0.509    risc32_i/segment_0/inst/clk
    SLICE_X1Y91          FDCE                                         r  risc32_i/segment_0/inst/cnt_reg[0]/C
  -------------------------------------------------------------------    -------------------
    SLICE_X1Y91          FDCE (Prop_fdce_C_Q)         0.128    -0.381 r  risc32_i/segment_0/inst/cnt_reg[0]/Q
                         net (fo=19, routed)          0.130    -0.251    risc32_i/segment_0/inst/cnt[0]
    SLICE_X1Y91          LUT3 (Prop_lut3_I0_O)        0.098    -0.153 r  risc32_i/segment_0/inst/cnt[1]_i_1/O
                         net (fo=1, routed)           0.000    -0.153    risc32_i/segment_0/inst/cnt[1]_i_1_n_0
    SLICE_X1Y91          FDCE                                         r  risc32_i/segment_0/inst/cnt_reg[1]/D
  -------------------------------------------------------------------    -------------------

                         (clock clk_out1_risc32_clk_wiz_0_0_1 rise edge)
                                                      0.000     0.000 r  
    E3                                                0.000     0.000 r  clk_in1_0 (IN)
                         net (fo=0)                   0.000     0.000    risc32_i/clk_wiz_0/inst/clk_in1
    E3                   IBUF (Prop_ibuf_I_O)         0.438     0.438 r  risc32_i/clk_wiz_0/inst/clkin1_ibufg/O
                         net (fo=1, routed)           0.481     0.919    risc32_i/clk_wiz_0/inst/clk_in1_risc32_clk_wiz_0_0
    PLLE2_ADV_X1Y2       PLLE2_ADV (Prop_plle2_adv_CLKIN1_CLKOUT0)
                                                     -2.659    -1.740 r  risc32_i/clk_wiz_0/inst/plle2_adv_inst/CLKOUT0
                         net (fo=1, routed)           0.560    -1.181    risc32_i/clk_wiz_0/inst/clk_out1_risc32_clk_wiz_0_0
    BUFGCTRL_X0Y16       BUFG (Prop_bufg_I_O)         0.029    -1.152 r  risc32_i/clk_wiz_0/inst/clkout1_buf/O
                         net (fo=38, routed)          0.876    -0.276    risc32_i/segment_0/inst/clk
    SLICE_X1Y91          FDCE                                         r  risc32_i/segment_0/inst/cnt_reg[1]/C
                         clock pessimism             -0.233    -0.509    
                         clock uncertainty            0.108    -0.402    
    SLICE_X1Y91          FDCE (Hold_fdce_C_D)         0.091    -0.311    risc32_i/segment_0/inst/cnt_reg[1]
  -------------------------------------------------------------------
                         required time                          0.311    
                         arrival time                          -0.153    
  -------------------------------------------------------------------
                         slack                                  0.158    

Slack (MET) :             0.191ns  (arrival time - required time)
  Source:                 risc32_i/segment_0/inst/cnt_reg[1]/C
                            (rising edge-triggered cell FDCE clocked by clk_out1_risc32_clk_wiz_0_0  {rise@0.000ns fall@10.000ns period=20.000ns})
  Destination:            risc32_i/segment_0/inst/AN_reg[3]/D
                            (rising edge-triggered cell FDPE clocked by clk_out1_risc32_clk_wiz_0_0_1  {rise@0.000ns fall@10.000ns period=20.000ns})
  Path Group:             clk_out1_risc32_clk_wiz_0_0_1
  Path Type:              Hold (Min at Fast Process Corner)
  Requirement:            0.000ns  (clk_out1_risc32_clk_wiz_0_0_1 rise@0.000ns - clk_out1_risc32_clk_wiz_0_0 rise@0.000ns)
  Data Path Delay:        0.423ns  (logic 0.189ns (44.706%)  route 0.234ns (55.294%))
  Logic Levels:           1  (LUT3=1)
  Clock Path Skew:        0.017ns (DCD - SCD - CPR)
    Destination Clock Delay (DCD):    -0.275ns
    Source Clock Delay      (SCD):    -0.509ns
    Clock Pessimism Removal (CPR):    0.217ns
  Clock Uncertainty:      0.108ns  ((TSJ^2 + DJ^2)^1/2) / 2 + PE
    Total System Jitter     (TSJ):    0.071ns
    Discrete Jitter          (DJ):    0.203ns
    Phase Error              (PE):    0.000ns
  Clock Domain Crossing:  Inter clock paths are considered valid unless explicitly excluded by timing constraints such as set_clock_groups or set_false_path.

    Location             Delay type                Incr(ns)  Path(ns)    Netlist Resource(s)
  -------------------------------------------------------------------    -------------------
                         (clock clk_out1_risc32_clk_wiz_0_0 rise edge)
                                                      0.000     0.000 r  
    E3                                                0.000     0.000 r  clk_in1_0 (IN)
                         net (fo=0)                   0.000     0.000    risc32_i/clk_wiz_0/inst/clk_in1
    E3                   IBUF (Prop_ibuf_I_O)         0.250     0.250 r  risc32_i/clk_wiz_0/inst/clkin1_ibufg/O
                         net (fo=1, routed)           0.440     0.690    risc32_i/clk_wiz_0/inst/clk_in1_risc32_clk_wiz_0_0
    PLLE2_ADV_X1Y2       PLLE2_ADV (Prop_plle2_adv_CLKIN1_CLKOUT0)
                                                     -2.342    -1.652 r  risc32_i/clk_wiz_0/inst/plle2_adv_inst/CLKOUT0
                         net (fo=1, routed)           0.514    -1.138    risc32_i/clk_wiz_0/inst/clk_out1_risc32_clk_wiz_0_0
    BUFGCTRL_X0Y16       BUFG (Prop_bufg_I_O)         0.026    -1.112 r  risc32_i/clk_wiz_0/inst/clkout1_buf/O
                         net (fo=38, routed)          0.603    -0.509    risc32_i/segment_0/inst/clk
    SLICE_X1Y91          FDCE                                         r  risc32_i/segment_0/inst/cnt_reg[1]/C
  -------------------------------------------------------------------    -------------------
    SLICE_X1Y91          FDCE (Prop_fdce_C_Q)         0.141    -0.368 f  risc32_i/segment_0/inst/cnt_reg[1]/Q
                         net (fo=18, routed)          0.234    -0.135    risc32_i/segment_0/inst/cnt[1]
    SLICE_X3Y93          LUT3 (Prop_lut3_I0_O)        0.048    -0.087 r  risc32_i/segment_0/inst/AN[3]_i_1/O
                         net (fo=1, routed)           0.000    -0.087    risc32_i/segment_0/inst/AN[3]_i_1_n_0
    SLICE_X3Y93          FDPE                                         r  risc32_i/segment_0/inst/AN_reg[3]/D
  -------------------------------------------------------------------    -------------------

                         (clock clk_out1_risc32_clk_wiz_0_0_1 rise edge)
                                                      0.000     0.000 r  
    E3                                                0.000     0.000 r  clk_in1_0 (IN)
                         net (fo=0)                   0.000     0.000    risc32_i/clk_wiz_0/inst/clk_in1
    E3                   IBUF (Prop_ibuf_I_O)         0.438     0.438 r  risc32_i/clk_wiz_0/inst/clkin1_ibufg/O
                         net (fo=1, routed)           0.481     0.919    risc32_i/clk_wiz_0/inst/clk_in1_risc32_clk_wiz_0_0
    PLLE2_ADV_X1Y2       PLLE2_ADV (Prop_plle2_adv_CLKIN1_CLKOUT0)
                                                     -2.659    -1.740 r  risc32_i/clk_wiz_0/inst/plle2_adv_inst/CLKOUT0
                         net (fo=1, routed)           0.560    -1.181    risc32_i/clk_wiz_0/inst/clk_out1_risc32_clk_wiz_0_0
    BUFGCTRL_X0Y16       BUFG (Prop_bufg_I_O)         0.029    -1.152 r  risc32_i/clk_wiz_0/inst/clkout1_buf/O
                         net (fo=38, routed)          0.877    -0.275    risc32_i/segment_0/inst/clk
    SLICE_X3Y93          FDPE                                         r  risc32_i/segment_0/inst/AN_reg[3]/C
                         clock pessimism             -0.217    -0.492    
                         clock uncertainty            0.108    -0.385    
    SLICE_X3Y93          FDPE (Hold_fdpe_C_D)         0.107    -0.278    risc32_i/segment_0/inst/AN_reg[3]
  -------------------------------------------------------------------
                         required time                          0.278    
                         arrival time                          -0.087    
  -------------------------------------------------------------------
                         slack                                  0.191    

Slack (MET) :             0.204ns  (arrival time - required time)
  Source:                 risc32_i/segment_0/inst/cnt_reg[1]/C
                            (rising edge-triggered cell FDCE clocked by clk_out1_risc32_clk_wiz_0_0  {rise@0.000ns fall@10.000ns period=20.000ns})
  Destination:            risc32_i/segment_0/inst/AN_reg[2]/D
                            (rising edge-triggered cell FDPE clocked by clk_out1_risc32_clk_wiz_0_0_1  {rise@0.000ns fall@10.000ns period=20.000ns})
  Path Group:             clk_out1_risc32_clk_wiz_0_0_1
  Path Type:              Hold (Min at Fast Process Corner)
  Requirement:            0.000ns  (clk_out1_risc32_clk_wiz_0_0_1 rise@0.000ns - clk_out1_risc32_clk_wiz_0_0 rise@0.000ns)
  Data Path Delay:        0.420ns  (logic 0.186ns (44.311%)  route 0.234ns (55.689%))
  Logic Levels:           1  (LUT3=1)
  Clock Path Skew:        0.017ns (DCD - SCD - CPR)
    Destination Clock Delay (DCD):    -0.275ns
    Source Clock Delay      (SCD):    -0.509ns
    Clock Pessimism Removal (CPR):    0.217ns
  Clock Uncertainty:      0.108ns  ((TSJ^2 + DJ^2)^1/2) / 2 + PE
    Total System Jitter     (TSJ):    0.071ns
    Discrete Jitter          (DJ):    0.203ns
    Phase Error              (PE):    0.000ns
  Clock Domain Crossing:  Inter clock paths are considered valid unless explicitly excluded by timing constraints such as set_clock_groups or set_false_path.

    Location             Delay type                Incr(ns)  Path(ns)    Netlist Resource(s)
  -------------------------------------------------------------------    -------------------
                         (clock clk_out1_risc32_clk_wiz_0_0 rise edge)
                                                      0.000     0.000 r  
    E3                                                0.000     0.000 r  clk_in1_0 (IN)
                         net (fo=0)                   0.000     0.000    risc32_i/clk_wiz_0/inst/clk_in1
    E3                   IBUF (Prop_ibuf_I_O)         0.250     0.250 r  risc32_i/clk_wiz_0/inst/clkin1_ibufg/O
                         net (fo=1, routed)           0.440     0.690    risc32_i/clk_wiz_0/inst/clk_in1_risc32_clk_wiz_0_0
    PLLE2_ADV_X1Y2       PLLE2_ADV (Prop_plle2_adv_CLKIN1_CLKOUT0)
                                                     -2.342    -1.652 r  risc32_i/clk_wiz_0/inst/plle2_adv_inst/CLKOUT0
                         net (fo=1, routed)           0.514    -1.138    risc32_i/clk_wiz_0/inst/clk_out1_risc32_clk_wiz_0_0
    BUFGCTRL_X0Y16       BUFG (Prop_bufg_I_O)         0.026    -1.112 r  risc32_i/clk_wiz_0/inst/clkout1_buf/O
                         net (fo=38, routed)          0.603    -0.509    risc32_i/segment_0/inst/clk
    SLICE_X1Y91          FDCE                                         r  risc32_i/segment_0/inst/cnt_reg[1]/C
  -------------------------------------------------------------------    -------------------
    SLICE_X1Y91          FDCE (Prop_fdce_C_Q)         0.141    -0.368 f  risc32_i/segment_0/inst/cnt_reg[1]/Q
                         net (fo=18, routed)          0.234    -0.135    risc32_i/segment_0/inst/cnt[1]
    SLICE_X3Y93          LUT3 (Prop_lut3_I2_O)        0.045    -0.090 r  risc32_i/segment_0/inst/AN[2]_i_1/O
                         net (fo=1, routed)           0.000    -0.090    risc32_i/segment_0/inst/AN[2]_i_1_n_0
    SLICE_X3Y93          FDPE                                         r  risc32_i/segment_0/inst/AN_reg[2]/D
  -------------------------------------------------------------------    -------------------

                         (clock clk_out1_risc32_clk_wiz_0_0_1 rise edge)
                                                      0.000     0.000 r  
    E3                                                0.000     0.000 r  clk_in1_0 (IN)
                         net (fo=0)                   0.000     0.000    risc32_i/clk_wiz_0/inst/clk_in1
    E3                   IBUF (Prop_ibuf_I_O)         0.438     0.438 r  risc32_i/clk_wiz_0/inst/clkin1_ibufg/O
                         net (fo=1, routed)           0.481     0.919    risc32_i/clk_wiz_0/inst/clk_in1_risc32_clk_wiz_0_0
    PLLE2_ADV_X1Y2       PLLE2_ADV (Prop_plle2_adv_CLKIN1_CLKOUT0)
                                                     -2.659    -1.740 r  risc32_i/clk_wiz_0/inst/plle2_adv_inst/CLKOUT0
                         net (fo=1, routed)           0.560    -1.181    risc32_i/clk_wiz_0/inst/clk_out1_risc32_clk_wiz_0_0
    BUFGCTRL_X0Y16       BUFG (Prop_bufg_I_O)         0.029    -1.152 r  risc32_i/clk_wiz_0/inst/clkout1_buf/O
                         net (fo=38, routed)          0.877    -0.275    risc32_i/segment_0/inst/clk
    SLICE_X3Y93          FDPE                                         r  risc32_i/segment_0/inst/AN_reg[2]/C
                         clock pessimism             -0.217    -0.492    
                         clock uncertainty            0.108    -0.385    
    SLICE_X3Y93          FDPE (Hold_fdpe_C_D)         0.091    -0.294    risc32_i/segment_0/inst/AN_reg[2]
  -------------------------------------------------------------------
                         required time                          0.294    
                         arrival time                          -0.090    
  -------------------------------------------------------------------
                         slack                                  0.204    

Slack (MET) :             0.209ns  (arrival time - required time)
  Source:                 risc32_i/segment_0/inst/cnt_reg[1]/C
                            (rising edge-triggered cell FDCE clocked by clk_out1_risc32_clk_wiz_0_0  {rise@0.000ns fall@10.000ns period=20.000ns})
  Destination:            risc32_i/segment_0/inst/AN_reg[7]/D
                            (rising edge-triggered cell FDPE clocked by clk_out1_risc32_clk_wiz_0_0_1  {rise@0.000ns fall@10.000ns period=20.000ns})
  Path Group:             clk_out1_risc32_clk_wiz_0_0_1
  Path Type:              Hold (Min at Fast Process Corner)
  Requirement:            0.000ns  (clk_out1_risc32_clk_wiz_0_0_1 rise@0.000ns - clk_out1_risc32_clk_wiz_0_0 rise@0.000ns)
  Data Path Delay:        0.439ns  (logic 0.183ns (41.660%)  route 0.256ns (58.340%))
  Logic Levels:           1  (LUT3=1)
  Clock Path Skew:        0.016ns (DCD - SCD - CPR)
    Destination Clock Delay (DCD):    -0.276ns
    Source Clock Delay      (SCD):    -0.509ns
    Clock Pessimism Removal (CPR):    0.217ns
  Clock Uncertainty:      0.108ns  ((TSJ^2 + DJ^2)^1/2) / 2 + PE
    Total System Jitter     (TSJ):    0.071ns
    Discrete Jitter          (DJ):    0.203ns
    Phase Error              (PE):    0.000ns
  Clock Domain Crossing:  Inter clock paths are considered valid unless explicitly excluded by timing constraints such as set_clock_groups or set_false_path.

    Location             Delay type                Incr(ns)  Path(ns)    Netlist Resource(s)
  -------------------------------------------------------------------    -------------------
                         (clock clk_out1_risc32_clk_wiz_0_0 rise edge)
                                                      0.000     0.000 r  
    E3                                                0.000     0.000 r  clk_in1_0 (IN)
                         net (fo=0)                   0.000     0.000    risc32_i/clk_wiz_0/inst/clk_in1
    E3                   IBUF (Prop_ibuf_I_O)         0.250     0.250 r  risc32_i/clk_wiz_0/inst/clkin1_ibufg/O
                         net (fo=1, routed)           0.440     0.690    risc32_i/clk_wiz_0/inst/clk_in1_risc32_clk_wiz_0_0
    PLLE2_ADV_X1Y2       PLLE2_ADV (Prop_plle2_adv_CLKIN1_CLKOUT0)
                                                     -2.342    -1.652 r  risc32_i/clk_wiz_0/inst/plle2_adv_inst/CLKOUT0
                         net (fo=1, routed)           0.514    -1.138    risc32_i/clk_wiz_0/inst/clk_out1_risc32_clk_wiz_0_0
    BUFGCTRL_X0Y16       BUFG (Prop_bufg_I_O)         0.026    -1.112 r  risc32_i/clk_wiz_0/inst/clkout1_buf/O
                         net (fo=38, routed)          0.603    -0.509    risc32_i/segment_0/inst/clk
    SLICE_X1Y91          FDCE                                         r  risc32_i/segment_0/inst/cnt_reg[1]/C
  -------------------------------------------------------------------    -------------------
    SLICE_X1Y91          FDCE (Prop_fdce_C_Q)         0.141    -0.368 f  risc32_i/segment_0/inst/cnt_reg[1]/Q
                         net (fo=18, routed)          0.256    -0.112    risc32_i/segment_0/inst/cnt[1]
    SLICE_X0Y90          LUT3 (Prop_lut3_I2_O)        0.042    -0.070 r  risc32_i/segment_0/inst/AN[7]_i_1/O
                         net (fo=1, routed)           0.000    -0.070    risc32_i/segment_0/inst/AN[7]_i_1_n_0
    SLICE_X0Y90          FDPE                                         r  risc32_i/segment_0/inst/AN_reg[7]/D
  -------------------------------------------------------------------    -------------------

                         (clock clk_out1_risc32_clk_wiz_0_0_1 rise edge)
                                                      0.000     0.000 r  
    E3                                                0.000     0.000 r  clk_in1_0 (IN)
                         net (fo=0)                   0.000     0.000    risc32_i/clk_wiz_0/inst/clk_in1
    E3                   IBUF (Prop_ibuf_I_O)         0.438     0.438 r  risc32_i/clk_wiz_0/inst/clkin1_ibufg/O
                         net (fo=1, routed)           0.481     0.919    risc32_i/clk_wiz_0/inst/clk_in1_risc32_clk_wiz_0_0
    PLLE2_ADV_X1Y2       PLLE2_ADV (Prop_plle2_adv_CLKIN1_CLKOUT0)
                                                     -2.659    -1.740 r  risc32_i/clk_wiz_0/inst/plle2_adv_inst/CLKOUT0
                         net (fo=1, routed)           0.560    -1.181    risc32_i/clk_wiz_0/inst/clk_out1_risc32_clk_wiz_0_0
    BUFGCTRL_X0Y16       BUFG (Prop_bufg_I_O)         0.029    -1.152 r  risc32_i/clk_wiz_0/inst/clkout1_buf/O
                         net (fo=38, routed)          0.876    -0.276    risc32_i/segment_0/inst/clk
    SLICE_X0Y90          FDPE                                         r  risc32_i/segment_0/inst/AN_reg[7]/C
                         clock pessimism             -0.217    -0.493    
                         clock uncertainty            0.108    -0.386    
    SLICE_X0Y90          FDPE (Hold_fdpe_C_D)         0.107    -0.279    risc32_i/segment_0/inst/AN_reg[7]
  -------------------------------------------------------------------
                         required time                          0.279    
                         arrival time                          -0.070    
  -------------------------------------------------------------------
                         slack                                  0.209    

Slack (MET) :             0.228ns  (arrival time - required time)
  Source:                 risc32_i/segment_0/inst/cnt_reg[1]/C
                            (rising edge-triggered cell FDCE clocked by clk_out1_risc32_clk_wiz_0_0  {rise@0.000ns fall@10.000ns period=20.000ns})
  Destination:            risc32_i/segment_0/inst/AN_reg[6]/D
                            (rising edge-triggered cell FDPE clocked by clk_out1_risc32_clk_wiz_0_0_1  {rise@0.000ns fall@10.000ns period=20.000ns})
  Path Group:             clk_out1_risc32_clk_wiz_0_0_1
  Path Type:              Hold (Min at Fast Process Corner)
  Requirement:            0.000ns  (clk_out1_risc32_clk_wiz_0_0_1 rise@0.000ns - clk_out1_risc32_clk_wiz_0_0 rise@0.000ns)
  Data Path Delay:        0.442ns  (logic 0.186ns (42.056%)  route 0.256ns (57.944%))
  Logic Levels:           1  (LUT3=1)
  Clock Path Skew:        0.016ns (DCD - SCD - CPR)
    Destination Clock Delay (DCD):    -0.276ns
    Source Clock Delay      (SCD):    -0.509ns
    Clock Pessimism Removal (CPR):    0.217ns
  Clock Uncertainty:      0.108ns  ((TSJ^2 + DJ^2)^1/2) / 2 + PE
    Total System Jitter     (TSJ):    0.071ns
    Discrete Jitter          (DJ):    0.203ns
    Phase Error              (PE):    0.000ns
  Clock Domain Crossing:  Inter clock paths are considered valid unless explicitly excluded by timing constraints such as set_clock_groups or set_false_path.

    Location             Delay type                Incr(ns)  Path(ns)    Netlist Resource(s)
  -------------------------------------------------------------------    -------------------
                         (clock clk_out1_risc32_clk_wiz_0_0 rise edge)
                                                      0.000     0.000 r  
    E3                                                0.000     0.000 r  clk_in1_0 (IN)
                         net (fo=0)                   0.000     0.000    risc32_i/clk_wiz_0/inst/clk_in1
    E3                   IBUF (Prop_ibuf_I_O)         0.250     0.250 r  risc32_i/clk_wiz_0/inst/clkin1_ibufg/O
                         net (fo=1, routed)           0.440     0.690    risc32_i/clk_wiz_0/inst/clk_in1_risc32_clk_wiz_0_0
    PLLE2_ADV_X1Y2       PLLE2_ADV (Prop_plle2_adv_CLKIN1_CLKOUT0)
                                                     -2.342    -1.652 r  risc32_i/clk_wiz_0/inst/plle2_adv_inst/CLKOUT0
                         net (fo=1, routed)           0.514    -1.138    risc32_i/clk_wiz_0/inst/clk_out1_risc32_clk_wiz_0_0
    BUFGCTRL_X0Y16       BUFG (Prop_bufg_I_O)         0.026    -1.112 r  risc32_i/clk_wiz_0/inst/clkout1_buf/O
                         net (fo=38, routed)          0.603    -0.509    risc32_i/segment_0/inst/clk
    SLICE_X1Y91          FDCE                                         r  risc32_i/segment_0/inst/cnt_reg[1]/C
  -------------------------------------------------------------------    -------------------
    SLICE_X1Y91          FDCE (Prop_fdce_C_Q)         0.141    -0.368 f  risc32_i/segment_0/inst/cnt_reg[1]/Q
                         net (fo=18, routed)          0.256    -0.112    risc32_i/segment_0/inst/cnt[1]
    SLICE_X0Y90          LUT3 (Prop_lut3_I0_O)        0.045    -0.067 r  risc32_i/segment_0/inst/AN[6]_i_1/O
                         net (fo=1, routed)           0.000    -0.067    risc32_i/segment_0/inst/AN[6]_i_1_n_0
    SLICE_X0Y90          FDPE                                         r  risc32_i/segment_0/inst/AN_reg[6]/D
  -------------------------------------------------------------------    -------------------

                         (clock clk_out1_risc32_clk_wiz_0_0_1 rise edge)
                                                      0.000     0.000 r  
    E3                                                0.000     0.000 r  clk_in1_0 (IN)
                         net (fo=0)                   0.000     0.000    risc32_i/clk_wiz_0/inst/clk_in1
    E3                   IBUF (Prop_ibuf_I_O)         0.438     0.438 r  risc32_i/clk_wiz_0/inst/clkin1_ibufg/O
                         net (fo=1, routed)           0.481     0.919    risc32_i/clk_wiz_0/inst/clk_in1_risc32_clk_wiz_0_0
    PLLE2_ADV_X1Y2       PLLE2_ADV (Prop_plle2_adv_CLKIN1_CLKOUT0)
                                                     -2.659    -1.740 r  risc32_i/clk_wiz_0/inst/plle2_adv_inst/CLKOUT0
                         net (fo=1, routed)           0.560    -1.181    risc32_i/clk_wiz_0/inst/clk_out1_risc32_clk_wiz_0_0
    BUFGCTRL_X0Y16       BUFG (Prop_bufg_I_O)         0.029    -1.152 r  risc32_i/clk_wiz_0/inst/clkout1_buf/O
                         net (fo=38, routed)          0.876    -0.276    risc32_i/segment_0/inst/clk
    SLICE_X0Y90          FDPE                                         r  risc32_i/segment_0/inst/AN_reg[6]/C
                         clock pessimism             -0.217    -0.493    
                         clock uncertainty            0.108    -0.386    
    SLICE_X0Y90          FDPE (Hold_fdpe_C_D)         0.091    -0.295    risc32_i/segment_0/inst/AN_reg[6]
  -------------------------------------------------------------------
                         required time                          0.295    
                         arrival time                          -0.067    
  -------------------------------------------------------------------
                         slack                                  0.228    

Slack (MET) :             0.231ns  (arrival time - required time)
  Source:                 risc32_i/segment_0/inst/seg_num_reg[0]/C
                            (rising edge-triggered cell FDCE clocked by clk_out1_risc32_clk_wiz_0_0  {rise@0.000ns fall@10.000ns period=20.000ns})
  Destination:            risc32_i/segment_0/inst/seg_data_o_reg[1]/D
                            (rising edge-triggered cell FDPE clocked by clk_out1_risc32_clk_wiz_0_0_1  {rise@0.000ns fall@10.000ns period=20.000ns})
  Path Group:             clk_out1_risc32_clk_wiz_0_0_1
  Path Type:              Hold (Min at Fast Process Corner)
  Requirement:            0.000ns  (clk_out1_risc32_clk_wiz_0_0_1 rise@0.000ns - clk_out1_risc32_clk_wiz_0_0 rise@0.000ns)
  Data Path Delay:        0.486ns  (logic 0.184ns (37.877%)  route 0.302ns (62.123%))
  Logic Levels:           1  (LUT4=1)
  Clock Path Skew:        0.040ns (DCD - SCD - CPR)
    Destination Clock Delay (DCD):    -0.276ns
    Source Clock Delay      (SCD):    -0.510ns
    Clock Pessimism Removal (CPR):    0.194ns
  Clock Uncertainty:      0.108ns  ((TSJ^2 + DJ^2)^1/2) / 2 + PE
    Total System Jitter     (TSJ):    0.071ns
    Discrete Jitter          (DJ):    0.203ns
    Phase Error              (PE):    0.000ns
  Clock Domain Crossing:  Inter clock paths are considered valid unless explicitly excluded by timing constraints such as set_clock_groups or set_false_path.

    Location             Delay type                Incr(ns)  Path(ns)    Netlist Resource(s)
  -------------------------------------------------------------------    -------------------
                         (clock clk_out1_risc32_clk_wiz_0_0 rise edge)
                                                      0.000     0.000 r  
    E3                                                0.000     0.000 r  clk_in1_0 (IN)
                         net (fo=0)                   0.000     0.000    risc32_i/clk_wiz_0/inst/clk_in1
    E3                   IBUF (Prop_ibuf_I_O)         0.250     0.250 r  risc32_i/clk_wiz_0/inst/clkin1_ibufg/O
                         net (fo=1, routed)           0.440     0.690    risc32_i/clk_wiz_0/inst/clk_in1_risc32_clk_wiz_0_0
    PLLE2_ADV_X1Y2       PLLE2_ADV (Prop_plle2_adv_CLKIN1_CLKOUT0)
                                                     -2.342    -1.652 r  risc32_i/clk_wiz_0/inst/plle2_adv_inst/CLKOUT0
                         net (fo=1, routed)           0.514    -1.138    risc32_i/clk_wiz_0/inst/clk_out1_risc32_clk_wiz_0_0
    BUFGCTRL_X0Y16       BUFG (Prop_bufg_I_O)         0.026    -1.112 r  risc32_i/clk_wiz_0/inst/clkout1_buf/O
                         net (fo=38, routed)          0.602    -0.510    risc32_i/segment_0/inst/clk
    SLICE_X5Y92          FDCE                                         r  risc32_i/segment_0/inst/seg_num_reg[0]/C
  -------------------------------------------------------------------    -------------------
    SLICE_X5Y92          FDCE (Prop_fdce_C_Q)         0.141    -0.369 r  risc32_i/segment_0/inst/seg_num_reg[0]/Q
                         net (fo=7, routed)           0.302    -0.067    risc32_i/segment_0/inst/seg_num[0]
    SLICE_X0Y90          LUT4 (Prop_lut4_I3_O)        0.043    -0.024 r  risc32_i/segment_0/inst/seg_data_o[1]_i_1/O
                         net (fo=1, routed)           0.000    -0.024    risc32_i/segment_0/inst/seg_data_o_0[1]
    SLICE_X0Y90          FDPE                                         r  risc32_i/segment_0/inst/seg_data_o_reg[1]/D
  -------------------------------------------------------------------    -------------------

                         (clock clk_out1_risc32_clk_wiz_0_0_1 rise edge)
                                                      0.000     0.000 r  
    E3                                                0.000     0.000 r  clk_in1_0 (IN)
                         net (fo=0)                   0.000     0.000    risc32_i/clk_wiz_0/inst/clk_in1
    E3                   IBUF (Prop_ibuf_I_O)         0.438     0.438 r  risc32_i/clk_wiz_0/inst/clkin1_ibufg/O
                         net (fo=1, routed)           0.481     0.919    risc32_i/clk_wiz_0/inst/clk_in1_risc32_clk_wiz_0_0
    PLLE2_ADV_X1Y2       PLLE2_ADV (Prop_plle2_adv_CLKIN1_CLKOUT0)
                                                     -2.659    -1.740 r  risc32_i/clk_wiz_0/inst/plle2_adv_inst/CLKOUT0
                         net (fo=1, routed)           0.560    -1.181    risc32_i/clk_wiz_0/inst/clk_out1_risc32_clk_wiz_0_0
    BUFGCTRL_X0Y16       BUFG (Prop_bufg_I_O)         0.029    -1.152 r  risc32_i/clk_wiz_0/inst/clkout1_buf/O
                         net (fo=38, routed)          0.876    -0.276    risc32_i/segment_0/inst/clk
    SLICE_X0Y90          FDPE                                         r  risc32_i/segment_0/inst/seg_data_o_reg[1]/C
                         clock pessimism             -0.194    -0.470    
                         clock uncertainty            0.108    -0.363    
    SLICE_X0Y90          FDPE (Hold_fdpe_C_D)         0.107    -0.256    risc32_i/segment_0/inst/seg_data_o_reg[1]
  -------------------------------------------------------------------
                         required time                          0.256    
                         arrival time                          -0.024    
  -------------------------------------------------------------------
                         slack                                  0.231    

Slack (MET) :             0.248ns  (arrival time - required time)
  Source:                 risc32_i/segment_0/inst/cnt_reg[2]/C
                            (rising edge-triggered cell FDCE clocked by clk_out1_risc32_clk_wiz_0_0  {rise@0.000ns fall@10.000ns period=20.000ns})
  Destination:            risc32_i/segment_0/inst/seg_num_reg[2]/D
                            (rising edge-triggered cell FDCE clocked by clk_out1_risc32_clk_wiz_0_0_1  {rise@0.000ns fall@10.000ns period=20.000ns})
  Path Group:             clk_out1_risc32_clk_wiz_0_0_1
  Path Type:              Hold (Min at Fast Process Corner)
  Requirement:            0.000ns  (clk_out1_risc32_clk_wiz_0_0_1 rise@0.000ns - clk_out1_risc32_clk_wiz_0_0 rise@0.000ns)
  Data Path Delay:        0.496ns  (logic 0.275ns (55.404%)  route 0.221ns (44.596%))
  Logic Levels:           1  (MUXF7=1)
  Clock Path Skew:        0.036ns (DCD - SCD - CPR)
    Destination Clock Delay (DCD):    -0.279ns
    Source Clock Delay      (SCD):    -0.509ns
    Clock Pessimism Removal (CPR):    0.194ns
  Clock Uncertainty:      0.108ns  ((TSJ^2 + DJ^2)^1/2) / 2 + PE
    Total System Jitter     (TSJ):    0.071ns
    Discrete Jitter          (DJ):    0.203ns
    Phase Error              (PE):    0.000ns
  Clock Domain Crossing:  Inter clock paths are considered valid unless explicitly excluded by timing constraints such as set_clock_groups or set_false_path.

    Location             Delay type                Incr(ns)  Path(ns)    Netlist Resource(s)
  -------------------------------------------------------------------    -------------------
                         (clock clk_out1_risc32_clk_wiz_0_0 rise edge)
                                                      0.000     0.000 r  
    E3                                                0.000     0.000 r  clk_in1_0 (IN)
                         net (fo=0)                   0.000     0.000    risc32_i/clk_wiz_0/inst/clk_in1
    E3                   IBUF (Prop_ibuf_I_O)         0.250     0.250 r  risc32_i/clk_wiz_0/inst/clkin1_ibufg/O
                         net (fo=1, routed)           0.440     0.690    risc32_i/clk_wiz_0/inst/clk_in1_risc32_clk_wiz_0_0
    PLLE2_ADV_X1Y2       PLLE2_ADV (Prop_plle2_adv_CLKIN1_CLKOUT0)
                                                     -2.342    -1.652 r  risc32_i/clk_wiz_0/inst/plle2_adv_inst/CLKOUT0
                         net (fo=1, routed)           0.514    -1.138    risc32_i/clk_wiz_0/inst/clk_out1_risc32_clk_wiz_0_0
    BUFGCTRL_X0Y16       BUFG (Prop_bufg_I_O)         0.026    -1.112 r  risc32_i/clk_wiz_0/inst/clkout1_buf/O
                         net (fo=38, routed)          0.603    -0.509    risc32_i/segment_0/inst/clk
    SLICE_X1Y91          FDCE                                         r  risc32_i/segment_0/inst/cnt_reg[2]/C
  -------------------------------------------------------------------    -------------------
    SLICE_X1Y91          FDCE (Prop_fdce_C_Q)         0.128    -0.381 r  risc32_i/segment_0/inst/cnt_reg[2]/Q
                         net (fo=13, routed)          0.221    -0.160    risc32_i/segment_0/inst/cnt[2]
    SLICE_X5Y92          MUXF7 (Prop_muxf7_S_O)       0.147    -0.013 r  risc32_i/segment_0/inst/seg_num_reg[2]_i_1/O
                         net (fo=1, routed)           0.000    -0.013    risc32_i/segment_0/inst/seg_num_2[2]
    SLICE_X5Y92          FDCE                                         r  risc32_i/segment_0/inst/seg_num_reg[2]/D
  -------------------------------------------------------------------    -------------------

                         (clock clk_out1_risc32_clk_wiz_0_0_1 rise edge)
                                                      0.000     0.000 r  
    E3                                                0.000     0.000 r  clk_in1_0 (IN)
                         net (fo=0)                   0.000     0.000    risc32_i/clk_wiz_0/inst/clk_in1
    E3                   IBUF (Prop_ibuf_I_O)         0.438     0.438 r  risc32_i/clk_wiz_0/inst/clkin1_ibufg/O
                         net (fo=1, routed)           0.481     0.919    risc32_i/clk_wiz_0/inst/clk_in1_risc32_clk_wiz_0_0
    PLLE2_ADV_X1Y2       PLLE2_ADV (Prop_plle2_adv_CLKIN1_CLKOUT0)
                                                     -2.659    -1.740 r  risc32_i/clk_wiz_0/inst/plle2_adv_inst/CLKOUT0
                         net (fo=1, routed)           0.560    -1.181    risc32_i/clk_wiz_0/inst/clk_out1_risc32_clk_wiz_0_0
    BUFGCTRL_X0Y16       BUFG (Prop_bufg_I_O)         0.029    -1.152 r  risc32_i/clk_wiz_0/inst/clkout1_buf/O
                         net (fo=38, routed)          0.873    -0.279    risc32_i/segment_0/inst/clk
    SLICE_X5Y92          FDCE                                         r  risc32_i/segment_0/inst/seg_num_reg[2]/C
                         clock pessimism             -0.194    -0.473    
                         clock uncertainty            0.108    -0.366    
    SLICE_X5Y92          FDCE (Hold_fdce_C_D)         0.105    -0.261    risc32_i/segment_0/inst/seg_num_reg[2]
  -------------------------------------------------------------------
                         required time                          0.261    
                         arrival time                          -0.013    
  -------------------------------------------------------------------
                         slack                                  0.248    





--------------------------------------------------------------------------------------
Path Group:  (none)
From Clock:  
  To Clock:  

Max Delay           612 Endpoints
Min Delay           612 Endpoints
--------------------------------------------------------------------------------------


Max Delay Paths
--------------------------------------------------------------------------------------
Slack:                    inf
  Source:                 risc32_i/pc_0/inst/q_reg[4]/C
                            (rising edge-triggered cell FDCE)
  Destination:            risc32_i/regfile_0/inst/reg_array_reg_r2_0_31_30_31__0/DP/I
  Path Group:             (none)
  Path Type:              Max at Slow Process Corner
  Data Path Delay:        9.950ns  (logic 2.709ns (27.225%)  route 7.241ns (72.775%))
  Logic Levels:           12  (CARRY4=6 FDCE=1 LUT2=2 LUT6=2 RAMD32=1)

    Location             Delay type                Incr(ns)  Path(ns)    Netlist Resource(s)
  -------------------------------------------------------------------    -------------------
    SLICE_X9Y89          FDCE                         0.000     0.000 r  risc32_i/pc_0/inst/q_reg[4]/C
    SLICE_X9Y89          FDCE (Prop_fdce_C_Q)         0.456     0.456 r  risc32_i/pc_0/inst/q_reg[4]/Q
                         net (fo=15, routed)          1.025     1.481    risc32_i/imem_0/inst/inst_addr[4]
    SLICE_X9Y90          LUT6 (Prop_lut6_I3_O)        0.124     1.605 r  risc32_i/imem_0/inst/inst_o[23]_INST_0/O
                         net (fo=65, routed)          2.827     4.432    risc32_i/regfile_0/inst/reg_array_reg_r2_0_31_6_11/ADDRC3
    SLICE_X2Y91          RAMD32 (Prop_ramd32_RADR3_O)
                                                      0.153     4.585 r  risc32_i/regfile_0/inst/reg_array_reg_r2_0_31_6_11/RAMC/O
                         net (fo=1, routed)           0.948     5.534    risc32_i/regfile_0/inst/reg_data20[10]
    SLICE_X5Y90          LUT6 (Prop_lut6_I5_O)        0.331     5.865 r  risc32_i/regfile_0/inst/reg_data2[10]_INST_0/O
                         net (fo=1, routed)           0.877     6.741    risc32_i/MUX_32b_2_to_1_0/inst/data0[10]
    SLICE_X5Y90          LUT2 (Prop_lut2_I0_O)        0.152     6.893 r  risc32_i/MUX_32b_2_to_1_0/inst/result[10]_INST_0/O
                         net (fo=1, routed)           0.667     7.560    risc32_i/alu32_0/inst/alu_b[10]
    SLICE_X4Y90          LUT2 (Prop_lut2_I1_O)        0.326     7.886 r  risc32_i/alu32_0/inst/alu_out0_carry__1_i_2/O
                         net (fo=1, routed)           0.000     7.886    risc32_i/alu32_0/inst/alu_out0_carry__1_i_2_n_0
    SLICE_X4Y90          CARRY4 (Prop_carry4_S[2]_CO[3])
                                                      0.398     8.284 r  risc32_i/alu32_0/inst/alu_out0_carry__1/CO[3]
                         net (fo=1, routed)           0.000     8.284    risc32_i/alu32_0/inst/alu_out0_carry__1_n_0
    SLICE_X4Y91          CARRY4 (Prop_carry4_CI_CO[3])
                                                      0.114     8.398 r  risc32_i/alu32_0/inst/alu_out0_carry__2/CO[3]
                         net (fo=1, routed)           0.000     8.398    risc32_i/alu32_0/inst/alu_out0_carry__2_n_0
    SLICE_X4Y92          CARRY4 (Prop_carry4_CI_CO[3])
                                                      0.114     8.512 r  risc32_i/alu32_0/inst/alu_out0_carry__3/CO[3]
                         net (fo=1, routed)           0.000     8.512    risc32_i/alu32_0/inst/alu_out0_carry__3_n_0
    SLICE_X4Y93          CARRY4 (Prop_carry4_CI_CO[3])
                                                      0.114     8.626 r  risc32_i/alu32_0/inst/alu_out0_carry__4/CO[3]
                         net (fo=1, routed)           0.000     8.626    risc32_i/alu32_0/inst/alu_out0_carry__4_n_0
    SLICE_X4Y94          CARRY4 (Prop_carry4_CI_CO[3])
                                                      0.114     8.740 r  risc32_i/alu32_0/inst/alu_out0_carry__5/CO[3]
                         net (fo=1, routed)           0.000     8.740    risc32_i/alu32_0/inst/alu_out0_carry__5_n_0
    SLICE_X4Y95          CARRY4 (Prop_carry4_CI_O[3])
                                                      0.313     9.053 r  risc32_i/alu32_0/inst/alu_out0_carry__6/O[3]
                         net (fo=5, routed)           0.897     9.950    risc32_i/regfile_0/inst/reg_array_reg_r2_0_31_30_31__0/D
    SLICE_X6Y92          RAMD32                                       r  risc32_i/regfile_0/inst/reg_array_reg_r2_0_31_30_31__0/DP/I
  -------------------------------------------------------------------    -------------------

Slack:                    inf
  Source:                 risc32_i/pc_0/inst/q_reg[4]/C
                            (rising edge-triggered cell FDCE)
  Destination:            risc32_i/regfile_0/inst/reg_array_reg_r1_0_31_30_31/DP/I
  Path Group:             (none)
  Path Type:              Max at Slow Process Corner
  Data Path Delay:        9.940ns  (logic 2.635ns (26.510%)  route 7.305ns (73.490%))
  Logic Levels:           12  (CARRY4=6 FDCE=1 LUT2=2 LUT6=2 RAMD32=1)

    Location             Delay type                Incr(ns)  Path(ns)    Netlist Resource(s)
  -------------------------------------------------------------------    -------------------
    SLICE_X9Y89          FDCE                         0.000     0.000 r  risc32_i/pc_0/inst/q_reg[4]/C
    SLICE_X9Y89          FDCE (Prop_fdce_C_Q)         0.456     0.456 r  risc32_i/pc_0/inst/q_reg[4]/Q
                         net (fo=15, routed)          1.025     1.481    risc32_i/imem_0/inst/inst_addr[4]
    SLICE_X9Y90          LUT6 (Prop_lut6_I3_O)        0.124     1.605 r  risc32_i/imem_0/inst/inst_o[23]_INST_0/O
                         net (fo=65, routed)          2.827     4.432    risc32_i/regfile_0/inst/reg_array_reg_r2_0_31_6_11/ADDRC3
    SLICE_X2Y91          RAMD32 (Prop_ramd32_RADR3_O)
                                                      0.153     4.585 r  risc32_i/regfile_0/inst/reg_array_reg_r2_0_31_6_11/RAMC/O
                         net (fo=1, routed)           0.948     5.534    risc32_i/regfile_0/inst/reg_data20[10]
    SLICE_X5Y90          LUT6 (Prop_lut6_I5_O)        0.331     5.865 r  risc32_i/regfile_0/inst/reg_data2[10]_INST_0/O
                         net (fo=1, routed)           0.877     6.741    risc32_i/MUX_32b_2_to_1_0/inst/data0[10]
    SLICE_X5Y90          LUT2 (Prop_lut2_I0_O)        0.152     6.893 r  risc32_i/MUX_32b_2_to_1_0/inst/result[10]_INST_0/O
                         net (fo=1, routed)           0.667     7.560    risc32_i/alu32_0/inst/alu_b[10]
    SLICE_X4Y90          LUT2 (Prop_lut2_I1_O)        0.326     7.886 r  risc32_i/alu32_0/inst/alu_out0_carry__1_i_2/O
                         net (fo=1, routed)           0.000     7.886    risc32_i/alu32_0/inst/alu_out0_carry__1_i_2_n_0
    SLICE_X4Y90          CARRY4 (Prop_carry4_S[2]_CO[3])
                                                      0.398     8.284 r  risc32_i/alu32_0/inst/alu_out0_carry__1/CO[3]
                         net (fo=1, routed)           0.000     8.284    risc32_i/alu32_0/inst/alu_out0_carry__1_n_0
    SLICE_X4Y91          CARRY4 (Prop_carry4_CI_CO[3])
                                                      0.114     8.398 r  risc32_i/alu32_0/inst/alu_out0_carry__2/CO[3]
                         net (fo=1, routed)           0.000     8.398    risc32_i/alu32_0/inst/alu_out0_carry__2_n_0
    SLICE_X4Y92          CARRY4 (Prop_carry4_CI_CO[3])
                                                      0.114     8.512 r  risc32_i/alu32_0/inst/alu_out0_carry__3/CO[3]
                         net (fo=1, routed)           0.000     8.512    risc32_i/alu32_0/inst/alu_out0_carry__3_n_0
    SLICE_X4Y93          CARRY4 (Prop_carry4_CI_CO[3])
                                                      0.114     8.626 r  risc32_i/alu32_0/inst/alu_out0_carry__4/CO[3]
                         net (fo=1, routed)           0.000     8.626    risc32_i/alu32_0/inst/alu_out0_carry__4_n_0
    SLICE_X4Y94          CARRY4 (Prop_carry4_CI_CO[3])
                                                      0.114     8.740 r  risc32_i/alu32_0/inst/alu_out0_carry__5/CO[3]
                         net (fo=1, routed)           0.000     8.740    risc32_i/alu32_0/inst/alu_out0_carry__5_n_0
    SLICE_X4Y95          CARRY4 (Prop_carry4_CI_O[2])
                                                      0.239     8.979 r  risc32_i/alu32_0/inst/alu_out0_carry__6/O[2]
                         net (fo=5, routed)           0.961     9.940    risc32_i/regfile_0/inst/reg_array_reg_r1_0_31_30_31/D
    SLICE_X6Y92          RAMD32                                       r  risc32_i/regfile_0/inst/reg_array_reg_r1_0_31_30_31/DP/I
  -------------------------------------------------------------------    -------------------

Slack:                    inf
  Source:                 risc32_i/pc_0/inst/q_reg[4]/C
                            (rising edge-triggered cell FDCE)
  Destination:            risc32_i/regfile_0/inst/reg_array_reg_r2_0_31_24_29/RAMC_D1/I
  Path Group:             (none)
  Path Type:              Max at Slow Process Corner
  Data Path Delay:        9.886ns  (logic 2.730ns (27.615%)  route 7.156ns (72.385%))
  Logic Levels:           12  (CARRY4=6 FDCE=1 LUT2=2 LUT6=2 RAMD32=1)

    Location             Delay type                Incr(ns)  Path(ns)    Netlist Resource(s)
  -------------------------------------------------------------------    -------------------
    SLICE_X9Y89          FDCE                         0.000     0.000 r  risc32_i/pc_0/inst/q_reg[4]/C
    SLICE_X9Y89          FDCE (Prop_fdce_C_Q)         0.456     0.456 r  risc32_i/pc_0/inst/q_reg[4]/Q
                         net (fo=15, routed)          1.025     1.481    risc32_i/imem_0/inst/inst_addr[4]
    SLICE_X9Y90          LUT6 (Prop_lut6_I3_O)        0.124     1.605 r  risc32_i/imem_0/inst/inst_o[23]_INST_0/O
                         net (fo=65, routed)          2.827     4.432    risc32_i/regfile_0/inst/reg_array_reg_r2_0_31_6_11/ADDRC3
    SLICE_X2Y91          RAMD32 (Prop_ramd32_RADR3_O)
                                                      0.153     4.585 r  risc32_i/regfile_0/inst/reg_array_reg_r2_0_31_6_11/RAMC/O
                         net (fo=1, routed)           0.948     5.534    risc32_i/regfile_0/inst/reg_data20[10]
    SLICE_X5Y90          LUT6 (Prop_lut6_I5_O)        0.331     5.865 r  risc32_i/regfile_0/inst/reg_data2[10]_INST_0/O
                         net (fo=1, routed)           0.877     6.741    risc32_i/MUX_32b_2_to_1_0/inst/data0[10]
    SLICE_X5Y90          LUT2 (Prop_lut2_I0_O)        0.152     6.893 r  risc32_i/MUX_32b_2_to_1_0/inst/result[10]_INST_0/O
                         net (fo=1, routed)           0.667     7.560    risc32_i/alu32_0/inst/alu_b[10]
    SLICE_X4Y90          LUT2 (Prop_lut2_I1_O)        0.326     7.886 r  risc32_i/alu32_0/inst/alu_out0_carry__1_i_2/O
                         net (fo=1, routed)           0.000     7.886    risc32_i/alu32_0/inst/alu_out0_carry__1_i_2_n_0
    SLICE_X4Y90          CARRY4 (Prop_carry4_S[2]_CO[3])
                                                      0.398     8.284 r  risc32_i/alu32_0/inst/alu_out0_carry__1/CO[3]
                         net (fo=1, routed)           0.000     8.284    risc32_i/alu32_0/inst/alu_out0_carry__1_n_0
    SLICE_X4Y91          CARRY4 (Prop_carry4_CI_CO[3])
                                                      0.114     8.398 r  risc32_i/alu32_0/inst/alu_out0_carry__2/CO[3]
                         net (fo=1, routed)           0.000     8.398    risc32_i/alu32_0/inst/alu_out0_carry__2_n_0
    SLICE_X4Y92          CARRY4 (Prop_carry4_CI_CO[3])
                                                      0.114     8.512 r  risc32_i/alu32_0/inst/alu_out0_carry__3/CO[3]
                         net (fo=1, routed)           0.000     8.512    risc32_i/alu32_0/inst/alu_out0_carry__3_n_0
    SLICE_X4Y93          CARRY4 (Prop_carry4_CI_CO[3])
                                                      0.114     8.626 r  risc32_i/alu32_0/inst/alu_out0_carry__4/CO[3]
                         net (fo=1, routed)           0.000     8.626    risc32_i/alu32_0/inst/alu_out0_carry__4_n_0
    SLICE_X4Y94          CARRY4 (Prop_carry4_CI_CO[3])
                                                      0.114     8.740 r  risc32_i/alu32_0/inst/alu_out0_carry__5/CO[3]
                         net (fo=1, routed)           0.000     8.740    risc32_i/alu32_0/inst/alu_out0_carry__5_n_0
    SLICE_X4Y95          CARRY4 (Prop_carry4_CI_O[1])
                                                      0.334     9.074 r  risc32_i/alu32_0/inst/alu_out0_carry__6/O[1]
                         net (fo=3, routed)           0.812     9.886    risc32_i/regfile_0/inst/reg_array_reg_r2_0_31_24_29/DIC1
    SLICE_X6Y94          RAMD32                                       r  risc32_i/regfile_0/inst/reg_array_reg_r2_0_31_24_29/RAMC_D1/I
  -------------------------------------------------------------------    -------------------

Slack:                    inf
  Source:                 risc32_i/pc_0/inst/q_reg[4]/C
                            (rising edge-triggered cell FDCE)
  Destination:            risc32_i/regfile_0/inst/reg_array_reg_r1_0_31_30_31__0/DP/I
  Path Group:             (none)
  Path Type:              Max at Slow Process Corner
  Data Path Delay:        9.761ns  (logic 2.709ns (27.753%)  route 7.052ns (72.247%))
  Logic Levels:           12  (CARRY4=6 FDCE=1 LUT2=2 LUT6=2 RAMD32=1)

    Location             Delay type                Incr(ns)  Path(ns)    Netlist Resource(s)
  -------------------------------------------------------------------    -------------------
    SLICE_X9Y89          FDCE                         0.000     0.000 r  risc32_i/pc_0/inst/q_reg[4]/C
    SLICE_X9Y89          FDCE (Prop_fdce_C_Q)         0.456     0.456 r  risc32_i/pc_0/inst/q_reg[4]/Q
                         net (fo=15, routed)          1.025     1.481    risc32_i/imem_0/inst/inst_addr[4]
    SLICE_X9Y90          LUT6 (Prop_lut6_I3_O)        0.124     1.605 r  risc32_i/imem_0/inst/inst_o[23]_INST_0/O
                         net (fo=65, routed)          2.827     4.432    risc32_i/regfile_0/inst/reg_array_reg_r2_0_31_6_11/ADDRC3
    SLICE_X2Y91          RAMD32 (Prop_ramd32_RADR3_O)
                                                      0.153     4.585 r  risc32_i/regfile_0/inst/reg_array_reg_r2_0_31_6_11/RAMC/O
                         net (fo=1, routed)           0.948     5.534    risc32_i/regfile_0/inst/reg_data20[10]
    SLICE_X5Y90          LUT6 (Prop_lut6_I5_O)        0.331     5.865 r  risc32_i/regfile_0/inst/reg_data2[10]_INST_0/O
                         net (fo=1, routed)           0.877     6.741    risc32_i/MUX_32b_2_to_1_0/inst/data0[10]
    SLICE_X5Y90          LUT2 (Prop_lut2_I0_O)        0.152     6.893 r  risc32_i/MUX_32b_2_to_1_0/inst/result[10]_INST_0/O
                         net (fo=1, routed)           0.667     7.560    risc32_i/alu32_0/inst/alu_b[10]
    SLICE_X4Y90          LUT2 (Prop_lut2_I1_O)        0.326     7.886 r  risc32_i/alu32_0/inst/alu_out0_carry__1_i_2/O
                         net (fo=1, routed)           0.000     7.886    risc32_i/alu32_0/inst/alu_out0_carry__1_i_2_n_0
    SLICE_X4Y90          CARRY4 (Prop_carry4_S[2]_CO[3])
                                                      0.398     8.284 r  risc32_i/alu32_0/inst/alu_out0_carry__1/CO[3]
                         net (fo=1, routed)           0.000     8.284    risc32_i/alu32_0/inst/alu_out0_carry__1_n_0
    SLICE_X4Y91          CARRY4 (Prop_carry4_CI_CO[3])
                                                      0.114     8.398 r  risc32_i/alu32_0/inst/alu_out0_carry__2/CO[3]
                         net (fo=1, routed)           0.000     8.398    risc32_i/alu32_0/inst/alu_out0_carry__2_n_0
    SLICE_X4Y92          CARRY4 (Prop_carry4_CI_CO[3])
                                                      0.114     8.512 r  risc32_i/alu32_0/inst/alu_out0_carry__3/CO[3]
                         net (fo=1, routed)           0.000     8.512    risc32_i/alu32_0/inst/alu_out0_carry__3_n_0
    SLICE_X4Y93          CARRY4 (Prop_carry4_CI_CO[3])
                                                      0.114     8.626 r  risc32_i/alu32_0/inst/alu_out0_carry__4/CO[3]
                         net (fo=1, routed)           0.000     8.626    risc32_i/alu32_0/inst/alu_out0_carry__4_n_0
    SLICE_X4Y94          CARRY4 (Prop_carry4_CI_CO[3])
                                                      0.114     8.740 r  risc32_i/alu32_0/inst/alu_out0_carry__5/CO[3]
                         net (fo=1, routed)           0.000     8.740    risc32_i/alu32_0/inst/alu_out0_carry__5_n_0
    SLICE_X4Y95          CARRY4 (Prop_carry4_CI_O[3])
                                                      0.313     9.053 r  risc32_i/alu32_0/inst/alu_out0_carry__6/O[3]
                         net (fo=5, routed)           0.708     9.761    risc32_i/regfile_0/inst/reg_array_reg_r1_0_31_30_31__0/D
    SLICE_X6Y92          RAMD32                                       r  risc32_i/regfile_0/inst/reg_array_reg_r1_0_31_30_31__0/DP/I
  -------------------------------------------------------------------    -------------------

Slack:                    inf
  Source:                 risc32_i/pc_0/inst/q_reg[4]/C
                            (rising edge-triggered cell FDCE)
  Destination:            risc32_i/regfile_0/inst/reg_array_reg_r1_0_31_30_31__0/SP/I
  Path Group:             (none)
  Path Type:              Max at Slow Process Corner
  Data Path Delay:        9.761ns  (logic 2.709ns (27.753%)  route 7.052ns (72.247%))
  Logic Levels:           12  (CARRY4=6 FDCE=1 LUT2=2 LUT6=2 RAMD32=1)

    Location             Delay type                Incr(ns)  Path(ns)    Netlist Resource(s)
  -------------------------------------------------------------------    -------------------
    SLICE_X9Y89          FDCE                         0.000     0.000 r  risc32_i/pc_0/inst/q_reg[4]/C
    SLICE_X9Y89          FDCE (Prop_fdce_C_Q)         0.456     0.456 r  risc32_i/pc_0/inst/q_reg[4]/Q
                         net (fo=15, routed)          1.025     1.481    risc32_i/imem_0/inst/inst_addr[4]
    SLICE_X9Y90          LUT6 (Prop_lut6_I3_O)        0.124     1.605 r  risc32_i/imem_0/inst/inst_o[23]_INST_0/O
                         net (fo=65, routed)          2.827     4.432    risc32_i/regfile_0/inst/reg_array_reg_r2_0_31_6_11/ADDRC3
    SLICE_X2Y91          RAMD32 (Prop_ramd32_RADR3_O)
                                                      0.153     4.585 r  risc32_i/regfile_0/inst/reg_array_reg_r2_0_31_6_11/RAMC/O
                         net (fo=1, routed)           0.948     5.534    risc32_i/regfile_0/inst/reg_data20[10]
    SLICE_X5Y90          LUT6 (Prop_lut6_I5_O)        0.331     5.865 r  risc32_i/regfile_0/inst/reg_data2[10]_INST_0/O
                         net (fo=1, routed)           0.877     6.741    risc32_i/MUX_32b_2_to_1_0/inst/data0[10]
    SLICE_X5Y90          LUT2 (Prop_lut2_I0_O)        0.152     6.893 r  risc32_i/MUX_32b_2_to_1_0/inst/result[10]_INST_0/O
                         net (fo=1, routed)           0.667     7.560    risc32_i/alu32_0/inst/alu_b[10]
    SLICE_X4Y90          LUT2 (Prop_lut2_I1_O)        0.326     7.886 r  risc32_i/alu32_0/inst/alu_out0_carry__1_i_2/O
                         net (fo=1, routed)           0.000     7.886    risc32_i/alu32_0/inst/alu_out0_carry__1_i_2_n_0
    SLICE_X4Y90          CARRY4 (Prop_carry4_S[2]_CO[3])
                                                      0.398     8.284 r  risc32_i/alu32_0/inst/alu_out0_carry__1/CO[3]
                         net (fo=1, routed)           0.000     8.284    risc32_i/alu32_0/inst/alu_out0_carry__1_n_0
    SLICE_X4Y91          CARRY4 (Prop_carry4_CI_CO[3])
                                                      0.114     8.398 r  risc32_i/alu32_0/inst/alu_out0_carry__2/CO[3]
                         net (fo=1, routed)           0.000     8.398    risc32_i/alu32_0/inst/alu_out0_carry__2_n_0
    SLICE_X4Y92          CARRY4 (Prop_carry4_CI_CO[3])
                                                      0.114     8.512 r  risc32_i/alu32_0/inst/alu_out0_carry__3/CO[3]
                         net (fo=1, routed)           0.000     8.512    risc32_i/alu32_0/inst/alu_out0_carry__3_n_0
    SLICE_X4Y93          CARRY4 (Prop_carry4_CI_CO[3])
                                                      0.114     8.626 r  risc32_i/alu32_0/inst/alu_out0_carry__4/CO[3]
                         net (fo=1, routed)           0.000     8.626    risc32_i/alu32_0/inst/alu_out0_carry__4_n_0
    SLICE_X4Y94          CARRY4 (Prop_carry4_CI_CO[3])
                                                      0.114     8.740 r  risc32_i/alu32_0/inst/alu_out0_carry__5/CO[3]
                         net (fo=1, routed)           0.000     8.740    risc32_i/alu32_0/inst/alu_out0_carry__5_n_0
    SLICE_X4Y95          CARRY4 (Prop_carry4_CI_O[3])
                                                      0.313     9.053 r  risc32_i/alu32_0/inst/alu_out0_carry__6/O[3]
                         net (fo=5, routed)           0.708     9.761    risc32_i/regfile_0/inst/reg_array_reg_r1_0_31_30_31__0/D
    SLICE_X6Y92          RAMD32                                       r  risc32_i/regfile_0/inst/reg_array_reg_r1_0_31_30_31__0/SP/I
  -------------------------------------------------------------------    -------------------

Slack:                    inf
  Source:                 risc32_i/pc_0/inst/q_reg[4]/C
                            (rising edge-triggered cell FDCE)
  Destination:            risc32_i/regfile_0/inst/reg_array_reg_r2_0_31_24_29/RAMA/I
  Path Group:             (none)
  Path Type:              Max at Slow Process Corner
  Data Path Delay:        9.649ns  (logic 2.504ns (25.950%)  route 7.145ns (74.050%))
  Logic Levels:           11  (CARRY4=5 FDCE=1 LUT2=2 LUT6=2 RAMD32=1)

    Location             Delay type                Incr(ns)  Path(ns)    Netlist Resource(s)
  -------------------------------------------------------------------    -------------------
    SLICE_X9Y89          FDCE                         0.000     0.000 r  risc32_i/pc_0/inst/q_reg[4]/C
    SLICE_X9Y89          FDCE (Prop_fdce_C_Q)         0.456     0.456 r  risc32_i/pc_0/inst/q_reg[4]/Q
                         net (fo=15, routed)          1.025     1.481    risc32_i/imem_0/inst/inst_addr[4]
    SLICE_X9Y90          LUT6 (Prop_lut6_I3_O)        0.124     1.605 r  risc32_i/imem_0/inst/inst_o[23]_INST_0/O
                         net (fo=65, routed)          2.827     4.432    risc32_i/regfile_0/inst/reg_array_reg_r2_0_31_6_11/ADDRC3
    SLICE_X2Y91          RAMD32 (Prop_ramd32_RADR3_O)
                                                      0.153     4.585 r  risc32_i/regfile_0/inst/reg_array_reg_r2_0_31_6_11/RAMC/O
                         net (fo=1, routed)           0.948     5.534    risc32_i/regfile_0/inst/reg_data20[10]
    SLICE_X5Y90          LUT6 (Prop_lut6_I5_O)        0.331     5.865 r  risc32_i/regfile_0/inst/reg_data2[10]_INST_0/O
                         net (fo=1, routed)           0.877     6.741    risc32_i/MUX_32b_2_to_1_0/inst/data0[10]
    SLICE_X5Y90          LUT2 (Prop_lut2_I0_O)        0.152     6.893 r  risc32_i/MUX_32b_2_to_1_0/inst/result[10]_INST_0/O
                         net (fo=1, routed)           0.667     7.560    risc32_i/alu32_0/inst/alu_b[10]
    SLICE_X4Y90          LUT2 (Prop_lut2_I1_O)        0.326     7.886 r  risc32_i/alu32_0/inst/alu_out0_carry__1_i_2/O
                         net (fo=1, routed)           0.000     7.886    risc32_i/alu32_0/inst/alu_out0_carry__1_i_2_n_0
    SLICE_X4Y90          CARRY4 (Prop_carry4_S[2]_CO[3])
                                                      0.398     8.284 r  risc32_i/alu32_0/inst/alu_out0_carry__1/CO[3]
                         net (fo=1, routed)           0.000     8.284    risc32_i/alu32_0/inst/alu_out0_carry__1_n_0
    SLICE_X4Y91          CARRY4 (Prop_carry4_CI_CO[3])
                                                      0.114     8.398 r  risc32_i/alu32_0/inst/alu_out0_carry__2/CO[3]
                         net (fo=1, routed)           0.000     8.398    risc32_i/alu32_0/inst/alu_out0_carry__2_n_0
    SLICE_X4Y92          CARRY4 (Prop_carry4_CI_CO[3])
                                                      0.114     8.512 r  risc32_i/alu32_0/inst/alu_out0_carry__3/CO[3]
                         net (fo=1, routed)           0.000     8.512    risc32_i/alu32_0/inst/alu_out0_carry__3_n_0
    SLICE_X4Y93          CARRY4 (Prop_carry4_CI_CO[3])
                                                      0.114     8.626 r  risc32_i/alu32_0/inst/alu_out0_carry__4/CO[3]
                         net (fo=1, routed)           0.000     8.626    risc32_i/alu32_0/inst/alu_out0_carry__4_n_0
    SLICE_X4Y94          CARRY4 (Prop_carry4_CI_O[0])
                                                      0.222     8.848 r  risc32_i/alu32_0/inst/alu_out0_carry__5/O[0]
                         net (fo=3, routed)           0.801     9.649    risc32_i/regfile_0/inst/reg_array_reg_r2_0_31_24_29/DIA0
    SLICE_X6Y94          RAMD32                                       r  risc32_i/regfile_0/inst/reg_array_reg_r2_0_31_24_29/RAMA/I
  -------------------------------------------------------------------    -------------------

Slack:                    inf
  Source:                 risc32_i/pc_0/inst/q_reg[4]/C
                            (rising edge-triggered cell FDCE)
  Destination:            risc32_i/regfile_0/inst/reg_array_reg_r2_0_31_30_31/DP/I
  Path Group:             (none)
  Path Type:              Max at Slow Process Corner
  Data Path Delay:        9.607ns  (logic 2.635ns (27.427%)  route 6.972ns (72.573%))
  Logic Levels:           12  (CARRY4=6 FDCE=1 LUT2=2 LUT6=2 RAMD32=1)

    Location             Delay type                Incr(ns)  Path(ns)    Netlist Resource(s)
  -------------------------------------------------------------------    -------------------
    SLICE_X9Y89          FDCE                         0.000     0.000 r  risc32_i/pc_0/inst/q_reg[4]/C
    SLICE_X9Y89          FDCE (Prop_fdce_C_Q)         0.456     0.456 r  risc32_i/pc_0/inst/q_reg[4]/Q
                         net (fo=15, routed)          1.025     1.481    risc32_i/imem_0/inst/inst_addr[4]
    SLICE_X9Y90          LUT6 (Prop_lut6_I3_O)        0.124     1.605 r  risc32_i/imem_0/inst/inst_o[23]_INST_0/O
                         net (fo=65, routed)          2.827     4.432    risc32_i/regfile_0/inst/reg_array_reg_r2_0_31_6_11/ADDRC3
    SLICE_X2Y91          RAMD32 (Prop_ramd32_RADR3_O)
                                                      0.153     4.585 r  risc32_i/regfile_0/inst/reg_array_reg_r2_0_31_6_11/RAMC/O
                         net (fo=1, routed)           0.948     5.534    risc32_i/regfile_0/inst/reg_data20[10]
    SLICE_X5Y90          LUT6 (Prop_lut6_I5_O)        0.331     5.865 r  risc32_i/regfile_0/inst/reg_data2[10]_INST_0/O
                         net (fo=1, routed)           0.877     6.741    risc32_i/MUX_32b_2_to_1_0/inst/data0[10]
    SLICE_X5Y90          LUT2 (Prop_lut2_I0_O)        0.152     6.893 r  risc32_i/MUX_32b_2_to_1_0/inst/result[10]_INST_0/O
                         net (fo=1, routed)           0.667     7.560    risc32_i/alu32_0/inst/alu_b[10]
    SLICE_X4Y90          LUT2 (Prop_lut2_I1_O)        0.326     7.886 r  risc32_i/alu32_0/inst/alu_out0_carry__1_i_2/O
                         net (fo=1, routed)           0.000     7.886    risc32_i/alu32_0/inst/alu_out0_carry__1_i_2_n_0
    SLICE_X4Y90          CARRY4 (Prop_carry4_S[2]_CO[3])
                                                      0.398     8.284 r  risc32_i/alu32_0/inst/alu_out0_carry__1/CO[3]
                         net (fo=1, routed)           0.000     8.284    risc32_i/alu32_0/inst/alu_out0_carry__1_n_0
    SLICE_X4Y91          CARRY4 (Prop_carry4_CI_CO[3])
                                                      0.114     8.398 r  risc32_i/alu32_0/inst/alu_out0_carry__2/CO[3]
                         net (fo=1, routed)           0.000     8.398    risc32_i/alu32_0/inst/alu_out0_carry__2_n_0
    SLICE_X4Y92          CARRY4 (Prop_carry4_CI_CO[3])
                                                      0.114     8.512 r  risc32_i/alu32_0/inst/alu_out0_carry__3/CO[3]
                         net (fo=1, routed)           0.000     8.512    risc32_i/alu32_0/inst/alu_out0_carry__3_n_0
    SLICE_X4Y93          CARRY4 (Prop_carry4_CI_CO[3])
                                                      0.114     8.626 r  risc32_i/alu32_0/inst/alu_out0_carry__4/CO[3]
                         net (fo=1, routed)           0.000     8.626    risc32_i/alu32_0/inst/alu_out0_carry__4_n_0
    SLICE_X4Y94          CARRY4 (Prop_carry4_CI_CO[3])
                                                      0.114     8.740 r  risc32_i/alu32_0/inst/alu_out0_carry__5/CO[3]
                         net (fo=1, routed)           0.000     8.740    risc32_i/alu32_0/inst/alu_out0_carry__5_n_0
    SLICE_X4Y95          CARRY4 (Prop_carry4_CI_O[2])
                                                      0.239     8.979 r  risc32_i/alu32_0/inst/alu_out0_carry__6/O[2]
                         net (fo=5, routed)           0.628     9.607    risc32_i/regfile_0/inst/reg_array_reg_r2_0_31_30_31/D
    SLICE_X6Y92          RAMD32                                       r  risc32_i/regfile_0/inst/reg_array_reg_r2_0_31_30_31/DP/I
  -------------------------------------------------------------------    -------------------

Slack:                    inf
  Source:                 risc32_i/pc_0/inst/q_reg[4]/C
                            (rising edge-triggered cell FDCE)
  Destination:            risc32_i/regfile_0/inst/reg_array_reg_r2_0_31_30_31/SP/I
  Path Group:             (none)
  Path Type:              Max at Slow Process Corner
  Data Path Delay:        9.607ns  (logic 2.635ns (27.427%)  route 6.972ns (72.573%))
  Logic Levels:           12  (CARRY4=6 FDCE=1 LUT2=2 LUT6=2 RAMD32=1)

    Location             Delay type                Incr(ns)  Path(ns)    Netlist Resource(s)
  -------------------------------------------------------------------    -------------------
    SLICE_X9Y89          FDCE                         0.000     0.000 r  risc32_i/pc_0/inst/q_reg[4]/C
    SLICE_X9Y89          FDCE (Prop_fdce_C_Q)         0.456     0.456 r  risc32_i/pc_0/inst/q_reg[4]/Q
                         net (fo=15, routed)          1.025     1.481    risc32_i/imem_0/inst/inst_addr[4]
    SLICE_X9Y90          LUT6 (Prop_lut6_I3_O)        0.124     1.605 r  risc32_i/imem_0/inst/inst_o[23]_INST_0/O
                         net (fo=65, routed)          2.827     4.432    risc32_i/regfile_0/inst/reg_array_reg_r2_0_31_6_11/ADDRC3
    SLICE_X2Y91          RAMD32 (Prop_ramd32_RADR3_O)
                                                      0.153     4.585 r  risc32_i/regfile_0/inst/reg_array_reg_r2_0_31_6_11/RAMC/O
                         net (fo=1, routed)           0.948     5.534    risc32_i/regfile_0/inst/reg_data20[10]
    SLICE_X5Y90          LUT6 (Prop_lut6_I5_O)        0.331     5.865 r  risc32_i/regfile_0/inst/reg_data2[10]_INST_0/O
                         net (fo=1, routed)           0.877     6.741    risc32_i/MUX_32b_2_to_1_0/inst/data0[10]
    SLICE_X5Y90          LUT2 (Prop_lut2_I0_O)        0.152     6.893 r  risc32_i/MUX_32b_2_to_1_0/inst/result[10]_INST_0/O
                         net (fo=1, routed)           0.667     7.560    risc32_i/alu32_0/inst/alu_b[10]
    SLICE_X4Y90          LUT2 (Prop_lut2_I1_O)        0.326     7.886 r  risc32_i/alu32_0/inst/alu_out0_carry__1_i_2/O
                         net (fo=1, routed)           0.000     7.886    risc32_i/alu32_0/inst/alu_out0_carry__1_i_2_n_0
    SLICE_X4Y90          CARRY4 (Prop_carry4_S[2]_CO[3])
                                                      0.398     8.284 r  risc32_i/alu32_0/inst/alu_out0_carry__1/CO[3]
                         net (fo=1, routed)           0.000     8.284    risc32_i/alu32_0/inst/alu_out0_carry__1_n_0
    SLICE_X4Y91          CARRY4 (Prop_carry4_CI_CO[3])
                                                      0.114     8.398 r  risc32_i/alu32_0/inst/alu_out0_carry__2/CO[3]
                         net (fo=1, routed)           0.000     8.398    risc32_i/alu32_0/inst/alu_out0_carry__2_n_0
    SLICE_X4Y92          CARRY4 (Prop_carry4_CI_CO[3])
                                                      0.114     8.512 r  risc32_i/alu32_0/inst/alu_out0_carry__3/CO[3]
                         net (fo=1, routed)           0.000     8.512    risc32_i/alu32_0/inst/alu_out0_carry__3_n_0
    SLICE_X4Y93          CARRY4 (Prop_carry4_CI_CO[3])
                                                      0.114     8.626 r  risc32_i/alu32_0/inst/alu_out0_carry__4/CO[3]
                         net (fo=1, routed)           0.000     8.626    risc32_i/alu32_0/inst/alu_out0_carry__4_n_0
    SLICE_X4Y94          CARRY4 (Prop_carry4_CI_CO[3])
                                                      0.114     8.740 r  risc32_i/alu32_0/inst/alu_out0_carry__5/CO[3]
                         net (fo=1, routed)           0.000     8.740    risc32_i/alu32_0/inst/alu_out0_carry__5_n_0
    SLICE_X4Y95          CARRY4 (Prop_carry4_CI_O[2])
                                                      0.239     8.979 r  risc32_i/alu32_0/inst/alu_out0_carry__6/O[2]
                         net (fo=5, routed)           0.628     9.607    risc32_i/regfile_0/inst/reg_array_reg_r2_0_31_30_31/D
    SLICE_X6Y92          RAMD32                                       r  risc32_i/regfile_0/inst/reg_array_reg_r2_0_31_30_31/SP/I
  -------------------------------------------------------------------    -------------------

Slack:                    inf
  Source:                 risc32_i/pc_0/inst/q_reg[4]/C
                            (rising edge-triggered cell FDCE)
  Destination:            risc32_i/regfile_0/inst/reg_array_reg_r1_0_31_24_29/RAMA_D1/I
  Path Group:             (none)
  Path Type:              Max at Slow Process Corner
  Data Path Delay:        9.605ns  (logic 2.616ns (27.236%)  route 6.989ns (72.764%))
  Logic Levels:           11  (CARRY4=5 FDCE=1 LUT2=2 LUT6=2 RAMD32=1)

    Location             Delay type                Incr(ns)  Path(ns)    Netlist Resource(s)
  -------------------------------------------------------------------    -------------------
    SLICE_X9Y89          FDCE                         0.000     0.000 r  risc32_i/pc_0/inst/q_reg[4]/C
    SLICE_X9Y89          FDCE (Prop_fdce_C_Q)         0.456     0.456 r  risc32_i/pc_0/inst/q_reg[4]/Q
                         net (fo=15, routed)          1.025     1.481    risc32_i/imem_0/inst/inst_addr[4]
    SLICE_X9Y90          LUT6 (Prop_lut6_I3_O)        0.124     1.605 r  risc32_i/imem_0/inst/inst_o[23]_INST_0/O
                         net (fo=65, routed)          2.827     4.432    risc32_i/regfile_0/inst/reg_array_reg_r2_0_31_6_11/ADDRC3
    SLICE_X2Y91          RAMD32 (Prop_ramd32_RADR3_O)
                                                      0.153     4.585 r  risc32_i/regfile_0/inst/reg_array_reg_r2_0_31_6_11/RAMC/O
                         net (fo=1, routed)           0.948     5.534    risc32_i/regfile_0/inst/reg_data20[10]
    SLICE_X5Y90          LUT6 (Prop_lut6_I5_O)        0.331     5.865 r  risc32_i/regfile_0/inst/reg_data2[10]_INST_0/O
                         net (fo=1, routed)           0.877     6.741    risc32_i/MUX_32b_2_to_1_0/inst/data0[10]
    SLICE_X5Y90          LUT2 (Prop_lut2_I0_O)        0.152     6.893 r  risc32_i/MUX_32b_2_to_1_0/inst/result[10]_INST_0/O
                         net (fo=1, routed)           0.667     7.560    risc32_i/alu32_0/inst/alu_b[10]
    SLICE_X4Y90          LUT2 (Prop_lut2_I1_O)        0.326     7.886 r  risc32_i/alu32_0/inst/alu_out0_carry__1_i_2/O
                         net (fo=1, routed)           0.000     7.886    risc32_i/alu32_0/inst/alu_out0_carry__1_i_2_n_0
    SLICE_X4Y90          CARRY4 (Prop_carry4_S[2]_CO[3])
                                                      0.398     8.284 r  risc32_i/alu32_0/inst/alu_out0_carry__1/CO[3]
                         net (fo=1, routed)           0.000     8.284    risc32_i/alu32_0/inst/alu_out0_carry__1_n_0
    SLICE_X4Y91          CARRY4 (Prop_carry4_CI_CO[3])
                                                      0.114     8.398 r  risc32_i/alu32_0/inst/alu_out0_carry__2/CO[3]
                         net (fo=1, routed)           0.000     8.398    risc32_i/alu32_0/inst/alu_out0_carry__2_n_0
    SLICE_X4Y92          CARRY4 (Prop_carry4_CI_CO[3])
                                                      0.114     8.512 r  risc32_i/alu32_0/inst/alu_out0_carry__3/CO[3]
                         net (fo=1, routed)           0.000     8.512    risc32_i/alu32_0/inst/alu_out0_carry__3_n_0
    SLICE_X4Y93          CARRY4 (Prop_carry4_CI_CO[3])
                                                      0.114     8.626 r  risc32_i/alu32_0/inst/alu_out0_carry__4/CO[3]
                         net (fo=1, routed)           0.000     8.626    risc32_i/alu32_0/inst/alu_out0_carry__4_n_0
    SLICE_X4Y94          CARRY4 (Prop_carry4_CI_O[1])
                                                      0.334     8.960 r  risc32_i/alu32_0/inst/alu_out0_carry__5/O[1]
                         net (fo=3, routed)           0.645     9.605    risc32_i/regfile_0/inst/reg_array_reg_r1_0_31_24_29/DIA1
    SLICE_X2Y94          RAMD32                                       r  risc32_i/regfile_0/inst/reg_array_reg_r1_0_31_24_29/RAMA_D1/I
  -------------------------------------------------------------------    -------------------

Slack:                    inf
  Source:                 risc32_i/pc_0/inst/q_reg[4]/C
                            (rising edge-triggered cell FDCE)
  Destination:            risc32_i/regfile_0/inst/reg_array_reg_r2_0_31_24_29/RAMB_D1/I
  Path Group:             (none)
  Path Type:              Max at Slow Process Corner
  Data Path Delay:        9.602ns  (logic 2.595ns (27.026%)  route 7.007ns (72.974%))
  Logic Levels:           11  (CARRY4=5 FDCE=1 LUT2=2 LUT6=2 RAMD32=1)

    Location             Delay type                Incr(ns)  Path(ns)    Netlist Resource(s)
  -------------------------------------------------------------------    -------------------
    SLICE_X9Y89          FDCE                         0.000     0.000 r  risc32_i/pc_0/inst/q_reg[4]/C
    SLICE_X9Y89          FDCE (Prop_fdce_C_Q)         0.456     0.456 r  risc32_i/pc_0/inst/q_reg[4]/Q
                         net (fo=15, routed)          1.025     1.481    risc32_i/imem_0/inst/inst_addr[4]
    SLICE_X9Y90          LUT6 (Prop_lut6_I3_O)        0.124     1.605 r  risc32_i/imem_0/inst/inst_o[23]_INST_0/O
                         net (fo=65, routed)          2.827     4.432    risc32_i/regfile_0/inst/reg_array_reg_r2_0_31_6_11/ADDRC3
    SLICE_X2Y91          RAMD32 (Prop_ramd32_RADR3_O)
                                                      0.153     4.585 r  risc32_i/regfile_0/inst/reg_array_reg_r2_0_31_6_11/RAMC/O
                         net (fo=1, routed)           0.948     5.534    risc32_i/regfile_0/inst/reg_data20[10]
    SLICE_X5Y90          LUT6 (Prop_lut6_I5_O)        0.331     5.865 r  risc32_i/regfile_0/inst/reg_data2[10]_INST_0/O
                         net (fo=1, routed)           0.877     6.741    risc32_i/MUX_32b_2_to_1_0/inst/data0[10]
    SLICE_X5Y90          LUT2 (Prop_lut2_I0_O)        0.152     6.893 r  risc32_i/MUX_32b_2_to_1_0/inst/result[10]_INST_0/O
                         net (fo=1, routed)           0.667     7.560    risc32_i/alu32_0/inst/alu_b[10]
    SLICE_X4Y90          LUT2 (Prop_lut2_I1_O)        0.326     7.886 r  risc32_i/alu32_0/inst/alu_out0_carry__1_i_2/O
                         net (fo=1, routed)           0.000     7.886    risc32_i/alu32_0/inst/alu_out0_carry__1_i_2_n_0
    SLICE_X4Y90          CARRY4 (Prop_carry4_S[2]_CO[3])
                                                      0.398     8.284 r  risc32_i/alu32_0/inst/alu_out0_carry__1/CO[3]
                         net (fo=1, routed)           0.000     8.284    risc32_i/alu32_0/inst/alu_out0_carry__1_n_0
    SLICE_X4Y91          CARRY4 (Prop_carry4_CI_CO[3])
                                                      0.114     8.398 r  risc32_i/alu32_0/inst/alu_out0_carry__2/CO[3]
                         net (fo=1, routed)           0.000     8.398    risc32_i/alu32_0/inst/alu_out0_carry__2_n_0
    SLICE_X4Y92          CARRY4 (Prop_carry4_CI_CO[3])
                                                      0.114     8.512 r  risc32_i/alu32_0/inst/alu_out0_carry__3/CO[3]
                         net (fo=1, routed)           0.000     8.512    risc32_i/alu32_0/inst/alu_out0_carry__3_n_0
    SLICE_X4Y93          CARRY4 (Prop_carry4_CI_CO[3])
                                                      0.114     8.626 r  risc32_i/alu32_0/inst/alu_out0_carry__4/CO[3]
                         net (fo=1, routed)           0.000     8.626    risc32_i/alu32_0/inst/alu_out0_carry__4_n_0
    SLICE_X4Y94          CARRY4 (Prop_carry4_CI_O[3])
                                                      0.313     8.939 r  risc32_i/alu32_0/inst/alu_out0_carry__5/O[3]
                         net (fo=3, routed)           0.663     9.602    risc32_i/regfile_0/inst/reg_array_reg_r2_0_31_24_29/DIB1
    SLICE_X6Y94          RAMD32                                       r  risc32_i/regfile_0/inst/reg_array_reg_r2_0_31_24_29/RAMB_D1/I
  -------------------------------------------------------------------    -------------------





Min Delay Paths
--------------------------------------------------------------------------------------
Slack:                    inf
  Source:                 risc32_i/pc_0/inst/q_reg[6]/C
                            (rising edge-triggered cell FDCE)
  Destination:            risc32_i/pc_0/inst/q_reg[7]/D
  Path Group:             (none)
  Path Type:              Min at Fast Process Corner
  Data Path Delay:        0.335ns  (logic 0.268ns (80.049%)  route 0.067ns (19.951%))
  Logic Levels:           2  (CARRY4=1 FDCE=1)

    Location             Delay type                Incr(ns)  Path(ns)    Netlist Resource(s)
  -------------------------------------------------------------------    -------------------
    SLICE_X9Y89          FDCE                         0.000     0.000 r  risc32_i/pc_0/inst/q_reg[6]/C
    SLICE_X9Y89          FDCE (Prop_fdce_C_Q)         0.141     0.141 r  risc32_i/pc_0/inst/q_reg[6]/Q
                         net (fo=2, routed)           0.067     0.208    risc32_i/adder_0/inst/add_a[6]
    SLICE_X9Y89          CARRY4 (Prop_carry4_DI[2]_O[3])
                                                      0.127     0.335 r  risc32_i/adder_0/inst/add_out[4]_INST_0/O[3]
                         net (fo=1, routed)           0.000     0.335    risc32_i/pc_0/inst/data_i[7]
    SLICE_X9Y89          FDCE                                         r  risc32_i/pc_0/inst/q_reg[7]/D
  -------------------------------------------------------------------    -------------------

Slack:                    inf
  Source:                 risc32_i/pc_0/inst/q_reg[4]/C
                            (rising edge-triggered cell FDCE)
  Destination:            risc32_i/pc_0/inst/q_reg[5]/D
  Path Group:             (none)
  Path Type:              Min at Fast Process Corner
  Data Path Delay:        0.345ns  (logic 0.265ns (76.760%)  route 0.080ns (23.240%))
  Logic Levels:           2  (CARRY4=1 FDCE=1)

    Location             Delay type                Incr(ns)  Path(ns)    Netlist Resource(s)
  -------------------------------------------------------------------    -------------------
    SLICE_X9Y89          FDCE                         0.000     0.000 r  risc32_i/pc_0/inst/q_reg[4]/C
    SLICE_X9Y89          FDCE (Prop_fdce_C_Q)         0.141     0.141 r  risc32_i/pc_0/inst/q_reg[4]/Q
                         net (fo=15, routed)          0.080     0.221    risc32_i/adder_0/inst/add_a[4]
    SLICE_X9Y89          CARRY4 (Prop_carry4_DI[0]_O[1])
                                                      0.124     0.345 r  risc32_i/adder_0/inst/add_out[4]_INST_0/O[1]
                         net (fo=1, routed)           0.000     0.345    risc32_i/pc_0/inst/data_i[5]
    SLICE_X9Y89          FDCE                                         r  risc32_i/pc_0/inst/q_reg[5]/D
  -------------------------------------------------------------------    -------------------

Slack:                    inf
  Source:                 risc32_i/pc_0/inst/q_reg[1]/C
                            (rising edge-triggered cell FDCE)
  Destination:            risc32_i/pc_0/inst/q_reg[2]/D
  Path Group:             (none)
  Path Type:              Min at Fast Process Corner
  Data Path Delay:        0.355ns  (logic 0.287ns (80.823%)  route 0.068ns (19.177%))
  Logic Levels:           2  (CARRY4=1 FDCE=1)

    Location             Delay type                Incr(ns)  Path(ns)    Netlist Resource(s)
  -------------------------------------------------------------------    -------------------
    SLICE_X9Y88          FDCE                         0.000     0.000 r  risc32_i/pc_0/inst/q_reg[1]/C
    SLICE_X9Y88          FDCE (Prop_fdce_C_Q)         0.141     0.141 r  risc32_i/pc_0/inst/q_reg[1]/Q
                         net (fo=15, routed)          0.068     0.209    risc32_i/adder_0/inst/add_a[1]
    SLICE_X9Y88          CARRY4 (Prop_carry4_DI[1]_O[2])
                                                      0.146     0.355 r  risc32_i/adder_0/inst/add_out[0]_INST_0/O[2]
                         net (fo=1, routed)           0.000     0.355    risc32_i/pc_0/inst/data_i[2]
    SLICE_X9Y88          FDCE                                         r  risc32_i/pc_0/inst/q_reg[2]/D
  -------------------------------------------------------------------    -------------------

Slack:                    inf
  Source:                 risc32_i/pc_0/inst/q_reg[2]/C
                            (rising edge-triggered cell FDCE)
  Destination:            risc32_i/pc_0/inst/q_reg[3]/D
  Path Group:             (none)
  Path Type:              Min at Fast Process Corner
  Data Path Delay:        0.359ns  (logic 0.268ns (74.569%)  route 0.091ns (25.431%))
  Logic Levels:           2  (CARRY4=1 FDCE=1)

    Location             Delay type                Incr(ns)  Path(ns)    Netlist Resource(s)
  -------------------------------------------------------------------    -------------------
    SLICE_X9Y88          FDCE                         0.000     0.000 r  risc32_i/pc_0/inst/q_reg[2]/C
    SLICE_X9Y88          FDCE (Prop_fdce_C_Q)         0.141     0.141 r  risc32_i/pc_0/inst/q_reg[2]/Q
                         net (fo=13, routed)          0.091     0.232    risc32_i/adder_0/inst/add_a[2]
    SLICE_X9Y88          CARRY4 (Prop_carry4_DI[2]_O[3])
                                                      0.127     0.359 r  risc32_i/adder_0/inst/add_out[0]_INST_0/O[3]
                         net (fo=1, routed)           0.000     0.359    risc32_i/pc_0/inst/data_i[3]
    SLICE_X9Y88          FDCE                                         r  risc32_i/pc_0/inst/q_reg[3]/D
  -------------------------------------------------------------------    -------------------

Slack:                    inf
  Source:                 risc32_i/pc_0/inst/q_reg[6]/C
                            (rising edge-triggered cell FDCE)
  Destination:            risc32_i/pc_0/inst/q_reg[6]/D
  Path Group:             (none)
  Path Type:              Min at Fast Process Corner
  Data Path Delay:        0.372ns  (logic 0.252ns (67.691%)  route 0.120ns (32.309%))
  Logic Levels:           2  (CARRY4=1 FDCE=1)

    Location             Delay type                Incr(ns)  Path(ns)    Netlist Resource(s)
  -------------------------------------------------------------------    -------------------
    SLICE_X9Y89          FDCE                         0.000     0.000 r  risc32_i/pc_0/inst/q_reg[6]/C
    SLICE_X9Y89          FDCE (Prop_fdce_C_Q)         0.141     0.141 r  risc32_i/pc_0/inst/q_reg[6]/Q
                         net (fo=2, routed)           0.120     0.261    risc32_i/adder_0/inst/add_a[6]
    SLICE_X9Y89          CARRY4 (Prop_carry4_S[2]_O[2])
                                                      0.111     0.372 r  risc32_i/adder_0/inst/add_out[4]_INST_0/O[2]
                         net (fo=1, routed)           0.000     0.372    risc32_i/pc_0/inst/data_i[6]
    SLICE_X9Y89          FDCE                                         r  risc32_i/pc_0/inst/q_reg[6]/D
  -------------------------------------------------------------------    -------------------

Slack:                    inf
  Source:                 risc32_i/pc_0/inst/q_reg[1]/C
                            (rising edge-triggered cell FDCE)
  Destination:            risc32_i/pc_0/inst/q_reg[1]/D
  Path Group:             (none)
  Path Type:              Min at Fast Process Corner
  Data Path Delay:        0.374ns  (logic 0.251ns (67.188%)  route 0.123ns (32.812%))
  Logic Levels:           2  (CARRY4=1 FDCE=1)

    Location             Delay type                Incr(ns)  Path(ns)    Netlist Resource(s)
  -------------------------------------------------------------------    -------------------
    SLICE_X9Y88          FDCE                         0.000     0.000 r  risc32_i/pc_0/inst/q_reg[1]/C
    SLICE_X9Y88          FDCE (Prop_fdce_C_Q)         0.141     0.141 r  risc32_i/pc_0/inst/q_reg[1]/Q
                         net (fo=15, routed)          0.123     0.264    risc32_i/adder_0/inst/add_a[1]
    SLICE_X9Y88          CARRY4 (Prop_carry4_S[1]_O[1])
                                                      0.110     0.374 r  risc32_i/adder_0/inst/add_out[0]_INST_0/O[1]
                         net (fo=1, routed)           0.000     0.374    risc32_i/pc_0/inst/data_i[1]
    SLICE_X9Y88          FDCE                                         r  risc32_i/pc_0/inst/q_reg[1]/D
  -------------------------------------------------------------------    -------------------

Slack:                    inf
  Source:                 risc32_i/pc_0/inst/q_reg[4]/C
                            (rising edge-triggered cell FDCE)
  Destination:            risc32_i/pc_0/inst/q_reg[4]/D
  Path Group:             (none)
  Path Type:              Min at Fast Process Corner
  Data Path Delay:        0.394ns  (logic 0.256ns (64.951%)  route 0.138ns (35.049%))
  Logic Levels:           2  (CARRY4=1 FDCE=1)

    Location             Delay type                Incr(ns)  Path(ns)    Netlist Resource(s)
  -------------------------------------------------------------------    -------------------
    SLICE_X9Y89          FDCE                         0.000     0.000 r  risc32_i/pc_0/inst/q_reg[4]/C
    SLICE_X9Y89          FDCE (Prop_fdce_C_Q)         0.141     0.141 r  risc32_i/pc_0/inst/q_reg[4]/Q
                         net (fo=15, routed)          0.138     0.279    risc32_i/adder_0/inst/add_a[4]
    SLICE_X9Y89          CARRY4 (Prop_carry4_S[0]_O[0])
                                                      0.115     0.394 r  risc32_i/adder_0/inst/add_out[4]_INST_0/O[0]
                         net (fo=1, routed)           0.000     0.394    risc32_i/pc_0/inst/data_i[4]
    SLICE_X9Y89          FDCE                                         r  risc32_i/pc_0/inst/q_reg[4]/D
  -------------------------------------------------------------------    -------------------

Slack:                    inf
  Source:                 risc32_i/pc_0/inst/q_reg[0]/C
                            (rising edge-triggered cell FDCE)
  Destination:            risc32_i/pc_0/inst/q_reg[0]/D
  Path Group:             (none)
  Path Type:              Min at Fast Process Corner
  Data Path Delay:        0.421ns  (logic 0.256ns (60.846%)  route 0.165ns (39.154%))
  Logic Levels:           2  (CARRY4=1 FDCE=1)

    Location             Delay type                Incr(ns)  Path(ns)    Netlist Resource(s)
  -------------------------------------------------------------------    -------------------
    SLICE_X9Y88          FDCE                         0.000     0.000 r  risc32_i/pc_0/inst/q_reg[0]/C
    SLICE_X9Y88          FDCE (Prop_fdce_C_Q)         0.141     0.141 r  risc32_i/pc_0/inst/q_reg[0]/Q
                         net (fo=15, routed)          0.165     0.306    risc32_i/adder_0/inst/add_a[0]
    SLICE_X9Y88          CARRY4 (Prop_carry4_S[0]_O[0])
                                                      0.115     0.421 r  risc32_i/adder_0/inst/add_out[0]_INST_0/O[0]
                         net (fo=1, routed)           0.000     0.421    risc32_i/pc_0/inst/data_i[0]
    SLICE_X9Y88          FDCE                                         r  risc32_i/pc_0/inst/q_reg[0]/D
  -------------------------------------------------------------------    -------------------

Slack:                    inf
  Source:                 risc32_i/pc_0/inst/q_reg[3]/C
                            (rising edge-triggered cell FDCE)
  Destination:            risc32_i/regfile_0/inst/reg_array_reg_r2_0_31_0_5/RAMA/WADR4
  Path Group:             (none)
  Path Type:              Min at Fast Process Corner
  Data Path Delay:        0.621ns  (logic 0.186ns (29.948%)  route 0.435ns (70.052%))
  Logic Levels:           2  (FDCE=1 LUT6=1)

    Location             Delay type                Incr(ns)  Path(ns)    Netlist Resource(s)
  -------------------------------------------------------------------    -------------------
    SLICE_X9Y88          FDCE                         0.000     0.000 r  risc32_i/pc_0/inst/q_reg[3]/C
    SLICE_X9Y88          FDCE (Prop_fdce_C_Q)         0.141     0.141 f  risc32_i/pc_0/inst/q_reg[3]/Q
                         net (fo=15, routed)          0.267     0.408    risc32_i/imem_0/inst/inst_addr[3]
    SLICE_X7Y89          LUT6 (Prop_lut6_I4_O)        0.045     0.453 r  risc32_i/imem_0/inst/inst_o[5]_INST_0/O
                         net (fo=93, routed)          0.168     0.621    risc32_i/regfile_0/inst/reg_array_reg_r2_0_31_0_5/ADDRD4
    SLICE_X6Y89          RAMD32                                       r  risc32_i/regfile_0/inst/reg_array_reg_r2_0_31_0_5/RAMA/WADR4
  -------------------------------------------------------------------    -------------------

Slack:                    inf
  Source:                 risc32_i/pc_0/inst/q_reg[3]/C
                            (rising edge-triggered cell FDCE)
  Destination:            risc32_i/regfile_0/inst/reg_array_reg_r2_0_31_0_5/RAMA_D1/WADR4
  Path Group:             (none)
  Path Type:              Min at Fast Process Corner
  Data Path Delay:        0.621ns  (logic 0.186ns (29.948%)  route 0.435ns (70.052%))
  Logic Levels:           2  (FDCE=1 LUT6=1)

    Location             Delay type                Incr(ns)  Path(ns)    Netlist Resource(s)
  -------------------------------------------------------------------    -------------------
    SLICE_X9Y88          FDCE                         0.000     0.000 r  risc32_i/pc_0/inst/q_reg[3]/C
    SLICE_X9Y88          FDCE (Prop_fdce_C_Q)         0.141     0.141 f  risc32_i/pc_0/inst/q_reg[3]/Q
                         net (fo=15, routed)          0.267     0.408    risc32_i/imem_0/inst/inst_addr[3]
    SLICE_X7Y89          LUT6 (Prop_lut6_I4_O)        0.045     0.453 r  risc32_i/imem_0/inst/inst_o[5]_INST_0/O
                         net (fo=93, routed)          0.168     0.621    risc32_i/regfile_0/inst/reg_array_reg_r2_0_31_0_5/ADDRD4
    SLICE_X6Y89          RAMD32                                       r  risc32_i/regfile_0/inst/reg_array_reg_r2_0_31_0_5/RAMA_D1/WADR4
  -------------------------------------------------------------------    -------------------





--------------------------------------------------------------------------------------
Path Group:  (none)
From Clock:  clk_out1_risc32_clk_wiz_0_0
  To Clock:  

Max Delay            15 Endpoints
Min Delay            15 Endpoints
--------------------------------------------------------------------------------------


Max Delay Paths
--------------------------------------------------------------------------------------
Slack:                    inf
  Source:                 risc32_i/segment_0/inst/AN_reg[6]/C
                            (rising edge-triggered cell FDPE clocked by clk_out1_risc32_clk_wiz_0_0  {rise@0.000ns fall@10.000ns period=20.000ns})
  Destination:            SSEG_AN[6]
                            (output port)
  Path Group:             (none)
  Path Type:              Max at Slow Process Corner
  Data Path Delay:        8.666ns  (logic 3.974ns (45.851%)  route 4.693ns (54.149%))
  Logic Levels:           1  (OBUF=1)
  Clock Uncertainty:      0.260ns  ((TSJ^2 + DJ^2)^1/2) / 2 + PE
    Total System Jitter     (TSJ):    0.050ns
    Discrete Jitter          (DJ):    0.203ns
    Phase Error              (PE):    0.156ns

    Location             Delay type                Incr(ns)  Path(ns)    Netlist Resource(s)
  -------------------------------------------------------------------    -------------------
                         (clock clk_out1_risc32_clk_wiz_0_0 rise edge)
                                                      0.000     0.000 r  
    E3                                                0.000     0.000 r  clk_in1_0 (IN)
                         net (fo=0)                   0.000     0.000    risc32_i/clk_wiz_0/inst/clk_in1
    E3                   IBUF (Prop_ibuf_I_O)         1.482     1.482 r  risc32_i/clk_wiz_0/inst/clkin1_ibufg/O
                         net (fo=1, routed)           1.253     2.735    risc32_i/clk_wiz_0/inst/clk_in1_risc32_clk_wiz_0_0
    PLLE2_ADV_X1Y2       PLLE2_ADV (Prop_plle2_adv_CLKIN1_CLKOUT0)
                                                     -8.591    -5.856 r  risc32_i/clk_wiz_0/inst/plle2_adv_inst/CLKOUT0
                         net (fo=1, routed)           1.713    -4.143    risc32_i/clk_wiz_0/inst/clk_out1_risc32_clk_wiz_0_0
    BUFGCTRL_X0Y16       BUFG (Prop_bufg_I_O)         0.096    -4.047 r  risc32_i/clk_wiz_0/inst/clkout1_buf/O
                         net (fo=38, routed)          1.723    -2.324    risc32_i/segment_0/inst/clk
    SLICE_X0Y90          FDPE                                         r  risc32_i/segment_0/inst/AN_reg[6]/C
  -------------------------------------------------------------------    -------------------
    SLICE_X0Y90          FDPE (Prop_fdpe_C_Q)         0.456    -1.868 r  risc32_i/segment_0/inst/AN_reg[6]/Q
                         net (fo=1, routed)           4.693     2.825    SSEG_AN_OBUF[6]
    K2                   OBUF (Prop_obuf_I_O)         3.518     6.343 r  SSEG_AN_OBUF[6]_inst/O
                         net (fo=0)                   0.000     6.343    SSEG_AN[6]
    K2                                                                r  SSEG_AN[6] (OUT)
  -------------------------------------------------------------------    -------------------

Slack:                    inf
  Source:                 risc32_i/segment_0/inst/AN_reg[2]/C
                            (rising edge-triggered cell FDPE clocked by clk_out1_risc32_clk_wiz_0_0  {rise@0.000ns fall@10.000ns period=20.000ns})
  Destination:            SSEG_AN[2]
                            (output port)
  Path Group:             (none)
  Path Type:              Max at Slow Process Corner
  Data Path Delay:        7.138ns  (logic 4.030ns (56.464%)  route 3.108ns (43.536%))
  Logic Levels:           1  (OBUF=1)
  Clock Uncertainty:      0.260ns  ((TSJ^2 + DJ^2)^1/2) / 2 + PE
    Total System Jitter     (TSJ):    0.050ns
    Discrete Jitter          (DJ):    0.203ns
    Phase Error              (PE):    0.156ns

    Location             Delay type                Incr(ns)  Path(ns)    Netlist Resource(s)
  -------------------------------------------------------------------    -------------------
                         (clock clk_out1_risc32_clk_wiz_0_0 rise edge)
                                                      0.000     0.000 r  
    E3                                                0.000     0.000 r  clk_in1_0 (IN)
                         net (fo=0)                   0.000     0.000    risc32_i/clk_wiz_0/inst/clk_in1
    E3                   IBUF (Prop_ibuf_I_O)         1.482     1.482 r  risc32_i/clk_wiz_0/inst/clkin1_ibufg/O
                         net (fo=1, routed)           1.253     2.735    risc32_i/clk_wiz_0/inst/clk_in1_risc32_clk_wiz_0_0
    PLLE2_ADV_X1Y2       PLLE2_ADV (Prop_plle2_adv_CLKIN1_CLKOUT0)
                                                     -8.591    -5.856 r  risc32_i/clk_wiz_0/inst/plle2_adv_inst/CLKOUT0
                         net (fo=1, routed)           1.713    -4.143    risc32_i/clk_wiz_0/inst/clk_out1_risc32_clk_wiz_0_0
    BUFGCTRL_X0Y16       BUFG (Prop_bufg_I_O)         0.096    -4.047 r  risc32_i/clk_wiz_0/inst/clkout1_buf/O
                         net (fo=38, routed)          1.725    -2.322    risc32_i/segment_0/inst/clk
    SLICE_X3Y93          FDPE                                         r  risc32_i/segment_0/inst/AN_reg[2]/C
  -------------------------------------------------------------------    -------------------
    SLICE_X3Y93          FDPE (Prop_fdpe_C_Q)         0.456    -1.866 r  risc32_i/segment_0/inst/AN_reg[2]/Q
                         net (fo=1, routed)           3.108     1.242    SSEG_AN_OBUF[2]
    T9                   OBUF (Prop_obuf_I_O)         3.574     4.816 r  SSEG_AN_OBUF[2]_inst/O
                         net (fo=0)                   0.000     4.816    SSEG_AN[2]
    T9                                                                r  SSEG_AN[2] (OUT)
  -------------------------------------------------------------------    -------------------

Slack:                    inf
  Source:                 risc32_i/segment_0/inst/seg_data_o_reg[1]/C
                            (rising edge-triggered cell FDPE clocked by clk_out1_risc32_clk_wiz_0_0  {rise@0.000ns fall@10.000ns period=20.000ns})
  Destination:            SSEG_CA[1]
                            (output port)
  Path Group:             (none)
  Path Type:              Max at Slow Process Corner
  Data Path Delay:        7.131ns  (logic 4.146ns (58.143%)  route 2.985ns (41.857%))
  Logic Levels:           1  (OBUF=1)
  Clock Uncertainty:      0.260ns  ((TSJ^2 + DJ^2)^1/2) / 2 + PE
    Total System Jitter     (TSJ):    0.050ns
    Discrete Jitter          (DJ):    0.203ns
    Phase Error              (PE):    0.156ns

    Location             Delay type                Incr(ns)  Path(ns)    Netlist Resource(s)
  -------------------------------------------------------------------    -------------------
                         (clock clk_out1_risc32_clk_wiz_0_0 rise edge)
                                                      0.000     0.000 r  
    E3                                                0.000     0.000 r  clk_in1_0 (IN)
                         net (fo=0)                   0.000     0.000    risc32_i/clk_wiz_0/inst/clk_in1
    E3                   IBUF (Prop_ibuf_I_O)         1.482     1.482 r  risc32_i/clk_wiz_0/inst/clkin1_ibufg/O
                         net (fo=1, routed)           1.253     2.735    risc32_i/clk_wiz_0/inst/clk_in1_risc32_clk_wiz_0_0
    PLLE2_ADV_X1Y2       PLLE2_ADV (Prop_plle2_adv_CLKIN1_CLKOUT0)
                                                     -8.591    -5.856 r  risc32_i/clk_wiz_0/inst/plle2_adv_inst/CLKOUT0
                         net (fo=1, routed)           1.713    -4.143    risc32_i/clk_wiz_0/inst/clk_out1_risc32_clk_wiz_0_0
    BUFGCTRL_X0Y16       BUFG (Prop_bufg_I_O)         0.096    -4.047 r  risc32_i/clk_wiz_0/inst/clkout1_buf/O
                         net (fo=38, routed)          1.723    -2.324    risc32_i/segment_0/inst/clk
    SLICE_X0Y90          FDPE                                         r  risc32_i/segment_0/inst/seg_data_o_reg[1]/C
  -------------------------------------------------------------------    -------------------
    SLICE_X0Y90          FDPE (Prop_fdpe_C_Q)         0.419    -1.905 r  risc32_i/segment_0/inst/seg_data_o_reg[1]/Q
                         net (fo=1, routed)           2.985     1.080    SSEG_CA_OBUF[1]
    R10                  OBUF (Prop_obuf_I_O)         3.727     4.808 r  SSEG_CA_OBUF[1]_inst/O
                         net (fo=0)                   0.000     4.808    SSEG_CA[1]
    R10                                                               r  SSEG_CA[1] (OUT)
  -------------------------------------------------------------------    -------------------

Slack:                    inf
  Source:                 risc32_i/segment_0/inst/AN_reg[7]/C
                            (rising edge-triggered cell FDPE clocked by clk_out1_risc32_clk_wiz_0_0  {rise@0.000ns fall@10.000ns period=20.000ns})
  Destination:            SSEG_AN[7]
                            (output port)
  Path Group:             (none)
  Path Type:              Max at Slow Process Corner
  Data Path Delay:        7.077ns  (logic 4.147ns (58.601%)  route 2.930ns (41.399%))
  Logic Levels:           1  (OBUF=1)
  Clock Uncertainty:      0.260ns  ((TSJ^2 + DJ^2)^1/2) / 2 + PE
    Total System Jitter     (TSJ):    0.050ns
    Discrete Jitter          (DJ):    0.203ns
    Phase Error              (PE):    0.156ns

    Location             Delay type                Incr(ns)  Path(ns)    Netlist Resource(s)
  -------------------------------------------------------------------    -------------------
                         (clock clk_out1_risc32_clk_wiz_0_0 rise edge)
                                                      0.000     0.000 r  
    E3                                                0.000     0.000 r  clk_in1_0 (IN)
                         net (fo=0)                   0.000     0.000    risc32_i/clk_wiz_0/inst/clk_in1
    E3                   IBUF (Prop_ibuf_I_O)         1.482     1.482 r  risc32_i/clk_wiz_0/inst/clkin1_ibufg/O
                         net (fo=1, routed)           1.253     2.735    risc32_i/clk_wiz_0/inst/clk_in1_risc32_clk_wiz_0_0
    PLLE2_ADV_X1Y2       PLLE2_ADV (Prop_plle2_adv_CLKIN1_CLKOUT0)
                                                     -8.591    -5.856 r  risc32_i/clk_wiz_0/inst/plle2_adv_inst/CLKOUT0
                         net (fo=1, routed)           1.713    -4.143    risc32_i/clk_wiz_0/inst/clk_out1_risc32_clk_wiz_0_0
    BUFGCTRL_X0Y16       BUFG (Prop_bufg_I_O)         0.096    -4.047 r  risc32_i/clk_wiz_0/inst/clkout1_buf/O
                         net (fo=38, routed)          1.723    -2.324    risc32_i/segment_0/inst/clk
    SLICE_X0Y90          FDPE                                         r  risc32_i/segment_0/inst/AN_reg[7]/C
  -------------------------------------------------------------------    -------------------
    SLICE_X0Y90          FDPE (Prop_fdpe_C_Q)         0.419    -1.905 r  risc32_i/segment_0/inst/AN_reg[7]/Q
                         net (fo=1, routed)           2.930     1.025    SSEG_AN_OBUF[7]
    U13                  OBUF (Prop_obuf_I_O)         3.728     4.754 r  SSEG_AN_OBUF[7]_inst/O
                         net (fo=0)                   0.000     4.754    SSEG_AN[7]
    U13                                                               r  SSEG_AN[7] (OUT)
  -------------------------------------------------------------------    -------------------

Slack:                    inf
  Source:                 risc32_i/segment_0/inst/seg_data_o_reg[0]/C
                            (rising edge-triggered cell FDPE clocked by clk_out1_risc32_clk_wiz_0_0  {rise@0.000ns fall@10.000ns period=20.000ns})
  Destination:            SSEG_CA[0]
                            (output port)
  Path Group:             (none)
  Path Type:              Max at Slow Process Corner
  Data Path Delay:        7.006ns  (logic 4.033ns (57.566%)  route 2.973ns (42.434%))
  Logic Levels:           1  (OBUF=1)
  Clock Uncertainty:      0.260ns  ((TSJ^2 + DJ^2)^1/2) / 2 + PE
    Total System Jitter     (TSJ):    0.050ns
    Discrete Jitter          (DJ):    0.203ns
    Phase Error              (PE):    0.156ns

    Location             Delay type                Incr(ns)  Path(ns)    Netlist Resource(s)
  -------------------------------------------------------------------    -------------------
                         (clock clk_out1_risc32_clk_wiz_0_0 rise edge)
                                                      0.000     0.000 r  
    E3                                                0.000     0.000 r  clk_in1_0 (IN)
                         net (fo=0)                   0.000     0.000    risc32_i/clk_wiz_0/inst/clk_in1
    E3                   IBUF (Prop_ibuf_I_O)         1.482     1.482 r  risc32_i/clk_wiz_0/inst/clkin1_ibufg/O
                         net (fo=1, routed)           1.253     2.735    risc32_i/clk_wiz_0/inst/clk_in1_risc32_clk_wiz_0_0
    PLLE2_ADV_X1Y2       PLLE2_ADV (Prop_plle2_adv_CLKIN1_CLKOUT0)
                                                     -8.591    -5.856 r  risc32_i/clk_wiz_0/inst/plle2_adv_inst/CLKOUT0
                         net (fo=1, routed)           1.713    -4.143    risc32_i/clk_wiz_0/inst/clk_out1_risc32_clk_wiz_0_0
    BUFGCTRL_X0Y16       BUFG (Prop_bufg_I_O)         0.096    -4.047 r  risc32_i/clk_wiz_0/inst/clkout1_buf/O
                         net (fo=38, routed)          1.723    -2.324    risc32_i/segment_0/inst/clk
    SLICE_X0Y90          FDPE                                         r  risc32_i/segment_0/inst/seg_data_o_reg[0]/C
  -------------------------------------------------------------------    -------------------
    SLICE_X0Y90          FDPE (Prop_fdpe_C_Q)         0.456    -1.868 r  risc32_i/segment_0/inst/seg_data_o_reg[0]/Q
                         net (fo=1, routed)           2.973     1.105    SSEG_CA_OBUF[0]
    T10                  OBUF (Prop_obuf_I_O)         3.577     4.682 r  SSEG_CA_OBUF[0]_inst/O
                         net (fo=0)                   0.000     4.682    SSEG_CA[0]
    T10                                                               r  SSEG_CA[0] (OUT)
  -------------------------------------------------------------------    -------------------

Slack:                    inf
  Source:                 risc32_i/segment_0/inst/seg_data_o_reg[5]/C
                            (rising edge-triggered cell FDPE clocked by clk_out1_risc32_clk_wiz_0_0  {rise@0.000ns fall@10.000ns period=20.000ns})
  Destination:            SSEG_CA[5]
                            (output port)
  Path Group:             (none)
  Path Type:              Max at Slow Process Corner
  Data Path Delay:        6.872ns  (logic 4.153ns (60.432%)  route 2.719ns (39.568%))
  Logic Levels:           1  (OBUF=1)
  Clock Uncertainty:      0.260ns  ((TSJ^2 + DJ^2)^1/2) / 2 + PE
    Total System Jitter     (TSJ):    0.050ns
    Discrete Jitter          (DJ):    0.203ns
    Phase Error              (PE):    0.156ns

    Location             Delay type                Incr(ns)  Path(ns)    Netlist Resource(s)
  -------------------------------------------------------------------    -------------------
                         (clock clk_out1_risc32_clk_wiz_0_0 rise edge)
                                                      0.000     0.000 r  
    E3                                                0.000     0.000 r  clk_in1_0 (IN)
                         net (fo=0)                   0.000     0.000    risc32_i/clk_wiz_0/inst/clk_in1
    E3                   IBUF (Prop_ibuf_I_O)         1.482     1.482 r  risc32_i/clk_wiz_0/inst/clkin1_ibufg/O
                         net (fo=1, routed)           1.253     2.735    risc32_i/clk_wiz_0/inst/clk_in1_risc32_clk_wiz_0_0
    PLLE2_ADV_X1Y2       PLLE2_ADV (Prop_plle2_adv_CLKIN1_CLKOUT0)
                                                     -8.591    -5.856 r  risc32_i/clk_wiz_0/inst/plle2_adv_inst/CLKOUT0
                         net (fo=1, routed)           1.713    -4.143    risc32_i/clk_wiz_0/inst/clk_out1_risc32_clk_wiz_0_0
    BUFGCTRL_X0Y16       BUFG (Prop_bufg_I_O)         0.096    -4.047 r  risc32_i/clk_wiz_0/inst/clkout1_buf/O
                         net (fo=38, routed)          1.723    -2.324    risc32_i/segment_0/inst/clk
    SLICE_X0Y90          FDPE                                         r  risc32_i/segment_0/inst/seg_data_o_reg[5]/C
  -------------------------------------------------------------------    -------------------
    SLICE_X0Y90          FDPE (Prop_fdpe_C_Q)         0.419    -1.905 r  risc32_i/segment_0/inst/seg_data_o_reg[5]/Q
                         net (fo=1, routed)           2.719     0.814    SSEG_CA_OBUF[5]
    T11                  OBUF (Prop_obuf_I_O)         3.734     4.548 r  SSEG_CA_OBUF[5]_inst/O
                         net (fo=0)                   0.000     4.548    SSEG_CA[5]
    T11                                                               r  SSEG_CA[5] (OUT)
  -------------------------------------------------------------------    -------------------

Slack:                    inf
  Source:                 risc32_i/segment_0/inst/seg_data_o_reg[3]/C
                            (rising edge-triggered cell FDPE clocked by clk_out1_risc32_clk_wiz_0_0  {rise@0.000ns fall@10.000ns period=20.000ns})
  Destination:            SSEG_CA[3]
                            (output port)
  Path Group:             (none)
  Path Type:              Max at Slow Process Corner
  Data Path Delay:        6.588ns  (logic 4.142ns (62.875%)  route 2.446ns (37.125%))
  Logic Levels:           1  (OBUF=1)
  Clock Uncertainty:      0.260ns  ((TSJ^2 + DJ^2)^1/2) / 2 + PE
    Total System Jitter     (TSJ):    0.050ns
    Discrete Jitter          (DJ):    0.203ns
    Phase Error              (PE):    0.156ns

    Location             Delay type                Incr(ns)  Path(ns)    Netlist Resource(s)
  -------------------------------------------------------------------    -------------------
                         (clock clk_out1_risc32_clk_wiz_0_0 rise edge)
                                                      0.000     0.000 r  
    E3                                                0.000     0.000 r  clk_in1_0 (IN)
                         net (fo=0)                   0.000     0.000    risc32_i/clk_wiz_0/inst/clk_in1
    E3                   IBUF (Prop_ibuf_I_O)         1.482     1.482 r  risc32_i/clk_wiz_0/inst/clkin1_ibufg/O
                         net (fo=1, routed)           1.253     2.735    risc32_i/clk_wiz_0/inst/clk_in1_risc32_clk_wiz_0_0
    PLLE2_ADV_X1Y2       PLLE2_ADV (Prop_plle2_adv_CLKIN1_CLKOUT0)
                                                     -8.591    -5.856 r  risc32_i/clk_wiz_0/inst/plle2_adv_inst/CLKOUT0
                         net (fo=1, routed)           1.713    -4.143    risc32_i/clk_wiz_0/inst/clk_out1_risc32_clk_wiz_0_0
    BUFGCTRL_X0Y16       BUFG (Prop_bufg_I_O)         0.096    -4.047 r  risc32_i/clk_wiz_0/inst/clkout1_buf/O
                         net (fo=38, routed)          1.724    -2.323    risc32_i/segment_0/inst/clk
    SLICE_X1Y92          FDPE                                         r  risc32_i/segment_0/inst/seg_data_o_reg[3]/C
  -------------------------------------------------------------------    -------------------
    SLICE_X1Y92          FDPE (Prop_fdpe_C_Q)         0.419    -1.904 r  risc32_i/segment_0/inst/seg_data_o_reg[3]/Q
                         net (fo=1, routed)           2.446     0.542    SSEG_CA_OBUF[3]
    K13                  OBUF (Prop_obuf_I_O)         3.723     4.265 r  SSEG_CA_OBUF[3]_inst/O
                         net (fo=0)                   0.000     4.265    SSEG_CA[3]
    K13                                                               r  SSEG_CA[3] (OUT)
  -------------------------------------------------------------------    -------------------

Slack:                    inf
  Source:                 risc32_i/segment_0/inst/AN_reg[5]/C
                            (rising edge-triggered cell FDPE clocked by clk_out1_risc32_clk_wiz_0_0  {rise@0.000ns fall@10.000ns period=20.000ns})
  Destination:            SSEG_AN[5]
                            (output port)
  Path Group:             (none)
  Path Type:              Max at Slow Process Corner
  Data Path Delay:        6.464ns  (logic 4.146ns (64.134%)  route 2.318ns (35.866%))
  Logic Levels:           1  (OBUF=1)
  Clock Uncertainty:      0.260ns  ((TSJ^2 + DJ^2)^1/2) / 2 + PE
    Total System Jitter     (TSJ):    0.050ns
    Discrete Jitter          (DJ):    0.203ns
    Phase Error              (PE):    0.156ns

    Location             Delay type                Incr(ns)  Path(ns)    Netlist Resource(s)
  -------------------------------------------------------------------    -------------------
                         (clock clk_out1_risc32_clk_wiz_0_0 rise edge)
                                                      0.000     0.000 r  
    E3                                                0.000     0.000 r  clk_in1_0 (IN)
                         net (fo=0)                   0.000     0.000    risc32_i/clk_wiz_0/inst/clk_in1
    E3                   IBUF (Prop_ibuf_I_O)         1.482     1.482 r  risc32_i/clk_wiz_0/inst/clkin1_ibufg/O
                         net (fo=1, routed)           1.253     2.735    risc32_i/clk_wiz_0/inst/clk_in1_risc32_clk_wiz_0_0
    PLLE2_ADV_X1Y2       PLLE2_ADV (Prop_plle2_adv_CLKIN1_CLKOUT0)
                                                     -8.591    -5.856 r  risc32_i/clk_wiz_0/inst/plle2_adv_inst/CLKOUT0
                         net (fo=1, routed)           1.713    -4.143    risc32_i/clk_wiz_0/inst/clk_out1_risc32_clk_wiz_0_0
    BUFGCTRL_X0Y16       BUFG (Prop_bufg_I_O)         0.096    -4.047 r  risc32_i/clk_wiz_0/inst/clkout1_buf/O
                         net (fo=38, routed)          1.723    -2.324    risc32_i/segment_0/inst/clk
    SLICE_X0Y89          FDPE                                         r  risc32_i/segment_0/inst/AN_reg[5]/C
  -------------------------------------------------------------------    -------------------
    SLICE_X0Y89          FDPE (Prop_fdpe_C_Q)         0.419    -1.905 r  risc32_i/segment_0/inst/AN_reg[5]/Q
                         net (fo=1, routed)           2.318     0.414    SSEG_AN_OBUF[5]
    T14                  OBUF (Prop_obuf_I_O)         3.727     4.140 r  SSEG_AN_OBUF[5]_inst/O
                         net (fo=0)                   0.000     4.140    SSEG_AN[5]
    T14                                                               r  SSEG_AN[5] (OUT)
  -------------------------------------------------------------------    -------------------

Slack:                    inf
  Source:                 risc32_i/segment_0/inst/AN_reg[3]/C
                            (rising edge-triggered cell FDPE clocked by clk_out1_risc32_clk_wiz_0_0  {rise@0.000ns fall@10.000ns period=20.000ns})
  Destination:            SSEG_AN[3]
                            (output port)
  Path Group:             (none)
  Path Type:              Max at Slow Process Corner
  Data Path Delay:        6.449ns  (logic 4.146ns (64.293%)  route 2.303ns (35.707%))
  Logic Levels:           1  (OBUF=1)
  Clock Uncertainty:      0.260ns  ((TSJ^2 + DJ^2)^1/2) / 2 + PE
    Total System Jitter     (TSJ):    0.050ns
    Discrete Jitter          (DJ):    0.203ns
    Phase Error              (PE):    0.156ns

    Location             Delay type                Incr(ns)  Path(ns)    Netlist Resource(s)
  -------------------------------------------------------------------    -------------------
                         (clock clk_out1_risc32_clk_wiz_0_0 rise edge)
                                                      0.000     0.000 r  
    E3                                                0.000     0.000 r  clk_in1_0 (IN)
                         net (fo=0)                   0.000     0.000    risc32_i/clk_wiz_0/inst/clk_in1
    E3                   IBUF (Prop_ibuf_I_O)         1.482     1.482 r  risc32_i/clk_wiz_0/inst/clkin1_ibufg/O
                         net (fo=1, routed)           1.253     2.735    risc32_i/clk_wiz_0/inst/clk_in1_risc32_clk_wiz_0_0
    PLLE2_ADV_X1Y2       PLLE2_ADV (Prop_plle2_adv_CLKIN1_CLKOUT0)
                                                     -8.591    -5.856 r  risc32_i/clk_wiz_0/inst/plle2_adv_inst/CLKOUT0
                         net (fo=1, routed)           1.713    -4.143    risc32_i/clk_wiz_0/inst/clk_out1_risc32_clk_wiz_0_0
    BUFGCTRL_X0Y16       BUFG (Prop_bufg_I_O)         0.096    -4.047 r  risc32_i/clk_wiz_0/inst/clkout1_buf/O
                         net (fo=38, routed)          1.725    -2.322    risc32_i/segment_0/inst/clk
    SLICE_X3Y93          FDPE                                         r  risc32_i/segment_0/inst/AN_reg[3]/C
  -------------------------------------------------------------------    -------------------
    SLICE_X3Y93          FDPE (Prop_fdpe_C_Q)         0.419    -1.903 r  risc32_i/segment_0/inst/AN_reg[3]/Q
                         net (fo=1, routed)           2.303     0.400    SSEG_AN_OBUF[3]
    J14                  OBUF (Prop_obuf_I_O)         3.727     4.127 r  SSEG_AN_OBUF[3]_inst/O
                         net (fo=0)                   0.000     4.127    SSEG_AN[3]
    J14                                                               r  SSEG_AN[3] (OUT)
  -------------------------------------------------------------------    -------------------

Slack:                    inf
  Source:                 risc32_i/segment_0/inst/seg_data_o_reg[4]/C
                            (rising edge-triggered cell FDPE clocked by clk_out1_risc32_clk_wiz_0_0  {rise@0.000ns fall@10.000ns period=20.000ns})
  Destination:            SSEG_CA[4]
                            (output port)
  Path Group:             (none)
  Path Type:              Max at Slow Process Corner
  Data Path Delay:        6.146ns  (logic 3.990ns (64.915%)  route 2.156ns (35.085%))
  Logic Levels:           1  (OBUF=1)
  Clock Uncertainty:      0.260ns  ((TSJ^2 + DJ^2)^1/2) / 2 + PE
    Total System Jitter     (TSJ):    0.050ns
    Discrete Jitter          (DJ):    0.203ns
    Phase Error              (PE):    0.156ns

    Location             Delay type                Incr(ns)  Path(ns)    Netlist Resource(s)
  -------------------------------------------------------------------    -------------------
                         (clock clk_out1_risc32_clk_wiz_0_0 rise edge)
                                                      0.000     0.000 r  
    E3                                                0.000     0.000 r  clk_in1_0 (IN)
                         net (fo=0)                   0.000     0.000    risc32_i/clk_wiz_0/inst/clk_in1
    E3                   IBUF (Prop_ibuf_I_O)         1.482     1.482 r  risc32_i/clk_wiz_0/inst/clkin1_ibufg/O
                         net (fo=1, routed)           1.253     2.735    risc32_i/clk_wiz_0/inst/clk_in1_risc32_clk_wiz_0_0
    PLLE2_ADV_X1Y2       PLLE2_ADV (Prop_plle2_adv_CLKIN1_CLKOUT0)
                                                     -8.591    -5.856 r  risc32_i/clk_wiz_0/inst/plle2_adv_inst/CLKOUT0
                         net (fo=1, routed)           1.713    -4.143    risc32_i/clk_wiz_0/inst/clk_out1_risc32_clk_wiz_0_0
    BUFGCTRL_X0Y16       BUFG (Prop_bufg_I_O)         0.096    -4.047 r  risc32_i/clk_wiz_0/inst/clkout1_buf/O
                         net (fo=38, routed)          1.723    -2.324    risc32_i/segment_0/inst/clk
    SLICE_X0Y90          FDPE                                         r  risc32_i/segment_0/inst/seg_data_o_reg[4]/C
  -------------------------------------------------------------------    -------------------
    SLICE_X0Y90          FDPE (Prop_fdpe_C_Q)         0.456    -1.868 r  risc32_i/segment_0/inst/seg_data_o_reg[4]/Q
                         net (fo=1, routed)           2.156     0.289    SSEG_CA_OBUF[4]
    P15                  OBUF (Prop_obuf_I_O)         3.534     3.822 r  SSEG_CA_OBUF[4]_inst/O
                         net (fo=0)                   0.000     3.822    SSEG_CA[4]
    P15                                                               r  SSEG_CA[4] (OUT)
  -------------------------------------------------------------------    -------------------





Min Delay Paths
--------------------------------------------------------------------------------------
Slack:                    inf
  Source:                 risc32_i/segment_0/inst/seg_data_o_reg[6]/C
                            (rising edge-triggered cell FDPE clocked by clk_out1_risc32_clk_wiz_0_0  {rise@0.000ns fall@10.000ns period=20.000ns})
  Destination:            SSEG_CA[6]
                            (output port)
  Path Group:             (none)
  Path Type:              Min at Fast Process Corner
  Data Path Delay:        1.759ns  (logic 1.379ns (78.387%)  route 0.380ns (21.613%))
  Logic Levels:           1  (OBUF=1)
  Clock Uncertainty:      0.260ns  ((TSJ^2 + DJ^2)^1/2) / 2 + PE
    Total System Jitter     (TSJ):    0.050ns
    Discrete Jitter          (DJ):    0.203ns
    Phase Error              (PE):    0.156ns

    Location             Delay type                Incr(ns)  Path(ns)    Netlist Resource(s)
  -------------------------------------------------------------------    -------------------
                         (clock clk_out1_risc32_clk_wiz_0_0 rise edge)
                                                      0.000     0.000 r  
    E3                                                0.000     0.000 r  clk_in1_0 (IN)
                         net (fo=0)                   0.000     0.000    risc32_i/clk_wiz_0/inst/clk_in1
    E3                   IBUF (Prop_ibuf_I_O)         0.250     0.250 r  risc32_i/clk_wiz_0/inst/clkin1_ibufg/O
                         net (fo=1, routed)           0.440     0.690    risc32_i/clk_wiz_0/inst/clk_in1_risc32_clk_wiz_0_0
    PLLE2_ADV_X1Y2       PLLE2_ADV (Prop_plle2_adv_CLKIN1_CLKOUT0)
                                                     -2.342    -1.652 r  risc32_i/clk_wiz_0/inst/plle2_adv_inst/CLKOUT0
                         net (fo=1, routed)           0.514    -1.138    risc32_i/clk_wiz_0/inst/clk_out1_risc32_clk_wiz_0_0
    BUFGCTRL_X0Y16       BUFG (Prop_bufg_I_O)         0.026    -1.112 r  risc32_i/clk_wiz_0/inst/clkout1_buf/O
                         net (fo=38, routed)          0.603    -0.509    risc32_i/segment_0/inst/clk
    SLICE_X0Y90          FDPE                                         r  risc32_i/segment_0/inst/seg_data_o_reg[6]/C
  -------------------------------------------------------------------    -------------------
    SLICE_X0Y90          FDPE (Prop_fdpe_C_Q)         0.141    -0.368 r  risc32_i/segment_0/inst/seg_data_o_reg[6]/Q
                         net (fo=1, routed)           0.380     0.012    SSEG_CA_OBUF[6]
    L18                  OBUF (Prop_obuf_I_O)         1.238     1.250 r  SSEG_CA_OBUF[6]_inst/O
                         net (fo=0)                   0.000     1.250    SSEG_CA[6]
    L18                                                               r  SSEG_CA[6] (OUT)
  -------------------------------------------------------------------    -------------------

Slack:                    inf
  Source:                 risc32_i/segment_0/inst/AN_reg[4]/C
                            (rising edge-triggered cell FDPE clocked by clk_out1_risc32_clk_wiz_0_0  {rise@0.000ns fall@10.000ns period=20.000ns})
  Destination:            SSEG_AN[4]
                            (output port)
  Path Group:             (none)
  Path Type:              Min at Fast Process Corner
  Data Path Delay:        1.763ns  (logic 1.392ns (78.916%)  route 0.372ns (21.084%))
  Logic Levels:           1  (OBUF=1)
  Clock Uncertainty:      0.260ns  ((TSJ^2 + DJ^2)^1/2) / 2 + PE
    Total System Jitter     (TSJ):    0.050ns
    Discrete Jitter          (DJ):    0.203ns
    Phase Error              (PE):    0.156ns

    Location             Delay type                Incr(ns)  Path(ns)    Netlist Resource(s)
  -------------------------------------------------------------------    -------------------
                         (clock clk_out1_risc32_clk_wiz_0_0 rise edge)
                                                      0.000     0.000 r  
    E3                                                0.000     0.000 r  clk_in1_0 (IN)
                         net (fo=0)                   0.000     0.000    risc32_i/clk_wiz_0/inst/clk_in1
    E3                   IBUF (Prop_ibuf_I_O)         0.250     0.250 r  risc32_i/clk_wiz_0/inst/clkin1_ibufg/O
                         net (fo=1, routed)           0.440     0.690    risc32_i/clk_wiz_0/inst/clk_in1_risc32_clk_wiz_0_0
    PLLE2_ADV_X1Y2       PLLE2_ADV (Prop_plle2_adv_CLKIN1_CLKOUT0)
                                                     -2.342    -1.652 r  risc32_i/clk_wiz_0/inst/plle2_adv_inst/CLKOUT0
                         net (fo=1, routed)           0.514    -1.138    risc32_i/clk_wiz_0/inst/clk_out1_risc32_clk_wiz_0_0
    BUFGCTRL_X0Y16       BUFG (Prop_bufg_I_O)         0.026    -1.112 r  risc32_i/clk_wiz_0/inst/clkout1_buf/O
                         net (fo=38, routed)          0.602    -0.510    risc32_i/segment_0/inst/clk
    SLICE_X0Y89          FDPE                                         r  risc32_i/segment_0/inst/AN_reg[4]/C
  -------------------------------------------------------------------    -------------------
    SLICE_X0Y89          FDPE (Prop_fdpe_C_Q)         0.141    -0.369 r  risc32_i/segment_0/inst/AN_reg[4]/Q
                         net (fo=1, routed)           0.372     0.003    SSEG_AN_OBUF[4]
    P14                  OBUF (Prop_obuf_I_O)         1.251     1.253 r  SSEG_AN_OBUF[4]_inst/O
                         net (fo=0)                   0.000     1.253    SSEG_AN[4]
    P14                                                               r  SSEG_AN[4] (OUT)
  -------------------------------------------------------------------    -------------------

Slack:                    inf
  Source:                 risc32_i/segment_0/inst/seg_data_o_reg[2]/C
                            (rising edge-triggered cell FDPE clocked by clk_out1_risc32_clk_wiz_0_0  {rise@0.000ns fall@10.000ns period=20.000ns})
  Destination:            SSEG_CA[2]
                            (output port)
  Path Group:             (none)
  Path Type:              Min at Fast Process Corner
  Data Path Delay:        1.790ns  (logic 1.335ns (74.581%)  route 0.455ns (25.419%))
  Logic Levels:           1  (OBUF=1)
  Clock Uncertainty:      0.260ns  ((TSJ^2 + DJ^2)^1/2) / 2 + PE
    Total System Jitter     (TSJ):    0.050ns
    Discrete Jitter          (DJ):    0.203ns
    Phase Error              (PE):    0.156ns

    Location             Delay type                Incr(ns)  Path(ns)    Netlist Resource(s)
  -------------------------------------------------------------------    -------------------
                         (clock clk_out1_risc32_clk_wiz_0_0 rise edge)
                                                      0.000     0.000 r  
    E3                                                0.000     0.000 r  clk_in1_0 (IN)
                         net (fo=0)                   0.000     0.000    risc32_i/clk_wiz_0/inst/clk_in1
    E3                   IBUF (Prop_ibuf_I_O)         0.250     0.250 r  risc32_i/clk_wiz_0/inst/clkin1_ibufg/O
                         net (fo=1, routed)           0.440     0.690    risc32_i/clk_wiz_0/inst/clk_in1_risc32_clk_wiz_0_0
    PLLE2_ADV_X1Y2       PLLE2_ADV (Prop_plle2_adv_CLKIN1_CLKOUT0)
                                                     -2.342    -1.652 r  risc32_i/clk_wiz_0/inst/plle2_adv_inst/CLKOUT0
                         net (fo=1, routed)           0.514    -1.138    risc32_i/clk_wiz_0/inst/clk_out1_risc32_clk_wiz_0_0
    BUFGCTRL_X0Y16       BUFG (Prop_bufg_I_O)         0.026    -1.112 r  risc32_i/clk_wiz_0/inst/clkout1_buf/O
                         net (fo=38, routed)          0.603    -0.509    risc32_i/segment_0/inst/clk
    SLICE_X1Y92          FDPE                                         r  risc32_i/segment_0/inst/seg_data_o_reg[2]/C
  -------------------------------------------------------------------    -------------------
    SLICE_X1Y92          FDPE (Prop_fdpe_C_Q)         0.141    -0.368 r  risc32_i/segment_0/inst/seg_data_o_reg[2]/Q
                         net (fo=1, routed)           0.455     0.087    SSEG_CA_OBUF[2]
    K16                  OBUF (Prop_obuf_I_O)         1.194     1.281 r  SSEG_CA_OBUF[2]_inst/O
                         net (fo=0)                   0.000     1.281    SSEG_CA[2]
    K16                                                               r  SSEG_CA[2] (OUT)
  -------------------------------------------------------------------    -------------------

Slack:                    inf
  Source:                 risc32_i/segment_0/inst/AN_reg[0]/C
                            (rising edge-triggered cell FDPE clocked by clk_out1_risc32_clk_wiz_0_0  {rise@0.000ns fall@10.000ns period=20.000ns})
  Destination:            SSEG_AN[0]
                            (output port)
  Path Group:             (none)
  Path Type:              Min at Fast Process Corner
  Data Path Delay:        1.816ns  (logic 1.377ns (75.858%)  route 0.438ns (24.142%))
  Logic Levels:           1  (OBUF=1)
  Clock Uncertainty:      0.260ns  ((TSJ^2 + DJ^2)^1/2) / 2 + PE
    Total System Jitter     (TSJ):    0.050ns
    Discrete Jitter          (DJ):    0.203ns
    Phase Error              (PE):    0.156ns

    Location             Delay type                Incr(ns)  Path(ns)    Netlist Resource(s)
  -------------------------------------------------------------------    -------------------
                         (clock clk_out1_risc32_clk_wiz_0_0 rise edge)
                                                      0.000     0.000 r  
    E3                                                0.000     0.000 r  clk_in1_0 (IN)
                         net (fo=0)                   0.000     0.000    risc32_i/clk_wiz_0/inst/clk_in1
    E3                   IBUF (Prop_ibuf_I_O)         0.250     0.250 r  risc32_i/clk_wiz_0/inst/clkin1_ibufg/O
                         net (fo=1, routed)           0.440     0.690    risc32_i/clk_wiz_0/inst/clk_in1_risc32_clk_wiz_0_0
    PLLE2_ADV_X1Y2       PLLE2_ADV (Prop_plle2_adv_CLKIN1_CLKOUT0)
                                                     -2.342    -1.652 r  risc32_i/clk_wiz_0/inst/plle2_adv_inst/CLKOUT0
                         net (fo=1, routed)           0.514    -1.138    risc32_i/clk_wiz_0/inst/clk_out1_risc32_clk_wiz_0_0
    BUFGCTRL_X0Y16       BUFG (Prop_bufg_I_O)         0.026    -1.112 r  risc32_i/clk_wiz_0/inst/clkout1_buf/O
                         net (fo=38, routed)          0.604    -0.508    risc32_i/segment_0/inst/clk
    SLICE_X1Y94          FDPE                                         r  risc32_i/segment_0/inst/AN_reg[0]/C
  -------------------------------------------------------------------    -------------------
    SLICE_X1Y94          FDPE (Prop_fdpe_C_Q)         0.141    -0.367 r  risc32_i/segment_0/inst/AN_reg[0]/Q
                         net (fo=1, routed)           0.438     0.071    SSEG_AN_OBUF[0]
    J17                  OBUF (Prop_obuf_I_O)         1.236     1.307 r  SSEG_AN_OBUF[0]_inst/O
                         net (fo=0)                   0.000     1.307    SSEG_AN[0]
    J17                                                               r  SSEG_AN[0] (OUT)
  -------------------------------------------------------------------    -------------------

Slack:                    inf
  Source:                 risc32_i/segment_0/inst/AN_reg[1]/C
                            (rising edge-triggered cell FDPE clocked by clk_out1_risc32_clk_wiz_0_0  {rise@0.000ns fall@10.000ns period=20.000ns})
  Destination:            SSEG_AN[1]
                            (output port)
  Path Group:             (none)
  Path Type:              Min at Fast Process Corner
  Data Path Delay:        1.862ns  (logic 1.418ns (76.185%)  route 0.443ns (23.815%))
  Logic Levels:           1  (OBUF=1)
  Clock Uncertainty:      0.260ns  ((TSJ^2 + DJ^2)^1/2) / 2 + PE
    Total System Jitter     (TSJ):    0.050ns
    Discrete Jitter          (DJ):    0.203ns
    Phase Error              (PE):    0.156ns

    Location             Delay type                Incr(ns)  Path(ns)    Netlist Resource(s)
  -------------------------------------------------------------------    -------------------
                         (clock clk_out1_risc32_clk_wiz_0_0 rise edge)
                                                      0.000     0.000 r  
    E3                                                0.000     0.000 r  clk_in1_0 (IN)
                         net (fo=0)                   0.000     0.000    risc32_i/clk_wiz_0/inst/clk_in1
    E3                   IBUF (Prop_ibuf_I_O)         0.250     0.250 r  risc32_i/clk_wiz_0/inst/clkin1_ibufg/O
                         net (fo=1, routed)           0.440     0.690    risc32_i/clk_wiz_0/inst/clk_in1_risc32_clk_wiz_0_0
    PLLE2_ADV_X1Y2       PLLE2_ADV (Prop_plle2_adv_CLKIN1_CLKOUT0)
                                                     -2.342    -1.652 r  risc32_i/clk_wiz_0/inst/plle2_adv_inst/CLKOUT0
                         net (fo=1, routed)           0.514    -1.138    risc32_i/clk_wiz_0/inst/clk_out1_risc32_clk_wiz_0_0
    BUFGCTRL_X0Y16       BUFG (Prop_bufg_I_O)         0.026    -1.112 r  risc32_i/clk_wiz_0/inst/clkout1_buf/O
                         net (fo=38, routed)          0.604    -0.508    risc32_i/segment_0/inst/clk
    SLICE_X1Y94          FDPE                                         r  risc32_i/segment_0/inst/AN_reg[1]/C
  -------------------------------------------------------------------    -------------------
    SLICE_X1Y94          FDPE (Prop_fdpe_C_Q)         0.128    -0.380 r  risc32_i/segment_0/inst/AN_reg[1]/Q
                         net (fo=1, routed)           0.443     0.063    SSEG_AN_OBUF[1]
    J18                  OBUF (Prop_obuf_I_O)         1.290     1.354 r  SSEG_AN_OBUF[1]_inst/O
                         net (fo=0)                   0.000     1.354    SSEG_AN[1]
    J18                                                               r  SSEG_AN[1] (OUT)
  -------------------------------------------------------------------    -------------------

Slack:                    inf
  Source:                 risc32_i/segment_0/inst/seg_data_o_reg[4]/C
                            (rising edge-triggered cell FDPE clocked by clk_out1_risc32_clk_wiz_0_0  {rise@0.000ns fall@10.000ns period=20.000ns})
  Destination:            SSEG_CA[4]
                            (output port)
  Path Group:             (none)
  Path Type:              Min at Fast Process Corner
  Data Path Delay:        1.936ns  (logic 1.375ns (71.058%)  route 0.560ns (28.942%))
  Logic Levels:           1  (OBUF=1)
  Clock Uncertainty:      0.260ns  ((TSJ^2 + DJ^2)^1/2) / 2 + PE
    Total System Jitter     (TSJ):    0.050ns
    Discrete Jitter          (DJ):    0.203ns
    Phase Error              (PE):    0.156ns

    Location             Delay type                Incr(ns)  Path(ns)    Netlist Resource(s)
  -------------------------------------------------------------------    -------------------
                         (clock clk_out1_risc32_clk_wiz_0_0 rise edge)
                                                      0.000     0.000 r  
    E3                                                0.000     0.000 r  clk_in1_0 (IN)
                         net (fo=0)                   0.000     0.000    risc32_i/clk_wiz_0/inst/clk_in1
    E3                   IBUF (Prop_ibuf_I_O)         0.250     0.250 r  risc32_i/clk_wiz_0/inst/clkin1_ibufg/O
                         net (fo=1, routed)           0.440     0.690    risc32_i/clk_wiz_0/inst/clk_in1_risc32_clk_wiz_0_0
    PLLE2_ADV_X1Y2       PLLE2_ADV (Prop_plle2_adv_CLKIN1_CLKOUT0)
                                                     -2.342    -1.652 r  risc32_i/clk_wiz_0/inst/plle2_adv_inst/CLKOUT0
                         net (fo=1, routed)           0.514    -1.138    risc32_i/clk_wiz_0/inst/clk_out1_risc32_clk_wiz_0_0
    BUFGCTRL_X0Y16       BUFG (Prop_bufg_I_O)         0.026    -1.112 r  risc32_i/clk_wiz_0/inst/clkout1_buf/O
                         net (fo=38, routed)          0.603    -0.509    risc32_i/segment_0/inst/clk
    SLICE_X0Y90          FDPE                                         r  risc32_i/segment_0/inst/seg_data_o_reg[4]/C
  -------------------------------------------------------------------    -------------------
    SLICE_X0Y90          FDPE (Prop_fdpe_C_Q)         0.141    -0.368 r  risc32_i/segment_0/inst/seg_data_o_reg[4]/Q
                         net (fo=1, routed)           0.560     0.192    SSEG_CA_OBUF[4]
    P15                  OBUF (Prop_obuf_I_O)         1.234     1.426 r  SSEG_CA_OBUF[4]_inst/O
                         net (fo=0)                   0.000     1.426    SSEG_CA[4]
    P15                                                               r  SSEG_CA[4] (OUT)
  -------------------------------------------------------------------    -------------------

Slack:                    inf
  Source:                 risc32_i/segment_0/inst/AN_reg[3]/C
                            (rising edge-triggered cell FDPE clocked by clk_out1_risc32_clk_wiz_0_0  {rise@0.000ns fall@10.000ns period=20.000ns})
  Destination:            SSEG_AN[3]
                            (output port)
  Path Group:             (none)
  Path Type:              Min at Fast Process Corner
  Data Path Delay:        2.039ns  (logic 1.435ns (70.351%)  route 0.605ns (29.649%))
  Logic Levels:           1  (OBUF=1)
  Clock Uncertainty:      0.260ns  ((TSJ^2 + DJ^2)^1/2) / 2 + PE
    Total System Jitter     (TSJ):    0.050ns
    Discrete Jitter          (DJ):    0.203ns
    Phase Error              (PE):    0.156ns

    Location             Delay type                Incr(ns)  Path(ns)    Netlist Resource(s)
  -------------------------------------------------------------------    -------------------
                         (clock clk_out1_risc32_clk_wiz_0_0 rise edge)
                                                      0.000     0.000 r  
    E3                                                0.000     0.000 r  clk_in1_0 (IN)
                         net (fo=0)                   0.000     0.000    risc32_i/clk_wiz_0/inst/clk_in1
    E3                   IBUF (Prop_ibuf_I_O)         0.250     0.250 r  risc32_i/clk_wiz_0/inst/clkin1_ibufg/O
                         net (fo=1, routed)           0.440     0.690    risc32_i/clk_wiz_0/inst/clk_in1_risc32_clk_wiz_0_0
    PLLE2_ADV_X1Y2       PLLE2_ADV (Prop_plle2_adv_CLKIN1_CLKOUT0)
                                                     -2.342    -1.652 r  risc32_i/clk_wiz_0/inst/plle2_adv_inst/CLKOUT0
                         net (fo=1, routed)           0.514    -1.138    risc32_i/clk_wiz_0/inst/clk_out1_risc32_clk_wiz_0_0
    BUFGCTRL_X0Y16       BUFG (Prop_bufg_I_O)         0.026    -1.112 r  risc32_i/clk_wiz_0/inst/clkout1_buf/O
                         net (fo=38, routed)          0.604    -0.508    risc32_i/segment_0/inst/clk
    SLICE_X3Y93          FDPE                                         r  risc32_i/segment_0/inst/AN_reg[3]/C
  -------------------------------------------------------------------    -------------------
    SLICE_X3Y93          FDPE (Prop_fdpe_C_Q)         0.128    -0.380 r  risc32_i/segment_0/inst/AN_reg[3]/Q
                         net (fo=1, routed)           0.605     0.224    SSEG_AN_OBUF[3]
    J14                  OBUF (Prop_obuf_I_O)         1.307     1.531 r  SSEG_AN_OBUF[3]_inst/O
                         net (fo=0)                   0.000     1.531    SSEG_AN[3]
    J14                                                               r  SSEG_AN[3] (OUT)
  -------------------------------------------------------------------    -------------------

Slack:                    inf
  Source:                 risc32_i/segment_0/inst/AN_reg[5]/C
                            (rising edge-triggered cell FDPE clocked by clk_out1_risc32_clk_wiz_0_0  {rise@0.000ns fall@10.000ns period=20.000ns})
  Destination:            SSEG_AN[5]
                            (output port)
  Path Group:             (none)
  Path Type:              Min at Fast Process Corner
  Data Path Delay:        2.067ns  (logic 1.434ns (69.400%)  route 0.632ns (30.600%))
  Logic Levels:           1  (OBUF=1)
  Clock Uncertainty:      0.260ns  ((TSJ^2 + DJ^2)^1/2) / 2 + PE
    Total System Jitter     (TSJ):    0.050ns
    Discrete Jitter          (DJ):    0.203ns
    Phase Error              (PE):    0.156ns

    Location             Delay type                Incr(ns)  Path(ns)    Netlist Resource(s)
  -------------------------------------------------------------------    -------------------
                         (clock clk_out1_risc32_clk_wiz_0_0 rise edge)
                                                      0.000     0.000 r  
    E3                                                0.000     0.000 r  clk_in1_0 (IN)
                         net (fo=0)                   0.000     0.000    risc32_i/clk_wiz_0/inst/clk_in1
    E3                   IBUF (Prop_ibuf_I_O)         0.250     0.250 r  risc32_i/clk_wiz_0/inst/clkin1_ibufg/O
                         net (fo=1, routed)           0.440     0.690    risc32_i/clk_wiz_0/inst/clk_in1_risc32_clk_wiz_0_0
    PLLE2_ADV_X1Y2       PLLE2_ADV (Prop_plle2_adv_CLKIN1_CLKOUT0)
                                                     -2.342    -1.652 r  risc32_i/clk_wiz_0/inst/plle2_adv_inst/CLKOUT0
                         net (fo=1, routed)           0.514    -1.138    risc32_i/clk_wiz_0/inst/clk_out1_risc32_clk_wiz_0_0
    BUFGCTRL_X0Y16       BUFG (Prop_bufg_I_O)         0.026    -1.112 r  risc32_i/clk_wiz_0/inst/clkout1_buf/O
                         net (fo=38, routed)          0.602    -0.510    risc32_i/segment_0/inst/clk
    SLICE_X0Y89          FDPE                                         r  risc32_i/segment_0/inst/AN_reg[5]/C
  -------------------------------------------------------------------    -------------------
    SLICE_X0Y89          FDPE (Prop_fdpe_C_Q)         0.128    -0.382 r  risc32_i/segment_0/inst/AN_reg[5]/Q
                         net (fo=1, routed)           0.632     0.250    SSEG_AN_OBUF[5]
    T14                  OBUF (Prop_obuf_I_O)         1.306     1.556 r  SSEG_AN_OBUF[5]_inst/O
                         net (fo=0)                   0.000     1.556    SSEG_AN[5]
    T14                                                               r  SSEG_AN[5] (OUT)
  -------------------------------------------------------------------    -------------------

Slack:                    inf
  Source:                 risc32_i/segment_0/inst/seg_data_o_reg[3]/C
                            (rising edge-triggered cell FDPE clocked by clk_out1_risc32_clk_wiz_0_0  {rise@0.000ns fall@10.000ns period=20.000ns})
  Destination:            SSEG_CA[3]
                            (output port)
  Path Group:             (none)
  Path Type:              Min at Fast Process Corner
  Data Path Delay:        2.099ns  (logic 1.432ns (68.229%)  route 0.667ns (31.771%))
  Logic Levels:           1  (OBUF=1)
  Clock Uncertainty:      0.260ns  ((TSJ^2 + DJ^2)^1/2) / 2 + PE
    Total System Jitter     (TSJ):    0.050ns
    Discrete Jitter          (DJ):    0.203ns
    Phase Error              (PE):    0.156ns

    Location             Delay type                Incr(ns)  Path(ns)    Netlist Resource(s)
  -------------------------------------------------------------------    -------------------
                         (clock clk_out1_risc32_clk_wiz_0_0 rise edge)
                                                      0.000     0.000 r  
    E3                                                0.000     0.000 r  clk_in1_0 (IN)
                         net (fo=0)                   0.000     0.000    risc32_i/clk_wiz_0/inst/clk_in1
    E3                   IBUF (Prop_ibuf_I_O)         0.250     0.250 r  risc32_i/clk_wiz_0/inst/clkin1_ibufg/O
                         net (fo=1, routed)           0.440     0.690    risc32_i/clk_wiz_0/inst/clk_in1_risc32_clk_wiz_0_0
    PLLE2_ADV_X1Y2       PLLE2_ADV (Prop_plle2_adv_CLKIN1_CLKOUT0)
                                                     -2.342    -1.652 r  risc32_i/clk_wiz_0/inst/plle2_adv_inst/CLKOUT0
                         net (fo=1, routed)           0.514    -1.138    risc32_i/clk_wiz_0/inst/clk_out1_risc32_clk_wiz_0_0
    BUFGCTRL_X0Y16       BUFG (Prop_bufg_I_O)         0.026    -1.112 r  risc32_i/clk_wiz_0/inst/clkout1_buf/O
                         net (fo=38, routed)          0.603    -0.509    risc32_i/segment_0/inst/clk
    SLICE_X1Y92          FDPE                                         r  risc32_i/segment_0/inst/seg_data_o_reg[3]/C
  -------------------------------------------------------------------    -------------------
    SLICE_X1Y92          FDPE (Prop_fdpe_C_Q)         0.128    -0.381 r  risc32_i/segment_0/inst/seg_data_o_reg[3]/Q
                         net (fo=1, routed)           0.667     0.286    SSEG_CA_OBUF[3]
    K13                  OBUF (Prop_obuf_I_O)         1.304     1.589 r  SSEG_CA_OBUF[3]_inst/O
                         net (fo=0)                   0.000     1.589    SSEG_CA[3]
    K13                                                               r  SSEG_CA[3] (OUT)
  -------------------------------------------------------------------    -------------------

Slack:                    inf
  Source:                 risc32_i/segment_0/inst/seg_data_o_reg[5]/C
                            (rising edge-triggered cell FDPE clocked by clk_out1_risc32_clk_wiz_0_0  {rise@0.000ns fall@10.000ns period=20.000ns})
  Destination:            SSEG_CA[5]
                            (output port)
  Path Group:             (none)
  Path Type:              Min at Fast Process Corner
  Data Path Delay:        2.225ns  (logic 1.442ns (64.813%)  route 0.783ns (35.187%))
  Logic Levels:           1  (OBUF=1)
  Clock Uncertainty:      0.260ns  ((TSJ^2 + DJ^2)^1/2) / 2 + PE
    Total System Jitter     (TSJ):    0.050ns
    Discrete Jitter          (DJ):    0.203ns
    Phase Error              (PE):    0.156ns

    Location             Delay type                Incr(ns)  Path(ns)    Netlist Resource(s)
  -------------------------------------------------------------------    -------------------
                         (clock clk_out1_risc32_clk_wiz_0_0 rise edge)
                                                      0.000     0.000 r  
    E3                                                0.000     0.000 r  clk_in1_0 (IN)
                         net (fo=0)                   0.000     0.000    risc32_i/clk_wiz_0/inst/clk_in1
    E3                   IBUF (Prop_ibuf_I_O)         0.250     0.250 r  risc32_i/clk_wiz_0/inst/clkin1_ibufg/O
                         net (fo=1, routed)           0.440     0.690    risc32_i/clk_wiz_0/inst/clk_in1_risc32_clk_wiz_0_0
    PLLE2_ADV_X1Y2       PLLE2_ADV (Prop_plle2_adv_CLKIN1_CLKOUT0)
                                                     -2.342    -1.652 r  risc32_i/clk_wiz_0/inst/plle2_adv_inst/CLKOUT0
                         net (fo=1, routed)           0.514    -1.138    risc32_i/clk_wiz_0/inst/clk_out1_risc32_clk_wiz_0_0
    BUFGCTRL_X0Y16       BUFG (Prop_bufg_I_O)         0.026    -1.112 r  risc32_i/clk_wiz_0/inst/clkout1_buf/O
                         net (fo=38, routed)          0.603    -0.509    risc32_i/segment_0/inst/clk
    SLICE_X0Y90          FDPE                                         r  risc32_i/segment_0/inst/seg_data_o_reg[5]/C
  -------------------------------------------------------------------    -------------------
    SLICE_X0Y90          FDPE (Prop_fdpe_C_Q)         0.128    -0.381 r  risc32_i/segment_0/inst/seg_data_o_reg[5]/Q
                         net (fo=1, routed)           0.783     0.402    SSEG_CA_OBUF[5]
    T11                  OBUF (Prop_obuf_I_O)         1.314     1.716 r  SSEG_CA_OBUF[5]_inst/O
                         net (fo=0)                   0.000     1.716    SSEG_CA[5]
    T11                                                               r  SSEG_CA[5] (OUT)
  -------------------------------------------------------------------    -------------------





--------------------------------------------------------------------------------------
Path Group:  (none)
From Clock:  clk_out1_risc32_clk_wiz_0_0_1
  To Clock:  

Max Delay            15 Endpoints
Min Delay            15 Endpoints
--------------------------------------------------------------------------------------


Max Delay Paths
--------------------------------------------------------------------------------------
Slack:                    inf
  Source:                 risc32_i/segment_0/inst/AN_reg[6]/C
                            (rising edge-triggered cell FDPE clocked by clk_out1_risc32_clk_wiz_0_0_1  {rise@0.000ns fall@10.000ns period=20.000ns})
  Destination:            SSEG_AN[6]
                            (output port)
  Path Group:             (none)
  Path Type:              Max at Slow Process Corner
  Data Path Delay:        8.666ns  (logic 3.974ns (45.851%)  route 4.693ns (54.149%))
  Logic Levels:           1  (OBUF=1)
  Clock Uncertainty:      0.255ns  ((TSJ^2 + DJ^2)^1/2) / 2 + PE
    Total System Jitter     (TSJ):    0.050ns
    Discrete Jitter          (DJ):    0.193ns
    Phase Error              (PE):    0.156ns

    Location             Delay type                Incr(ns)  Path(ns)    Netlist Resource(s)
  -------------------------------------------------------------------    -------------------
                         (clock clk_out1_risc32_clk_wiz_0_0_1 rise edge)
                                                      0.000     0.000 r  
    E3                                                0.000     0.000 r  clk_in1_0 (IN)
                         net (fo=0)                   0.000     0.000    risc32_i/clk_wiz_0/inst/clk_in1
    E3                   IBUF (Prop_ibuf_I_O)         1.482     1.482 r  risc32_i/clk_wiz_0/inst/clkin1_ibufg/O
                         net (fo=1, routed)           1.253     2.735    risc32_i/clk_wiz_0/inst/clk_in1_risc32_clk_wiz_0_0
    PLLE2_ADV_X1Y2       PLLE2_ADV (Prop_plle2_adv_CLKIN1_CLKOUT0)
                                                     -8.591    -5.856 r  risc32_i/clk_wiz_0/inst/plle2_adv_inst/CLKOUT0
                         net (fo=1, routed)           1.713    -4.143    risc32_i/clk_wiz_0/inst/clk_out1_risc32_clk_wiz_0_0
    BUFGCTRL_X0Y16       BUFG (Prop_bufg_I_O)         0.096    -4.047 r  risc32_i/clk_wiz_0/inst/clkout1_buf/O
                         net (fo=38, routed)          1.723    -2.324    risc32_i/segment_0/inst/clk
    SLICE_X0Y90          FDPE                                         r  risc32_i/segment_0/inst/AN_reg[6]/C
  -------------------------------------------------------------------    -------------------
    SLICE_X0Y90          FDPE (Prop_fdpe_C_Q)         0.456    -1.868 r  risc32_i/segment_0/inst/AN_reg[6]/Q
                         net (fo=1, routed)           4.693     2.825    SSEG_AN_OBUF[6]
    K2                   OBUF (Prop_obuf_I_O)         3.518     6.343 r  SSEG_AN_OBUF[6]_inst/O
                         net (fo=0)                   0.000     6.343    SSEG_AN[6]
    K2                                                                r  SSEG_AN[6] (OUT)
  -------------------------------------------------------------------    -------------------

Slack:                    inf
  Source:                 risc32_i/segment_0/inst/AN_reg[2]/C
                            (rising edge-triggered cell FDPE clocked by clk_out1_risc32_clk_wiz_0_0_1  {rise@0.000ns fall@10.000ns period=20.000ns})
  Destination:            SSEG_AN[2]
                            (output port)
  Path Group:             (none)
  Path Type:              Max at Slow Process Corner
  Data Path Delay:        7.138ns  (logic 4.030ns (56.464%)  route 3.108ns (43.536%))
  Logic Levels:           1  (OBUF=1)
  Clock Uncertainty:      0.255ns  ((TSJ^2 + DJ^2)^1/2) / 2 + PE
    Total System Jitter     (TSJ):    0.050ns
    Discrete Jitter          (DJ):    0.193ns
    Phase Error              (PE):    0.156ns

    Location             Delay type                Incr(ns)  Path(ns)    Netlist Resource(s)
  -------------------------------------------------------------------    -------------------
                         (clock clk_out1_risc32_clk_wiz_0_0_1 rise edge)
                                                      0.000     0.000 r  
    E3                                                0.000     0.000 r  clk_in1_0 (IN)
                         net (fo=0)                   0.000     0.000    risc32_i/clk_wiz_0/inst/clk_in1
    E3                   IBUF (Prop_ibuf_I_O)         1.482     1.482 r  risc32_i/clk_wiz_0/inst/clkin1_ibufg/O
                         net (fo=1, routed)           1.253     2.735    risc32_i/clk_wiz_0/inst/clk_in1_risc32_clk_wiz_0_0
    PLLE2_ADV_X1Y2       PLLE2_ADV (Prop_plle2_adv_CLKIN1_CLKOUT0)
                                                     -8.591    -5.856 r  risc32_i/clk_wiz_0/inst/plle2_adv_inst/CLKOUT0
                         net (fo=1, routed)           1.713    -4.143    risc32_i/clk_wiz_0/inst/clk_out1_risc32_clk_wiz_0_0
    BUFGCTRL_X0Y16       BUFG (Prop_bufg_I_O)         0.096    -4.047 r  risc32_i/clk_wiz_0/inst/clkout1_buf/O
                         net (fo=38, routed)          1.725    -2.322    risc32_i/segment_0/inst/clk
    SLICE_X3Y93          FDPE                                         r  risc32_i/segment_0/inst/AN_reg[2]/C
  -------------------------------------------------------------------    -------------------
    SLICE_X3Y93          FDPE (Prop_fdpe_C_Q)         0.456    -1.866 r  risc32_i/segment_0/inst/AN_reg[2]/Q
                         net (fo=1, routed)           3.108     1.242    SSEG_AN_OBUF[2]
    T9                   OBUF (Prop_obuf_I_O)         3.574     4.816 r  SSEG_AN_OBUF[2]_inst/O
                         net (fo=0)                   0.000     4.816    SSEG_AN[2]
    T9                                                                r  SSEG_AN[2] (OUT)
  -------------------------------------------------------------------    -------------------

Slack:                    inf
  Source:                 risc32_i/segment_0/inst/seg_data_o_reg[1]/C
                            (rising edge-triggered cell FDPE clocked by clk_out1_risc32_clk_wiz_0_0_1  {rise@0.000ns fall@10.000ns period=20.000ns})
  Destination:            SSEG_CA[1]
                            (output port)
  Path Group:             (none)
  Path Type:              Max at Slow Process Corner
  Data Path Delay:        7.131ns  (logic 4.146ns (58.143%)  route 2.985ns (41.857%))
  Logic Levels:           1  (OBUF=1)
  Clock Uncertainty:      0.255ns  ((TSJ^2 + DJ^2)^1/2) / 2 + PE
    Total System Jitter     (TSJ):    0.050ns
    Discrete Jitter          (DJ):    0.193ns
    Phase Error              (PE):    0.156ns

    Location             Delay type                Incr(ns)  Path(ns)    Netlist Resource(s)
  -------------------------------------------------------------------    -------------------
                         (clock clk_out1_risc32_clk_wiz_0_0_1 rise edge)
                                                      0.000     0.000 r  
    E3                                                0.000     0.000 r  clk_in1_0 (IN)
                         net (fo=0)                   0.000     0.000    risc32_i/clk_wiz_0/inst/clk_in1
    E3                   IBUF (Prop_ibuf_I_O)         1.482     1.482 r  risc32_i/clk_wiz_0/inst/clkin1_ibufg/O
                         net (fo=1, routed)           1.253     2.735    risc32_i/clk_wiz_0/inst/clk_in1_risc32_clk_wiz_0_0
    PLLE2_ADV_X1Y2       PLLE2_ADV (Prop_plle2_adv_CLKIN1_CLKOUT0)
                                                     -8.591    -5.856 r  risc32_i/clk_wiz_0/inst/plle2_adv_inst/CLKOUT0
                         net (fo=1, routed)           1.713    -4.143    risc32_i/clk_wiz_0/inst/clk_out1_risc32_clk_wiz_0_0
    BUFGCTRL_X0Y16       BUFG (Prop_bufg_I_O)         0.096    -4.047 r  risc32_i/clk_wiz_0/inst/clkout1_buf/O
                         net (fo=38, routed)          1.723    -2.324    risc32_i/segment_0/inst/clk
    SLICE_X0Y90          FDPE                                         r  risc32_i/segment_0/inst/seg_data_o_reg[1]/C
  -------------------------------------------------------------------    -------------------
    SLICE_X0Y90          FDPE (Prop_fdpe_C_Q)         0.419    -1.905 r  risc32_i/segment_0/inst/seg_data_o_reg[1]/Q
                         net (fo=1, routed)           2.985     1.080    SSEG_CA_OBUF[1]
    R10                  OBUF (Prop_obuf_I_O)         3.727     4.808 r  SSEG_CA_OBUF[1]_inst/O
                         net (fo=0)                   0.000     4.808    SSEG_CA[1]
    R10                                                               r  SSEG_CA[1] (OUT)
  -------------------------------------------------------------------    -------------------

Slack:                    inf
  Source:                 risc32_i/segment_0/inst/AN_reg[7]/C
                            (rising edge-triggered cell FDPE clocked by clk_out1_risc32_clk_wiz_0_0_1  {rise@0.000ns fall@10.000ns period=20.000ns})
  Destination:            SSEG_AN[7]
                            (output port)
  Path Group:             (none)
  Path Type:              Max at Slow Process Corner
  Data Path Delay:        7.077ns  (logic 4.147ns (58.601%)  route 2.930ns (41.399%))
  Logic Levels:           1  (OBUF=1)
  Clock Uncertainty:      0.255ns  ((TSJ^2 + DJ^2)^1/2) / 2 + PE
    Total System Jitter     (TSJ):    0.050ns
    Discrete Jitter          (DJ):    0.193ns
    Phase Error              (PE):    0.156ns

    Location             Delay type                Incr(ns)  Path(ns)    Netlist Resource(s)
  -------------------------------------------------------------------    -------------------
                         (clock clk_out1_risc32_clk_wiz_0_0_1 rise edge)
                                                      0.000     0.000 r  
    E3                                                0.000     0.000 r  clk_in1_0 (IN)
                         net (fo=0)                   0.000     0.000    risc32_i/clk_wiz_0/inst/clk_in1
    E3                   IBUF (Prop_ibuf_I_O)         1.482     1.482 r  risc32_i/clk_wiz_0/inst/clkin1_ibufg/O
                         net (fo=1, routed)           1.253     2.735    risc32_i/clk_wiz_0/inst/clk_in1_risc32_clk_wiz_0_0
    PLLE2_ADV_X1Y2       PLLE2_ADV (Prop_plle2_adv_CLKIN1_CLKOUT0)
                                                     -8.591    -5.856 r  risc32_i/clk_wiz_0/inst/plle2_adv_inst/CLKOUT0
                         net (fo=1, routed)           1.713    -4.143    risc32_i/clk_wiz_0/inst/clk_out1_risc32_clk_wiz_0_0
    BUFGCTRL_X0Y16       BUFG (Prop_bufg_I_O)         0.096    -4.047 r  risc32_i/clk_wiz_0/inst/clkout1_buf/O
                         net (fo=38, routed)          1.723    -2.324    risc32_i/segment_0/inst/clk
    SLICE_X0Y90          FDPE                                         r  risc32_i/segment_0/inst/AN_reg[7]/C
  -------------------------------------------------------------------    -------------------
    SLICE_X0Y90          FDPE (Prop_fdpe_C_Q)         0.419    -1.905 r  risc32_i/segment_0/inst/AN_reg[7]/Q
                         net (fo=1, routed)           2.930     1.025    SSEG_AN_OBUF[7]
    U13                  OBUF (Prop_obuf_I_O)         3.728     4.754 r  SSEG_AN_OBUF[7]_inst/O
                         net (fo=0)                   0.000     4.754    SSEG_AN[7]
    U13                                                               r  SSEG_AN[7] (OUT)
  -------------------------------------------------------------------    -------------------

Slack:                    inf
  Source:                 risc32_i/segment_0/inst/seg_data_o_reg[0]/C
                            (rising edge-triggered cell FDPE clocked by clk_out1_risc32_clk_wiz_0_0_1  {rise@0.000ns fall@10.000ns period=20.000ns})
  Destination:            SSEG_CA[0]
                            (output port)
  Path Group:             (none)
  Path Type:              Max at Slow Process Corner
  Data Path Delay:        7.006ns  (logic 4.033ns (57.566%)  route 2.973ns (42.434%))
  Logic Levels:           1  (OBUF=1)
  Clock Uncertainty:      0.255ns  ((TSJ^2 + DJ^2)^1/2) / 2 + PE
    Total System Jitter     (TSJ):    0.050ns
    Discrete Jitter          (DJ):    0.193ns
    Phase Error              (PE):    0.156ns

    Location             Delay type                Incr(ns)  Path(ns)    Netlist Resource(s)
  -------------------------------------------------------------------    -------------------
                         (clock clk_out1_risc32_clk_wiz_0_0_1 rise edge)
                                                      0.000     0.000 r  
    E3                                                0.000     0.000 r  clk_in1_0 (IN)
                         net (fo=0)                   0.000     0.000    risc32_i/clk_wiz_0/inst/clk_in1
    E3                   IBUF (Prop_ibuf_I_O)         1.482     1.482 r  risc32_i/clk_wiz_0/inst/clkin1_ibufg/O
                         net (fo=1, routed)           1.253     2.735    risc32_i/clk_wiz_0/inst/clk_in1_risc32_clk_wiz_0_0
    PLLE2_ADV_X1Y2       PLLE2_ADV (Prop_plle2_adv_CLKIN1_CLKOUT0)
                                                     -8.591    -5.856 r  risc32_i/clk_wiz_0/inst/plle2_adv_inst/CLKOUT0
                         net (fo=1, routed)           1.713    -4.143    risc32_i/clk_wiz_0/inst/clk_out1_risc32_clk_wiz_0_0
    BUFGCTRL_X0Y16       BUFG (Prop_bufg_I_O)         0.096    -4.047 r  risc32_i/clk_wiz_0/inst/clkout1_buf/O
                         net (fo=38, routed)          1.723    -2.324    risc32_i/segment_0/inst/clk
    SLICE_X0Y90          FDPE                                         r  risc32_i/segment_0/inst/seg_data_o_reg[0]/C
  -------------------------------------------------------------------    -------------------
    SLICE_X0Y90          FDPE (Prop_fdpe_C_Q)         0.456    -1.868 r  risc32_i/segment_0/inst/seg_data_o_reg[0]/Q
                         net (fo=1, routed)           2.973     1.105    SSEG_CA_OBUF[0]
    T10                  OBUF (Prop_obuf_I_O)         3.577     4.682 r  SSEG_CA_OBUF[0]_inst/O
                         net (fo=0)                   0.000     4.682    SSEG_CA[0]
    T10                                                               r  SSEG_CA[0] (OUT)
  -------------------------------------------------------------------    -------------------

Slack:                    inf
  Source:                 risc32_i/segment_0/inst/seg_data_o_reg[5]/C
                            (rising edge-triggered cell FDPE clocked by clk_out1_risc32_clk_wiz_0_0_1  {rise@0.000ns fall@10.000ns period=20.000ns})
  Destination:            SSEG_CA[5]
                            (output port)
  Path Group:             (none)
  Path Type:              Max at Slow Process Corner
  Data Path Delay:        6.872ns  (logic 4.153ns (60.432%)  route 2.719ns (39.568%))
  Logic Levels:           1  (OBUF=1)
  Clock Uncertainty:      0.255ns  ((TSJ^2 + DJ^2)^1/2) / 2 + PE
    Total System Jitter     (TSJ):    0.050ns
    Discrete Jitter          (DJ):    0.193ns
    Phase Error              (PE):    0.156ns

    Location             Delay type                Incr(ns)  Path(ns)    Netlist Resource(s)
  -------------------------------------------------------------------    -------------------
                         (clock clk_out1_risc32_clk_wiz_0_0_1 rise edge)
                                                      0.000     0.000 r  
    E3                                                0.000     0.000 r  clk_in1_0 (IN)
                         net (fo=0)                   0.000     0.000    risc32_i/clk_wiz_0/inst/clk_in1
    E3                   IBUF (Prop_ibuf_I_O)         1.482     1.482 r  risc32_i/clk_wiz_0/inst/clkin1_ibufg/O
                         net (fo=1, routed)           1.253     2.735    risc32_i/clk_wiz_0/inst/clk_in1_risc32_clk_wiz_0_0
    PLLE2_ADV_X1Y2       PLLE2_ADV (Prop_plle2_adv_CLKIN1_CLKOUT0)
                                                     -8.591    -5.856 r  risc32_i/clk_wiz_0/inst/plle2_adv_inst/CLKOUT0
                         net (fo=1, routed)           1.713    -4.143    risc32_i/clk_wiz_0/inst/clk_out1_risc32_clk_wiz_0_0
    BUFGCTRL_X0Y16       BUFG (Prop_bufg_I_O)         0.096    -4.047 r  risc32_i/clk_wiz_0/inst/clkout1_buf/O
                         net (fo=38, routed)          1.723    -2.324    risc32_i/segment_0/inst/clk
    SLICE_X0Y90          FDPE                                         r  risc32_i/segment_0/inst/seg_data_o_reg[5]/C
  -------------------------------------------------------------------    -------------------
    SLICE_X0Y90          FDPE (Prop_fdpe_C_Q)         0.419    -1.905 r  risc32_i/segment_0/inst/seg_data_o_reg[5]/Q
                         net (fo=1, routed)           2.719     0.814    SSEG_CA_OBUF[5]
    T11                  OBUF (Prop_obuf_I_O)         3.734     4.548 r  SSEG_CA_OBUF[5]_inst/O
                         net (fo=0)                   0.000     4.548    SSEG_CA[5]
    T11                                                               r  SSEG_CA[5] (OUT)
  -------------------------------------------------------------------    -------------------

Slack:                    inf
  Source:                 risc32_i/segment_0/inst/seg_data_o_reg[3]/C
                            (rising edge-triggered cell FDPE clocked by clk_out1_risc32_clk_wiz_0_0_1  {rise@0.000ns fall@10.000ns period=20.000ns})
  Destination:            SSEG_CA[3]
                            (output port)
  Path Group:             (none)
  Path Type:              Max at Slow Process Corner
  Data Path Delay:        6.588ns  (logic 4.142ns (62.875%)  route 2.446ns (37.125%))
  Logic Levels:           1  (OBUF=1)
  Clock Uncertainty:      0.255ns  ((TSJ^2 + DJ^2)^1/2) / 2 + PE
    Total System Jitter     (TSJ):    0.050ns
    Discrete Jitter          (DJ):    0.193ns
    Phase Error              (PE):    0.156ns

    Location             Delay type                Incr(ns)  Path(ns)    Netlist Resource(s)
  -------------------------------------------------------------------    -------------------
                         (clock clk_out1_risc32_clk_wiz_0_0_1 rise edge)
                                                      0.000     0.000 r  
    E3                                                0.000     0.000 r  clk_in1_0 (IN)
                         net (fo=0)                   0.000     0.000    risc32_i/clk_wiz_0/inst/clk_in1
    E3                   IBUF (Prop_ibuf_I_O)         1.482     1.482 r  risc32_i/clk_wiz_0/inst/clkin1_ibufg/O
                         net (fo=1, routed)           1.253     2.735    risc32_i/clk_wiz_0/inst/clk_in1_risc32_clk_wiz_0_0
    PLLE2_ADV_X1Y2       PLLE2_ADV (Prop_plle2_adv_CLKIN1_CLKOUT0)
                                                     -8.591    -5.856 r  risc32_i/clk_wiz_0/inst/plle2_adv_inst/CLKOUT0
                         net (fo=1, routed)           1.713    -4.143    risc32_i/clk_wiz_0/inst/clk_out1_risc32_clk_wiz_0_0
    BUFGCTRL_X0Y16       BUFG (Prop_bufg_I_O)         0.096    -4.047 r  risc32_i/clk_wiz_0/inst/clkout1_buf/O
                         net (fo=38, routed)          1.724    -2.323    risc32_i/segment_0/inst/clk
    SLICE_X1Y92          FDPE                                         r  risc32_i/segment_0/inst/seg_data_o_reg[3]/C
  -------------------------------------------------------------------    -------------------
    SLICE_X1Y92          FDPE (Prop_fdpe_C_Q)         0.419    -1.904 r  risc32_i/segment_0/inst/seg_data_o_reg[3]/Q
                         net (fo=1, routed)           2.446     0.542    SSEG_CA_OBUF[3]
    K13                  OBUF (Prop_obuf_I_O)         3.723     4.265 r  SSEG_CA_OBUF[3]_inst/O
                         net (fo=0)                   0.000     4.265    SSEG_CA[3]
    K13                                                               r  SSEG_CA[3] (OUT)
  -------------------------------------------------------------------    -------------------

Slack:                    inf
  Source:                 risc32_i/segment_0/inst/AN_reg[5]/C
                            (rising edge-triggered cell FDPE clocked by clk_out1_risc32_clk_wiz_0_0_1  {rise@0.000ns fall@10.000ns period=20.000ns})
  Destination:            SSEG_AN[5]
                            (output port)
  Path Group:             (none)
  Path Type:              Max at Slow Process Corner
  Data Path Delay:        6.464ns  (logic 4.146ns (64.134%)  route 2.318ns (35.866%))
  Logic Levels:           1  (OBUF=1)
  Clock Uncertainty:      0.255ns  ((TSJ^2 + DJ^2)^1/2) / 2 + PE
    Total System Jitter     (TSJ):    0.050ns
    Discrete Jitter          (DJ):    0.193ns
    Phase Error              (PE):    0.156ns

    Location             Delay type                Incr(ns)  Path(ns)    Netlist Resource(s)
  -------------------------------------------------------------------    -------------------
                         (clock clk_out1_risc32_clk_wiz_0_0_1 rise edge)
                                                      0.000     0.000 r  
    E3                                                0.000     0.000 r  clk_in1_0 (IN)
                         net (fo=0)                   0.000     0.000    risc32_i/clk_wiz_0/inst/clk_in1
    E3                   IBUF (Prop_ibuf_I_O)         1.482     1.482 r  risc32_i/clk_wiz_0/inst/clkin1_ibufg/O
                         net (fo=1, routed)           1.253     2.735    risc32_i/clk_wiz_0/inst/clk_in1_risc32_clk_wiz_0_0
    PLLE2_ADV_X1Y2       PLLE2_ADV (Prop_plle2_adv_CLKIN1_CLKOUT0)
                                                     -8.591    -5.856 r  risc32_i/clk_wiz_0/inst/plle2_adv_inst/CLKOUT0
                         net (fo=1, routed)           1.713    -4.143    risc32_i/clk_wiz_0/inst/clk_out1_risc32_clk_wiz_0_0
    BUFGCTRL_X0Y16       BUFG (Prop_bufg_I_O)         0.096    -4.047 r  risc32_i/clk_wiz_0/inst/clkout1_buf/O
                         net (fo=38, routed)          1.723    -2.324    risc32_i/segment_0/inst/clk
    SLICE_X0Y89          FDPE                                         r  risc32_i/segment_0/inst/AN_reg[5]/C
  -------------------------------------------------------------------    -------------------
    SLICE_X0Y89          FDPE (Prop_fdpe_C_Q)         0.419    -1.905 r  risc32_i/segment_0/inst/AN_reg[5]/Q
                         net (fo=1, routed)           2.318     0.414    SSEG_AN_OBUF[5]
    T14                  OBUF (Prop_obuf_I_O)         3.727     4.140 r  SSEG_AN_OBUF[5]_inst/O
                         net (fo=0)                   0.000     4.140    SSEG_AN[5]
    T14                                                               r  SSEG_AN[5] (OUT)
  -------------------------------------------------------------------    -------------------

Slack:                    inf
  Source:                 risc32_i/segment_0/inst/AN_reg[3]/C
                            (rising edge-triggered cell FDPE clocked by clk_out1_risc32_clk_wiz_0_0_1  {rise@0.000ns fall@10.000ns period=20.000ns})
  Destination:            SSEG_AN[3]
                            (output port)
  Path Group:             (none)
  Path Type:              Max at Slow Process Corner
  Data Path Delay:        6.449ns  (logic 4.146ns (64.293%)  route 2.303ns (35.707%))
  Logic Levels:           1  (OBUF=1)
  Clock Uncertainty:      0.255ns  ((TSJ^2 + DJ^2)^1/2) / 2 + PE
    Total System Jitter     (TSJ):    0.050ns
    Discrete Jitter          (DJ):    0.193ns
    Phase Error              (PE):    0.156ns

    Location             Delay type                Incr(ns)  Path(ns)    Netlist Resource(s)
  -------------------------------------------------------------------    -------------------
                         (clock clk_out1_risc32_clk_wiz_0_0_1 rise edge)
                                                      0.000     0.000 r  
    E3                                                0.000     0.000 r  clk_in1_0 (IN)
                         net (fo=0)                   0.000     0.000    risc32_i/clk_wiz_0/inst/clk_in1
    E3                   IBUF (Prop_ibuf_I_O)         1.482     1.482 r  risc32_i/clk_wiz_0/inst/clkin1_ibufg/O
                         net (fo=1, routed)           1.253     2.735    risc32_i/clk_wiz_0/inst/clk_in1_risc32_clk_wiz_0_0
    PLLE2_ADV_X1Y2       PLLE2_ADV (Prop_plle2_adv_CLKIN1_CLKOUT0)
                                                     -8.591    -5.856 r  risc32_i/clk_wiz_0/inst/plle2_adv_inst/CLKOUT0
                         net (fo=1, routed)           1.713    -4.143    risc32_i/clk_wiz_0/inst/clk_out1_risc32_clk_wiz_0_0
    BUFGCTRL_X0Y16       BUFG (Prop_bufg_I_O)         0.096    -4.047 r  risc32_i/clk_wiz_0/inst/clkout1_buf/O
                         net (fo=38, routed)          1.725    -2.322    risc32_i/segment_0/inst/clk
    SLICE_X3Y93          FDPE                                         r  risc32_i/segment_0/inst/AN_reg[3]/C
  -------------------------------------------------------------------    -------------------
    SLICE_X3Y93          FDPE (Prop_fdpe_C_Q)         0.419    -1.903 r  risc32_i/segment_0/inst/AN_reg[3]/Q
                         net (fo=1, routed)           2.303     0.400    SSEG_AN_OBUF[3]
    J14                  OBUF (Prop_obuf_I_O)         3.727     4.127 r  SSEG_AN_OBUF[3]_inst/O
                         net (fo=0)                   0.000     4.127    SSEG_AN[3]
    J14                                                               r  SSEG_AN[3] (OUT)
  -------------------------------------------------------------------    -------------------

Slack:                    inf
  Source:                 risc32_i/segment_0/inst/seg_data_o_reg[4]/C
                            (rising edge-triggered cell FDPE clocked by clk_out1_risc32_clk_wiz_0_0_1  {rise@0.000ns fall@10.000ns period=20.000ns})
  Destination:            SSEG_CA[4]
                            (output port)
  Path Group:             (none)
  Path Type:              Max at Slow Process Corner
  Data Path Delay:        6.146ns  (logic 3.990ns (64.915%)  route 2.156ns (35.085%))
  Logic Levels:           1  (OBUF=1)
  Clock Uncertainty:      0.255ns  ((TSJ^2 + DJ^2)^1/2) / 2 + PE
    Total System Jitter     (TSJ):    0.050ns
    Discrete Jitter          (DJ):    0.193ns
    Phase Error              (PE):    0.156ns

    Location             Delay type                Incr(ns)  Path(ns)    Netlist Resource(s)
  -------------------------------------------------------------------    -------------------
                         (clock clk_out1_risc32_clk_wiz_0_0_1 rise edge)
                                                      0.000     0.000 r  
    E3                                                0.000     0.000 r  clk_in1_0 (IN)
                         net (fo=0)                   0.000     0.000    risc32_i/clk_wiz_0/inst/clk_in1
    E3                   IBUF (Prop_ibuf_I_O)         1.482     1.482 r  risc32_i/clk_wiz_0/inst/clkin1_ibufg/O
                         net (fo=1, routed)           1.253     2.735    risc32_i/clk_wiz_0/inst/clk_in1_risc32_clk_wiz_0_0
    PLLE2_ADV_X1Y2       PLLE2_ADV (Prop_plle2_adv_CLKIN1_CLKOUT0)
                                                     -8.591    -5.856 r  risc32_i/clk_wiz_0/inst/plle2_adv_inst/CLKOUT0
                         net (fo=1, routed)           1.713    -4.143    risc32_i/clk_wiz_0/inst/clk_out1_risc32_clk_wiz_0_0
    BUFGCTRL_X0Y16       BUFG (Prop_bufg_I_O)         0.096    -4.047 r  risc32_i/clk_wiz_0/inst/clkout1_buf/O
                         net (fo=38, routed)          1.723    -2.324    risc32_i/segment_0/inst/clk
    SLICE_X0Y90          FDPE                                         r  risc32_i/segment_0/inst/seg_data_o_reg[4]/C
  -------------------------------------------------------------------    -------------------
    SLICE_X0Y90          FDPE (Prop_fdpe_C_Q)         0.456    -1.868 r  risc32_i/segment_0/inst/seg_data_o_reg[4]/Q
                         net (fo=1, routed)           2.156     0.289    SSEG_CA_OBUF[4]
    P15                  OBUF (Prop_obuf_I_O)         3.534     3.822 r  SSEG_CA_OBUF[4]_inst/O
                         net (fo=0)                   0.000     3.822    SSEG_CA[4]
    P15                                                               r  SSEG_CA[4] (OUT)
  -------------------------------------------------------------------    -------------------





Min Delay Paths
--------------------------------------------------------------------------------------
Slack:                    inf
  Source:                 risc32_i/segment_0/inst/seg_data_o_reg[6]/C
                            (rising edge-triggered cell FDPE clocked by clk_out1_risc32_clk_wiz_0_0_1  {rise@0.000ns fall@10.000ns period=20.000ns})
  Destination:            SSEG_CA[6]
                            (output port)
  Path Group:             (none)
  Path Type:              Min at Fast Process Corner
  Data Path Delay:        1.759ns  (logic 1.379ns (78.387%)  route 0.380ns (21.613%))
  Logic Levels:           1  (OBUF=1)
  Clock Uncertainty:      0.255ns  ((TSJ^2 + DJ^2)^1/2) / 2 + PE
    Total System Jitter     (TSJ):    0.050ns
    Discrete Jitter          (DJ):    0.193ns
    Phase Error              (PE):    0.156ns

    Location             Delay type                Incr(ns)  Path(ns)    Netlist Resource(s)
  -------------------------------------------------------------------    -------------------
                         (clock clk_out1_risc32_clk_wiz_0_0_1 rise edge)
                                                      0.000     0.000 r  
    E3                                                0.000     0.000 r  clk_in1_0 (IN)
                         net (fo=0)                   0.000     0.000    risc32_i/clk_wiz_0/inst/clk_in1
    E3                   IBUF (Prop_ibuf_I_O)         0.250     0.250 r  risc32_i/clk_wiz_0/inst/clkin1_ibufg/O
                         net (fo=1, routed)           0.440     0.690    risc32_i/clk_wiz_0/inst/clk_in1_risc32_clk_wiz_0_0
    PLLE2_ADV_X1Y2       PLLE2_ADV (Prop_plle2_adv_CLKIN1_CLKOUT0)
                                                     -2.342    -1.652 r  risc32_i/clk_wiz_0/inst/plle2_adv_inst/CLKOUT0
                         net (fo=1, routed)           0.514    -1.138    risc32_i/clk_wiz_0/inst/clk_out1_risc32_clk_wiz_0_0
    BUFGCTRL_X0Y16       BUFG (Prop_bufg_I_O)         0.026    -1.112 r  risc32_i/clk_wiz_0/inst/clkout1_buf/O
                         net (fo=38, routed)          0.603    -0.509    risc32_i/segment_0/inst/clk
    SLICE_X0Y90          FDPE                                         r  risc32_i/segment_0/inst/seg_data_o_reg[6]/C
  -------------------------------------------------------------------    -------------------
    SLICE_X0Y90          FDPE (Prop_fdpe_C_Q)         0.141    -0.368 r  risc32_i/segment_0/inst/seg_data_o_reg[6]/Q
                         net (fo=1, routed)           0.380     0.012    SSEG_CA_OBUF[6]
    L18                  OBUF (Prop_obuf_I_O)         1.238     1.250 r  SSEG_CA_OBUF[6]_inst/O
                         net (fo=0)                   0.000     1.250    SSEG_CA[6]
    L18                                                               r  SSEG_CA[6] (OUT)
  -------------------------------------------------------------------    -------------------

Slack:                    inf
  Source:                 risc32_i/segment_0/inst/AN_reg[4]/C
                            (rising edge-triggered cell FDPE clocked by clk_out1_risc32_clk_wiz_0_0_1  {rise@0.000ns fall@10.000ns period=20.000ns})
  Destination:            SSEG_AN[4]
                            (output port)
  Path Group:             (none)
  Path Type:              Min at Fast Process Corner
  Data Path Delay:        1.763ns  (logic 1.392ns (78.916%)  route 0.372ns (21.084%))
  Logic Levels:           1  (OBUF=1)
  Clock Uncertainty:      0.255ns  ((TSJ^2 + DJ^2)^1/2) / 2 + PE
    Total System Jitter     (TSJ):    0.050ns
    Discrete Jitter          (DJ):    0.193ns
    Phase Error              (PE):    0.156ns

    Location             Delay type                Incr(ns)  Path(ns)    Netlist Resource(s)
  -------------------------------------------------------------------    -------------------
                         (clock clk_out1_risc32_clk_wiz_0_0_1 rise edge)
                                                      0.000     0.000 r  
    E3                                                0.000     0.000 r  clk_in1_0 (IN)
                         net (fo=0)                   0.000     0.000    risc32_i/clk_wiz_0/inst/clk_in1
    E3                   IBUF (Prop_ibuf_I_O)         0.250     0.250 r  risc32_i/clk_wiz_0/inst/clkin1_ibufg/O
                         net (fo=1, routed)           0.440     0.690    risc32_i/clk_wiz_0/inst/clk_in1_risc32_clk_wiz_0_0
    PLLE2_ADV_X1Y2       PLLE2_ADV (Prop_plle2_adv_CLKIN1_CLKOUT0)
                                                     -2.342    -1.652 r  risc32_i/clk_wiz_0/inst/plle2_adv_inst/CLKOUT0
                         net (fo=1, routed)           0.514    -1.138    risc32_i/clk_wiz_0/inst/clk_out1_risc32_clk_wiz_0_0
    BUFGCTRL_X0Y16       BUFG (Prop_bufg_I_O)         0.026    -1.112 r  risc32_i/clk_wiz_0/inst/clkout1_buf/O
                         net (fo=38, routed)          0.602    -0.510    risc32_i/segment_0/inst/clk
    SLICE_X0Y89          FDPE                                         r  risc32_i/segment_0/inst/AN_reg[4]/C
  -------------------------------------------------------------------    -------------------
    SLICE_X0Y89          FDPE (Prop_fdpe_C_Q)         0.141    -0.369 r  risc32_i/segment_0/inst/AN_reg[4]/Q
                         net (fo=1, routed)           0.372     0.003    SSEG_AN_OBUF[4]
    P14                  OBUF (Prop_obuf_I_O)         1.251     1.253 r  SSEG_AN_OBUF[4]_inst/O
                         net (fo=0)                   0.000     1.253    SSEG_AN[4]
    P14                                                               r  SSEG_AN[4] (OUT)
  -------------------------------------------------------------------    -------------------

Slack:                    inf
  Source:                 risc32_i/segment_0/inst/seg_data_o_reg[2]/C
                            (rising edge-triggered cell FDPE clocked by clk_out1_risc32_clk_wiz_0_0_1  {rise@0.000ns fall@10.000ns period=20.000ns})
  Destination:            SSEG_CA[2]
                            (output port)
  Path Group:             (none)
  Path Type:              Min at Fast Process Corner
  Data Path Delay:        1.790ns  (logic 1.335ns (74.581%)  route 0.455ns (25.419%))
  Logic Levels:           1  (OBUF=1)
  Clock Uncertainty:      0.255ns  ((TSJ^2 + DJ^2)^1/2) / 2 + PE
    Total System Jitter     (TSJ):    0.050ns
    Discrete Jitter          (DJ):    0.193ns
    Phase Error              (PE):    0.156ns

    Location             Delay type                Incr(ns)  Path(ns)    Netlist Resource(s)
  -------------------------------------------------------------------    -------------------
                         (clock clk_out1_risc32_clk_wiz_0_0_1 rise edge)
                                                      0.000     0.000 r  
    E3                                                0.000     0.000 r  clk_in1_0 (IN)
                         net (fo=0)                   0.000     0.000    risc32_i/clk_wiz_0/inst/clk_in1
    E3                   IBUF (Prop_ibuf_I_O)         0.250     0.250 r  risc32_i/clk_wiz_0/inst/clkin1_ibufg/O
                         net (fo=1, routed)           0.440     0.690    risc32_i/clk_wiz_0/inst/clk_in1_risc32_clk_wiz_0_0
    PLLE2_ADV_X1Y2       PLLE2_ADV (Prop_plle2_adv_CLKIN1_CLKOUT0)
                                                     -2.342    -1.652 r  risc32_i/clk_wiz_0/inst/plle2_adv_inst/CLKOUT0
                         net (fo=1, routed)           0.514    -1.138    risc32_i/clk_wiz_0/inst/clk_out1_risc32_clk_wiz_0_0
    BUFGCTRL_X0Y16       BUFG (Prop_bufg_I_O)         0.026    -1.112 r  risc32_i/clk_wiz_0/inst/clkout1_buf/O
                         net (fo=38, routed)          0.603    -0.509    risc32_i/segment_0/inst/clk
    SLICE_X1Y92          FDPE                                         r  risc32_i/segment_0/inst/seg_data_o_reg[2]/C
  -------------------------------------------------------------------    -------------------
    SLICE_X1Y92          FDPE (Prop_fdpe_C_Q)         0.141    -0.368 r  risc32_i/segment_0/inst/seg_data_o_reg[2]/Q
                         net (fo=1, routed)           0.455     0.087    SSEG_CA_OBUF[2]
    K16                  OBUF (Prop_obuf_I_O)         1.194     1.281 r  SSEG_CA_OBUF[2]_inst/O
                         net (fo=0)                   0.000     1.281    SSEG_CA[2]
    K16                                                               r  SSEG_CA[2] (OUT)
  -------------------------------------------------------------------    -------------------

Slack:                    inf
  Source:                 risc32_i/segment_0/inst/AN_reg[0]/C
                            (rising edge-triggered cell FDPE clocked by clk_out1_risc32_clk_wiz_0_0_1  {rise@0.000ns fall@10.000ns period=20.000ns})
  Destination:            SSEG_AN[0]
                            (output port)
  Path Group:             (none)
  Path Type:              Min at Fast Process Corner
  Data Path Delay:        1.816ns  (logic 1.377ns (75.858%)  route 0.438ns (24.142%))
  Logic Levels:           1  (OBUF=1)
  Clock Uncertainty:      0.255ns  ((TSJ^2 + DJ^2)^1/2) / 2 + PE
    Total System Jitter     (TSJ):    0.050ns
    Discrete Jitter          (DJ):    0.193ns
    Phase Error              (PE):    0.156ns

    Location             Delay type                Incr(ns)  Path(ns)    Netlist Resource(s)
  -------------------------------------------------------------------    -------------------
                         (clock clk_out1_risc32_clk_wiz_0_0_1 rise edge)
                                                      0.000     0.000 r  
    E3                                                0.000     0.000 r  clk_in1_0 (IN)
                         net (fo=0)                   0.000     0.000    risc32_i/clk_wiz_0/inst/clk_in1
    E3                   IBUF (Prop_ibuf_I_O)         0.250     0.250 r  risc32_i/clk_wiz_0/inst/clkin1_ibufg/O
                         net (fo=1, routed)           0.440     0.690    risc32_i/clk_wiz_0/inst/clk_in1_risc32_clk_wiz_0_0
    PLLE2_ADV_X1Y2       PLLE2_ADV (Prop_plle2_adv_CLKIN1_CLKOUT0)
                                                     -2.342    -1.652 r  risc32_i/clk_wiz_0/inst/plle2_adv_inst/CLKOUT0
                         net (fo=1, routed)           0.514    -1.138    risc32_i/clk_wiz_0/inst/clk_out1_risc32_clk_wiz_0_0
    BUFGCTRL_X0Y16       BUFG (Prop_bufg_I_O)         0.026    -1.112 r  risc32_i/clk_wiz_0/inst/clkout1_buf/O
                         net (fo=38, routed)          0.604    -0.508    risc32_i/segment_0/inst/clk
    SLICE_X1Y94          FDPE                                         r  risc32_i/segment_0/inst/AN_reg[0]/C
  -------------------------------------------------------------------    -------------------
    SLICE_X1Y94          FDPE (Prop_fdpe_C_Q)         0.141    -0.367 r  risc32_i/segment_0/inst/AN_reg[0]/Q
                         net (fo=1, routed)           0.438     0.071    SSEG_AN_OBUF[0]
    J17                  OBUF (Prop_obuf_I_O)         1.236     1.307 r  SSEG_AN_OBUF[0]_inst/O
                         net (fo=0)                   0.000     1.307    SSEG_AN[0]
    J17                                                               r  SSEG_AN[0] (OUT)
  -------------------------------------------------------------------    -------------------

Slack:                    inf
  Source:                 risc32_i/segment_0/inst/AN_reg[1]/C
                            (rising edge-triggered cell FDPE clocked by clk_out1_risc32_clk_wiz_0_0_1  {rise@0.000ns fall@10.000ns period=20.000ns})
  Destination:            SSEG_AN[1]
                            (output port)
  Path Group:             (none)
  Path Type:              Min at Fast Process Corner
  Data Path Delay:        1.862ns  (logic 1.418ns (76.185%)  route 0.443ns (23.815%))
  Logic Levels:           1  (OBUF=1)
  Clock Uncertainty:      0.255ns  ((TSJ^2 + DJ^2)^1/2) / 2 + PE
    Total System Jitter     (TSJ):    0.050ns
    Discrete Jitter          (DJ):    0.193ns
    Phase Error              (PE):    0.156ns

    Location             Delay type                Incr(ns)  Path(ns)    Netlist Resource(s)
  -------------------------------------------------------------------    -------------------
                         (clock clk_out1_risc32_clk_wiz_0_0_1 rise edge)
                                                      0.000     0.000 r  
    E3                                                0.000     0.000 r  clk_in1_0 (IN)
                         net (fo=0)                   0.000     0.000    risc32_i/clk_wiz_0/inst/clk_in1
    E3                   IBUF (Prop_ibuf_I_O)         0.250     0.250 r  risc32_i/clk_wiz_0/inst/clkin1_ibufg/O
                         net (fo=1, routed)           0.440     0.690    risc32_i/clk_wiz_0/inst/clk_in1_risc32_clk_wiz_0_0
    PLLE2_ADV_X1Y2       PLLE2_ADV (Prop_plle2_adv_CLKIN1_CLKOUT0)
                                                     -2.342    -1.652 r  risc32_i/clk_wiz_0/inst/plle2_adv_inst/CLKOUT0
                         net (fo=1, routed)           0.514    -1.138    risc32_i/clk_wiz_0/inst/clk_out1_risc32_clk_wiz_0_0
    BUFGCTRL_X0Y16       BUFG (Prop_bufg_I_O)         0.026    -1.112 r  risc32_i/clk_wiz_0/inst/clkout1_buf/O
                         net (fo=38, routed)          0.604    -0.508    risc32_i/segment_0/inst/clk
    SLICE_X1Y94          FDPE                                         r  risc32_i/segment_0/inst/AN_reg[1]/C
  -------------------------------------------------------------------    -------------------
    SLICE_X1Y94          FDPE (Prop_fdpe_C_Q)         0.128    -0.380 r  risc32_i/segment_0/inst/AN_reg[1]/Q
                         net (fo=1, routed)           0.443     0.063    SSEG_AN_OBUF[1]
    J18                  OBUF (Prop_obuf_I_O)         1.290     1.354 r  SSEG_AN_OBUF[1]_inst/O
                         net (fo=0)                   0.000     1.354    SSEG_AN[1]
    J18                                                               r  SSEG_AN[1] (OUT)
  -------------------------------------------------------------------    -------------------

Slack:                    inf
  Source:                 risc32_i/segment_0/inst/seg_data_o_reg[4]/C
                            (rising edge-triggered cell FDPE clocked by clk_out1_risc32_clk_wiz_0_0_1  {rise@0.000ns fall@10.000ns period=20.000ns})
  Destination:            SSEG_CA[4]
                            (output port)
  Path Group:             (none)
  Path Type:              Min at Fast Process Corner
  Data Path Delay:        1.936ns  (logic 1.375ns (71.058%)  route 0.560ns (28.942%))
  Logic Levels:           1  (OBUF=1)
  Clock Uncertainty:      0.255ns  ((TSJ^2 + DJ^2)^1/2) / 2 + PE
    Total System Jitter     (TSJ):    0.050ns
    Discrete Jitter          (DJ):    0.193ns
    Phase Error              (PE):    0.156ns

    Location             Delay type                Incr(ns)  Path(ns)    Netlist Resource(s)
  -------------------------------------------------------------------    -------------------
                         (clock clk_out1_risc32_clk_wiz_0_0_1 rise edge)
                                                      0.000     0.000 r  
    E3                                                0.000     0.000 r  clk_in1_0 (IN)
                         net (fo=0)                   0.000     0.000    risc32_i/clk_wiz_0/inst/clk_in1
    E3                   IBUF (Prop_ibuf_I_O)         0.250     0.250 r  risc32_i/clk_wiz_0/inst/clkin1_ibufg/O
                         net (fo=1, routed)           0.440     0.690    risc32_i/clk_wiz_0/inst/clk_in1_risc32_clk_wiz_0_0
    PLLE2_ADV_X1Y2       PLLE2_ADV (Prop_plle2_adv_CLKIN1_CLKOUT0)
                                                     -2.342    -1.652 r  risc32_i/clk_wiz_0/inst/plle2_adv_inst/CLKOUT0
                         net (fo=1, routed)           0.514    -1.138    risc32_i/clk_wiz_0/inst/clk_out1_risc32_clk_wiz_0_0
    BUFGCTRL_X0Y16       BUFG (Prop_bufg_I_O)         0.026    -1.112 r  risc32_i/clk_wiz_0/inst/clkout1_buf/O
                         net (fo=38, routed)          0.603    -0.509    risc32_i/segment_0/inst/clk
    SLICE_X0Y90          FDPE                                         r  risc32_i/segment_0/inst/seg_data_o_reg[4]/C
  -------------------------------------------------------------------    -------------------
    SLICE_X0Y90          FDPE (Prop_fdpe_C_Q)         0.141    -0.368 r  risc32_i/segment_0/inst/seg_data_o_reg[4]/Q
                         net (fo=1, routed)           0.560     0.192    SSEG_CA_OBUF[4]
    P15                  OBUF (Prop_obuf_I_O)         1.234     1.426 r  SSEG_CA_OBUF[4]_inst/O
                         net (fo=0)                   0.000     1.426    SSEG_CA[4]
    P15                                                               r  SSEG_CA[4] (OUT)
  -------------------------------------------------------------------    -------------------

Slack:                    inf
  Source:                 risc32_i/segment_0/inst/AN_reg[3]/C
                            (rising edge-triggered cell FDPE clocked by clk_out1_risc32_clk_wiz_0_0_1  {rise@0.000ns fall@10.000ns period=20.000ns})
  Destination:            SSEG_AN[3]
                            (output port)
  Path Group:             (none)
  Path Type:              Min at Fast Process Corner
  Data Path Delay:        2.039ns  (logic 1.435ns (70.351%)  route 0.605ns (29.649%))
  Logic Levels:           1  (OBUF=1)
  Clock Uncertainty:      0.255ns  ((TSJ^2 + DJ^2)^1/2) / 2 + PE
    Total System Jitter     (TSJ):    0.050ns
    Discrete Jitter          (DJ):    0.193ns
    Phase Error              (PE):    0.156ns

    Location             Delay type                Incr(ns)  Path(ns)    Netlist Resource(s)
  -------------------------------------------------------------------    -------------------
                         (clock clk_out1_risc32_clk_wiz_0_0_1 rise edge)
                                                      0.000     0.000 r  
    E3                                                0.000     0.000 r  clk_in1_0 (IN)
                         net (fo=0)                   0.000     0.000    risc32_i/clk_wiz_0/inst/clk_in1
    E3                   IBUF (Prop_ibuf_I_O)         0.250     0.250 r  risc32_i/clk_wiz_0/inst/clkin1_ibufg/O
                         net (fo=1, routed)           0.440     0.690    risc32_i/clk_wiz_0/inst/clk_in1_risc32_clk_wiz_0_0
    PLLE2_ADV_X1Y2       PLLE2_ADV (Prop_plle2_adv_CLKIN1_CLKOUT0)
                                                     -2.342    -1.652 r  risc32_i/clk_wiz_0/inst/plle2_adv_inst/CLKOUT0
                         net (fo=1, routed)           0.514    -1.138    risc32_i/clk_wiz_0/inst/clk_out1_risc32_clk_wiz_0_0
    BUFGCTRL_X0Y16       BUFG (Prop_bufg_I_O)         0.026    -1.112 r  risc32_i/clk_wiz_0/inst/clkout1_buf/O
                         net (fo=38, routed)          0.604    -0.508    risc32_i/segment_0/inst/clk
    SLICE_X3Y93          FDPE                                         r  risc32_i/segment_0/inst/AN_reg[3]/C
  -------------------------------------------------------------------    -------------------
    SLICE_X3Y93          FDPE (Prop_fdpe_C_Q)         0.128    -0.380 r  risc32_i/segment_0/inst/AN_reg[3]/Q
                         net (fo=1, routed)           0.605     0.224    SSEG_AN_OBUF[3]
    J14                  OBUF (Prop_obuf_I_O)         1.307     1.531 r  SSEG_AN_OBUF[3]_inst/O
                         net (fo=0)                   0.000     1.531    SSEG_AN[3]
    J14                                                               r  SSEG_AN[3] (OUT)
  -------------------------------------------------------------------    -------------------

Slack:                    inf
  Source:                 risc32_i/segment_0/inst/AN_reg[5]/C
                            (rising edge-triggered cell FDPE clocked by clk_out1_risc32_clk_wiz_0_0_1  {rise@0.000ns fall@10.000ns period=20.000ns})
  Destination:            SSEG_AN[5]
                            (output port)
  Path Group:             (none)
  Path Type:              Min at Fast Process Corner
  Data Path Delay:        2.067ns  (logic 1.434ns (69.400%)  route 0.632ns (30.600%))
  Logic Levels:           1  (OBUF=1)
  Clock Uncertainty:      0.255ns  ((TSJ^2 + DJ^2)^1/2) / 2 + PE
    Total System Jitter     (TSJ):    0.050ns
    Discrete Jitter          (DJ):    0.193ns
    Phase Error              (PE):    0.156ns

    Location             Delay type                Incr(ns)  Path(ns)    Netlist Resource(s)
  -------------------------------------------------------------------    -------------------
                         (clock clk_out1_risc32_clk_wiz_0_0_1 rise edge)
                                                      0.000     0.000 r  
    E3                                                0.000     0.000 r  clk_in1_0 (IN)
                         net (fo=0)                   0.000     0.000    risc32_i/clk_wiz_0/inst/clk_in1
    E3                   IBUF (Prop_ibuf_I_O)         0.250     0.250 r  risc32_i/clk_wiz_0/inst/clkin1_ibufg/O
                         net (fo=1, routed)           0.440     0.690    risc32_i/clk_wiz_0/inst/clk_in1_risc32_clk_wiz_0_0
    PLLE2_ADV_X1Y2       PLLE2_ADV (Prop_plle2_adv_CLKIN1_CLKOUT0)
                                                     -2.342    -1.652 r  risc32_i/clk_wiz_0/inst/plle2_adv_inst/CLKOUT0
                         net (fo=1, routed)           0.514    -1.138    risc32_i/clk_wiz_0/inst/clk_out1_risc32_clk_wiz_0_0
    BUFGCTRL_X0Y16       BUFG (Prop_bufg_I_O)         0.026    -1.112 r  risc32_i/clk_wiz_0/inst/clkout1_buf/O
                         net (fo=38, routed)          0.602    -0.510    risc32_i/segment_0/inst/clk
    SLICE_X0Y89          FDPE                                         r  risc32_i/segment_0/inst/AN_reg[5]/C
  -------------------------------------------------------------------    -------------------
    SLICE_X0Y89          FDPE (Prop_fdpe_C_Q)         0.128    -0.382 r  risc32_i/segment_0/inst/AN_reg[5]/Q
                         net (fo=1, routed)           0.632     0.250    SSEG_AN_OBUF[5]
    T14                  OBUF (Prop_obuf_I_O)         1.306     1.556 r  SSEG_AN_OBUF[5]_inst/O
                         net (fo=0)                   0.000     1.556    SSEG_AN[5]
    T14                                                               r  SSEG_AN[5] (OUT)
  -------------------------------------------------------------------    -------------------

Slack:                    inf
  Source:                 risc32_i/segment_0/inst/seg_data_o_reg[3]/C
                            (rising edge-triggered cell FDPE clocked by clk_out1_risc32_clk_wiz_0_0_1  {rise@0.000ns fall@10.000ns period=20.000ns})
  Destination:            SSEG_CA[3]
                            (output port)
  Path Group:             (none)
  Path Type:              Min at Fast Process Corner
  Data Path Delay:        2.099ns  (logic 1.432ns (68.229%)  route 0.667ns (31.771%))
  Logic Levels:           1  (OBUF=1)
  Clock Uncertainty:      0.255ns  ((TSJ^2 + DJ^2)^1/2) / 2 + PE
    Total System Jitter     (TSJ):    0.050ns
    Discrete Jitter          (DJ):    0.193ns
    Phase Error              (PE):    0.156ns

    Location             Delay type                Incr(ns)  Path(ns)    Netlist Resource(s)
  -------------------------------------------------------------------    -------------------
                         (clock clk_out1_risc32_clk_wiz_0_0_1 rise edge)
                                                      0.000     0.000 r  
    E3                                                0.000     0.000 r  clk_in1_0 (IN)
                         net (fo=0)                   0.000     0.000    risc32_i/clk_wiz_0/inst/clk_in1
    E3                   IBUF (Prop_ibuf_I_O)         0.250     0.250 r  risc32_i/clk_wiz_0/inst/clkin1_ibufg/O
                         net (fo=1, routed)           0.440     0.690    risc32_i/clk_wiz_0/inst/clk_in1_risc32_clk_wiz_0_0
    PLLE2_ADV_X1Y2       PLLE2_ADV (Prop_plle2_adv_CLKIN1_CLKOUT0)
                                                     -2.342    -1.652 r  risc32_i/clk_wiz_0/inst/plle2_adv_inst/CLKOUT0
                         net (fo=1, routed)           0.514    -1.138    risc32_i/clk_wiz_0/inst/clk_out1_risc32_clk_wiz_0_0
    BUFGCTRL_X0Y16       BUFG (Prop_bufg_I_O)         0.026    -1.112 r  risc32_i/clk_wiz_0/inst/clkout1_buf/O
                         net (fo=38, routed)          0.603    -0.509    risc32_i/segment_0/inst/clk
    SLICE_X1Y92          FDPE                                         r  risc32_i/segment_0/inst/seg_data_o_reg[3]/C
  -------------------------------------------------------------------    -------------------
    SLICE_X1Y92          FDPE (Prop_fdpe_C_Q)         0.128    -0.381 r  risc32_i/segment_0/inst/seg_data_o_reg[3]/Q
                         net (fo=1, routed)           0.667     0.286    SSEG_CA_OBUF[3]
    K13                  OBUF (Prop_obuf_I_O)         1.304     1.589 r  SSEG_CA_OBUF[3]_inst/O
                         net (fo=0)                   0.000     1.589    SSEG_CA[3]
    K13                                                               r  SSEG_CA[3] (OUT)
  -------------------------------------------------------------------    -------------------

Slack:                    inf
  Source:                 risc32_i/segment_0/inst/seg_data_o_reg[5]/C
                            (rising edge-triggered cell FDPE clocked by clk_out1_risc32_clk_wiz_0_0_1  {rise@0.000ns fall@10.000ns period=20.000ns})
  Destination:            SSEG_CA[5]
                            (output port)
  Path Group:             (none)
  Path Type:              Min at Fast Process Corner
  Data Path Delay:        2.225ns  (logic 1.442ns (64.813%)  route 0.783ns (35.187%))
  Logic Levels:           1  (OBUF=1)
  Clock Uncertainty:      0.255ns  ((TSJ^2 + DJ^2)^1/2) / 2 + PE
    Total System Jitter     (TSJ):    0.050ns
    Discrete Jitter          (DJ):    0.193ns
    Phase Error              (PE):    0.156ns

    Location             Delay type                Incr(ns)  Path(ns)    Netlist Resource(s)
  -------------------------------------------------------------------    -------------------
                         (clock clk_out1_risc32_clk_wiz_0_0_1 rise edge)
                                                      0.000     0.000 r  
    E3                                                0.000     0.000 r  clk_in1_0 (IN)
                         net (fo=0)                   0.000     0.000    risc32_i/clk_wiz_0/inst/clk_in1
    E3                   IBUF (Prop_ibuf_I_O)         0.250     0.250 r  risc32_i/clk_wiz_0/inst/clkin1_ibufg/O
                         net (fo=1, routed)           0.440     0.690    risc32_i/clk_wiz_0/inst/clk_in1_risc32_clk_wiz_0_0
    PLLE2_ADV_X1Y2       PLLE2_ADV (Prop_plle2_adv_CLKIN1_CLKOUT0)
                                                     -2.342    -1.652 r  risc32_i/clk_wiz_0/inst/plle2_adv_inst/CLKOUT0
                         net (fo=1, routed)           0.514    -1.138    risc32_i/clk_wiz_0/inst/clk_out1_risc32_clk_wiz_0_0
    BUFGCTRL_X0Y16       BUFG (Prop_bufg_I_O)         0.026    -1.112 r  risc32_i/clk_wiz_0/inst/clkout1_buf/O
                         net (fo=38, routed)          0.603    -0.509    risc32_i/segment_0/inst/clk
    SLICE_X0Y90          FDPE                                         r  risc32_i/segment_0/inst/seg_data_o_reg[5]/C
  -------------------------------------------------------------------    -------------------
    SLICE_X0Y90          FDPE (Prop_fdpe_C_Q)         0.128    -0.381 r  risc32_i/segment_0/inst/seg_data_o_reg[5]/Q
                         net (fo=1, routed)           0.783     0.402    SSEG_CA_OBUF[5]
    T11                  OBUF (Prop_obuf_I_O)         1.314     1.716 r  SSEG_CA_OBUF[5]_inst/O
                         net (fo=0)                   0.000     1.716    SSEG_CA[5]
    T11                                                               r  SSEG_CA[5] (OUT)
  -------------------------------------------------------------------    -------------------





--------------------------------------------------------------------------------------
Path Group:  (none)
From Clock:  clkfbout_risc32_clk_wiz_0_0
  To Clock:  

Max Delay             1 Endpoint
Min Delay             1 Endpoint
--------------------------------------------------------------------------------------


Max Delay Paths
--------------------------------------------------------------------------------------
Slack:                    inf
  Source:                 risc32_i/clk_wiz_0/inst/plle2_adv_inst/CLKFBOUT
                            (clock source 'clkfbout_risc32_clk_wiz_0_0'  {rise@0.000ns fall@10.000ns period=20.000ns})
  Destination:            risc32_i/clk_wiz_0/inst/plle2_adv_inst/CLKFBIN
  Path Group:             (none)
  Path Type:              Max at Fast Process Corner
  Data Path Delay:        1.417ns  (logic 0.029ns (2.046%)  route 1.388ns (97.954%))
  Logic Levels:           1  (BUFG=1)
  Clock Uncertainty:      0.220ns  ((TSJ^2 + DJ^2)^1/2) / 2 + PE
    Total System Jitter     (TSJ):    0.050ns
    Discrete Jitter          (DJ):    0.119ns
    Phase Error              (PE):    0.156ns

    Location             Delay type                Incr(ns)  Path(ns)    Netlist Resource(s)
  -------------------------------------------------------------------    -------------------
                         (clock clkfbout_risc32_clk_wiz_0_0 fall edge)
                                                     10.000    10.000 f  
    E3                                                0.000    10.000 f  clk_in1_0 (IN)
                         net (fo=0)                   0.000    10.000    risc32_i/clk_wiz_0/inst/clk_in1
    E3                   IBUF (Prop_ibuf_I_O)         0.438    10.438 f  risc32_i/clk_wiz_0/inst/clkin1_ibufg/O
                         net (fo=1, routed)           0.481    10.919    risc32_i/clk_wiz_0/inst/clk_in1_risc32_clk_wiz_0_0
  -------------------------------------------------------------------    -------------------
    PLLE2_ADV_X1Y2       PLLE2_ADV (Prop_plle2_adv_CLKIN1_CLKFBOUT)
                                                     -2.659     8.260 f  risc32_i/clk_wiz_0/inst/plle2_adv_inst/CLKFBOUT
                         net (fo=1, routed)           0.560     8.819    risc32_i/clk_wiz_0/inst/clkfbout_risc32_clk_wiz_0_0
    BUFGCTRL_X0Y17       BUFG (Prop_bufg_I_O)         0.029     8.848 f  risc32_i/clk_wiz_0/inst/clkf_buf/O
                         net (fo=1, routed)           0.829     9.677    risc32_i/clk_wiz_0/inst/clkfbout_buf_risc32_clk_wiz_0_0
    PLLE2_ADV_X1Y2       PLLE2_ADV                                    f  risc32_i/clk_wiz_0/inst/plle2_adv_inst/CLKFBIN
  -------------------------------------------------------------------    -------------------





Min Delay Paths
--------------------------------------------------------------------------------------
Slack:                    inf
  Source:                 risc32_i/clk_wiz_0/inst/plle2_adv_inst/CLKFBOUT
                            (clock source 'clkfbout_risc32_clk_wiz_0_0'  {rise@0.000ns fall@10.000ns period=20.000ns})
  Destination:            risc32_i/clk_wiz_0/inst/plle2_adv_inst/CLKFBIN
  Path Group:             (none)
  Path Type:              Min at Slow Process Corner
  Data Path Delay:        3.253ns  (logic 0.091ns (2.798%)  route 3.162ns (97.202%))
  Logic Levels:           1  (BUFG=1)
  Clock Uncertainty:      0.220ns  ((TSJ^2 + DJ^2)^1/2) / 2 + PE
    Total System Jitter     (TSJ):    0.050ns
    Discrete Jitter          (DJ):    0.119ns
    Phase Error              (PE):    0.156ns

    Location             Delay type                Incr(ns)  Path(ns)    Netlist Resource(s)
  -------------------------------------------------------------------    -------------------
                         (clock clkfbout_risc32_clk_wiz_0_0 rise edge)
                                                      0.000     0.000 r  
    E3                                                0.000     0.000 r  clk_in1_0 (IN)
                         net (fo=0)                   0.000     0.000    risc32_i/clk_wiz_0/inst/clk_in1
    E3                   IBUF (Prop_ibuf_I_O)         1.411     1.411 r  risc32_i/clk_wiz_0/inst/clkin1_ibufg/O
                         net (fo=1, routed)           1.181     2.592    risc32_i/clk_wiz_0/inst/clk_in1_risc32_clk_wiz_0_0
  -------------------------------------------------------------------    -------------------
    PLLE2_ADV_X1Y2       PLLE2_ADV (Prop_plle2_adv_CLKIN1_CLKFBOUT)
                                                     -7.856    -5.264 r  risc32_i/clk_wiz_0/inst/plle2_adv_inst/CLKFBOUT
                         net (fo=1, routed)           1.634    -3.630    risc32_i/clk_wiz_0/inst/clkfbout_risc32_clk_wiz_0_0
    BUFGCTRL_X0Y17       BUFG (Prop_bufg_I_O)         0.091    -3.539 r  risc32_i/clk_wiz_0/inst/clkf_buf/O
                         net (fo=1, routed)           1.528    -2.011    risc32_i/clk_wiz_0/inst/clkfbout_buf_risc32_clk_wiz_0_0
    PLLE2_ADV_X1Y2       PLLE2_ADV                                    r  risc32_i/clk_wiz_0/inst/plle2_adv_inst/CLKFBIN
  -------------------------------------------------------------------    -------------------





--------------------------------------------------------------------------------------
Path Group:  (none)
From Clock:  clkfbout_risc32_clk_wiz_0_0_1
  To Clock:  

Max Delay             1 Endpoint
Min Delay             1 Endpoint
--------------------------------------------------------------------------------------


Max Delay Paths
--------------------------------------------------------------------------------------
Slack:                    inf
  Source:                 risc32_i/clk_wiz_0/inst/plle2_adv_inst/CLKFBOUT
                            (clock source 'clkfbout_risc32_clk_wiz_0_0_1'  {rise@0.000ns fall@10.000ns period=20.000ns})
  Destination:            risc32_i/clk_wiz_0/inst/plle2_adv_inst/CLKFBIN
  Path Group:             (none)
  Path Type:              Max at Fast Process Corner
  Data Path Delay:        1.417ns  (logic 0.029ns (2.046%)  route 1.388ns (97.954%))
  Logic Levels:           1  (BUFG=1)
  Clock Uncertainty:      0.218ns  ((TSJ^2 + DJ^2)^1/2) / 2 + PE
    Total System Jitter     (TSJ):    0.050ns
    Discrete Jitter          (DJ):    0.115ns
    Phase Error              (PE):    0.156ns

    Location             Delay type                Incr(ns)  Path(ns)    Netlist Resource(s)
  -------------------------------------------------------------------    -------------------
                         (clock clkfbout_risc32_clk_wiz_0_0_1 fall edge)
                                                     10.000    10.000 f  
    E3                                                0.000    10.000 f  clk_in1_0 (IN)
                         net (fo=0)                   0.000    10.000    risc32_i/clk_wiz_0/inst/clk_in1
    E3                   IBUF (Prop_ibuf_I_O)         0.438    10.438 f  risc32_i/clk_wiz_0/inst/clkin1_ibufg/O
                         net (fo=1, routed)           0.481    10.919    risc32_i/clk_wiz_0/inst/clk_in1_risc32_clk_wiz_0_0
  -------------------------------------------------------------------    -------------------
    PLLE2_ADV_X1Y2       PLLE2_ADV (Prop_plle2_adv_CLKIN1_CLKFBOUT)
                                                     -2.659     8.260 f  risc32_i/clk_wiz_0/inst/plle2_adv_inst/CLKFBOUT
                         net (fo=1, routed)           0.560     8.819    risc32_i/clk_wiz_0/inst/clkfbout_risc32_clk_wiz_0_0
    BUFGCTRL_X0Y17       BUFG (Prop_bufg_I_O)         0.029     8.848 f  risc32_i/clk_wiz_0/inst/clkf_buf/O
                         net (fo=1, routed)           0.829     9.677    risc32_i/clk_wiz_0/inst/clkfbout_buf_risc32_clk_wiz_0_0
    PLLE2_ADV_X1Y2       PLLE2_ADV                                    f  risc32_i/clk_wiz_0/inst/plle2_adv_inst/CLKFBIN
  -------------------------------------------------------------------    -------------------





Min Delay Paths
--------------------------------------------------------------------------------------
Slack:                    inf
  Source:                 risc32_i/clk_wiz_0/inst/plle2_adv_inst/CLKFBOUT
                            (clock source 'clkfbout_risc32_clk_wiz_0_0_1'  {rise@0.000ns fall@10.000ns period=20.000ns})
  Destination:            risc32_i/clk_wiz_0/inst/plle2_adv_inst/CLKFBIN
  Path Group:             (none)
  Path Type:              Min at Slow Process Corner
  Data Path Delay:        3.253ns  (logic 0.091ns (2.798%)  route 3.162ns (97.202%))
  Logic Levels:           1  (BUFG=1)
  Clock Uncertainty:      0.218ns  ((TSJ^2 + DJ^2)^1/2) / 2 + PE
    Total System Jitter     (TSJ):    0.050ns
    Discrete Jitter          (DJ):    0.115ns
    Phase Error              (PE):    0.156ns

    Location             Delay type                Incr(ns)  Path(ns)    Netlist Resource(s)
  -------------------------------------------------------------------    -------------------
                         (clock clkfbout_risc32_clk_wiz_0_0_1 rise edge)
                                                      0.000     0.000 r  
    E3                                                0.000     0.000 r  clk_in1_0 (IN)
                         net (fo=0)                   0.000     0.000    risc32_i/clk_wiz_0/inst/clk_in1
    E3                   IBUF (Prop_ibuf_I_O)         1.411     1.411 r  risc32_i/clk_wiz_0/inst/clkin1_ibufg/O
                         net (fo=1, routed)           1.181     2.592    risc32_i/clk_wiz_0/inst/clk_in1_risc32_clk_wiz_0_0
  -------------------------------------------------------------------    -------------------
    PLLE2_ADV_X1Y2       PLLE2_ADV (Prop_plle2_adv_CLKIN1_CLKFBOUT)
                                                     -7.856    -5.264 r  risc32_i/clk_wiz_0/inst/plle2_adv_inst/CLKFBOUT
                         net (fo=1, routed)           1.634    -3.630    risc32_i/clk_wiz_0/inst/clkfbout_risc32_clk_wiz_0_0
    BUFGCTRL_X0Y17       BUFG (Prop_bufg_I_O)         0.091    -3.539 r  risc32_i/clk_wiz_0/inst/clkf_buf/O
                         net (fo=1, routed)           1.528    -2.011    risc32_i/clk_wiz_0/inst/clkfbout_buf_risc32_clk_wiz_0_0
    PLLE2_ADV_X1Y2       PLLE2_ADV                                    r  risc32_i/clk_wiz_0/inst/plle2_adv_inst/CLKFBIN
  -------------------------------------------------------------------    -------------------





--------------------------------------------------------------------------------------
Path Group:  (none)
From Clock:  
  To Clock:  clk_out1_risc32_clk_wiz_0_0

Max Delay             4 Endpoints
Min Delay             4 Endpoints
--------------------------------------------------------------------------------------


Max Delay Paths
--------------------------------------------------------------------------------------
Slack:                    inf
  Source:                 risc32_i/pc_0/inst/q_reg[4]/C
                            (rising edge-triggered cell FDCE)
  Destination:            risc32_i/segment_0/inst/seg_num_reg[1]/D
                            (rising edge-triggered cell FDCE clocked by clk_out1_risc32_clk_wiz_0_0  {rise@0.000ns fall@10.000ns period=20.000ns})
  Path Group:             (none)
  Path Type:              Setup (Max at Slow Process Corner)
  Data Path Delay:        10.678ns  (logic 3.250ns (30.436%)  route 7.428ns (69.564%))
  Logic Levels:           14  (CARRY4=6 FDCE=1 LUT2=2 LUT6=3 MUXF7=1 RAMD32=1)
  Clock Uncertainty:      0.260ns  ((TSJ^2 + DJ^2)^1/2) / 2 + PE
    Total System Jitter     (TSJ):    0.050ns
    Discrete Jitter          (DJ):    0.203ns
    Phase Error              (PE):    0.156ns

    Location             Delay type                Incr(ns)  Path(ns)    Netlist Resource(s)
  -------------------------------------------------------------------    -------------------
    SLICE_X9Y89          FDCE                         0.000     0.000 r  risc32_i/pc_0/inst/q_reg[4]/C
    SLICE_X9Y89          FDCE (Prop_fdce_C_Q)         0.456     0.456 r  risc32_i/pc_0/inst/q_reg[4]/Q
                         net (fo=15, routed)          1.025     1.481    risc32_i/imem_0/inst/inst_addr[4]
    SLICE_X9Y90          LUT6 (Prop_lut6_I3_O)        0.124     1.605 r  risc32_i/imem_0/inst/inst_o[23]_INST_0/O
                         net (fo=65, routed)          2.827     4.432    risc32_i/regfile_0/inst/reg_array_reg_r2_0_31_6_11/ADDRC3
    SLICE_X2Y91          RAMD32 (Prop_ramd32_RADR3_O)
                                                      0.153     4.585 r  risc32_i/regfile_0/inst/reg_array_reg_r2_0_31_6_11/RAMC/O
                         net (fo=1, routed)           0.948     5.534    risc32_i/regfile_0/inst/reg_data20[10]
    SLICE_X5Y90          LUT6 (Prop_lut6_I5_O)        0.331     5.865 r  risc32_i/regfile_0/inst/reg_data2[10]_INST_0/O
                         net (fo=1, routed)           0.877     6.741    risc32_i/MUX_32b_2_to_1_0/inst/data0[10]
    SLICE_X5Y90          LUT2 (Prop_lut2_I0_O)        0.152     6.893 r  risc32_i/MUX_32b_2_to_1_0/inst/result[10]_INST_0/O
                         net (fo=1, routed)           0.667     7.560    risc32_i/alu32_0/inst/alu_b[10]
    SLICE_X4Y90          LUT2 (Prop_lut2_I1_O)        0.326     7.886 r  risc32_i/alu32_0/inst/alu_out0_carry__1_i_2/O
                         net (fo=1, routed)           0.000     7.886    risc32_i/alu32_0/inst/alu_out0_carry__1_i_2_n_0
    SLICE_X4Y90          CARRY4 (Prop_carry4_S[2]_CO[3])
                                                      0.398     8.284 r  risc32_i/alu32_0/inst/alu_out0_carry__1/CO[3]
                         net (fo=1, routed)           0.000     8.284    risc32_i/alu32_0/inst/alu_out0_carry__1_n_0
    SLICE_X4Y91          CARRY4 (Prop_carry4_CI_CO[3])
                                                      0.114     8.398 r  risc32_i/alu32_0/inst/alu_out0_carry__2/CO[3]
                         net (fo=1, routed)           0.000     8.398    risc32_i/alu32_0/inst/alu_out0_carry__2_n_0
    SLICE_X4Y92          CARRY4 (Prop_carry4_CI_CO[3])
                                                      0.114     8.512 r  risc32_i/alu32_0/inst/alu_out0_carry__3/CO[3]
                         net (fo=1, routed)           0.000     8.512    risc32_i/alu32_0/inst/alu_out0_carry__3_n_0
    SLICE_X4Y93          CARRY4 (Prop_carry4_CI_CO[3])
                                                      0.114     8.626 r  risc32_i/alu32_0/inst/alu_out0_carry__4/CO[3]
                         net (fo=1, routed)           0.000     8.626    risc32_i/alu32_0/inst/alu_out0_carry__4_n_0
    SLICE_X4Y94          CARRY4 (Prop_carry4_CI_CO[3])
                                                      0.114     8.740 r  risc32_i/alu32_0/inst/alu_out0_carry__5/CO[3]
                         net (fo=1, routed)           0.000     8.740    risc32_i/alu32_0/inst/alu_out0_carry__5_n_0
    SLICE_X4Y95          CARRY4 (Prop_carry4_CI_O[1])
                                                      0.334     9.074 r  risc32_i/alu32_0/inst/alu_out0_carry__6/O[1]
                         net (fo=3, routed)           1.084    10.158    risc32_i/segment_0/inst/Data_i[29]
    SLICE_X7Y92          LUT6 (Prop_lut6_I0_O)        0.303    10.461 r  risc32_i/segment_0/inst/seg_num[1]_i_3/O
                         net (fo=1, routed)           0.000    10.461    risc32_i/segment_0/inst/seg_num[1]_i_3_n_0
    SLICE_X7Y92          MUXF7 (Prop_muxf7_I1_O)      0.217    10.678 r  risc32_i/segment_0/inst/seg_num_reg[1]_i_1/O
                         net (fo=1, routed)           0.000    10.678    risc32_i/segment_0/inst/seg_num_2[1]
    SLICE_X7Y92          FDCE                                         r  risc32_i/segment_0/inst/seg_num_reg[1]/D
  -------------------------------------------------------------------    -------------------

                         (clock clk_out1_risc32_clk_wiz_0_0 rise edge)
                                                      0.000     0.000 r  
    E3                                                0.000     0.000 r  clk_in1_0 (IN)
                         net (fo=0)                   0.000     0.000    risc32_i/clk_wiz_0/inst/clk_in1
    E3                   IBUF (Prop_ibuf_I_O)         1.411     1.411 r  risc32_i/clk_wiz_0/inst/clkin1_ibufg/O
                         net (fo=1, routed)           1.181     2.592    risc32_i/clk_wiz_0/inst/clk_in1_risc32_clk_wiz_0_0
    PLLE2_ADV_X1Y2       PLLE2_ADV (Prop_plle2_adv_CLKIN1_CLKOUT0)
                                                     -7.856    -5.264 r  risc32_i/clk_wiz_0/inst/plle2_adv_inst/CLKOUT0
                         net (fo=1, routed)           1.634    -3.630    risc32_i/clk_wiz_0/inst/clk_out1_risc32_clk_wiz_0_0
    BUFGCTRL_X0Y16       BUFG (Prop_bufg_I_O)         0.091    -3.539 r  risc32_i/clk_wiz_0/inst/clkout1_buf/O
                         net (fo=38, routed)          1.602    -1.936    risc32_i/segment_0/inst/clk
    SLICE_X7Y92          FDCE                                         r  risc32_i/segment_0/inst/seg_num_reg[1]/C

Slack:                    inf
  Source:                 risc32_i/pc_0/inst/q_reg[4]/C
                            (rising edge-triggered cell FDCE)
  Destination:            risc32_i/segment_0/inst/seg_num_reg[2]/D
                            (rising edge-triggered cell FDCE clocked by clk_out1_risc32_clk_wiz_0_0  {rise@0.000ns fall@10.000ns period=20.000ns})
  Path Group:             (none)
  Path Type:              Setup (Max at Slow Process Corner)
  Data Path Delay:        10.578ns  (logic 3.182ns (30.082%)  route 7.396ns (69.918%))
  Logic Levels:           14  (CARRY4=6 FDCE=1 LUT2=2 LUT6=3 MUXF7=1 RAMD32=1)
  Clock Uncertainty:      0.260ns  ((TSJ^2 + DJ^2)^1/2) / 2 + PE
    Total System Jitter     (TSJ):    0.050ns
    Discrete Jitter          (DJ):    0.203ns
    Phase Error              (PE):    0.156ns

    Location             Delay type                Incr(ns)  Path(ns)    Netlist Resource(s)
  -------------------------------------------------------------------    -------------------
    SLICE_X9Y89          FDCE                         0.000     0.000 r  risc32_i/pc_0/inst/q_reg[4]/C
    SLICE_X9Y89          FDCE (Prop_fdce_C_Q)         0.456     0.456 r  risc32_i/pc_0/inst/q_reg[4]/Q
                         net (fo=15, routed)          1.025     1.481    risc32_i/imem_0/inst/inst_addr[4]
    SLICE_X9Y90          LUT6 (Prop_lut6_I3_O)        0.124     1.605 r  risc32_i/imem_0/inst/inst_o[23]_INST_0/O
                         net (fo=65, routed)          2.827     4.432    risc32_i/regfile_0/inst/reg_array_reg_r2_0_31_6_11/ADDRC3
    SLICE_X2Y91          RAMD32 (Prop_ramd32_RADR3_O)
                                                      0.153     4.585 r  risc32_i/regfile_0/inst/reg_array_reg_r2_0_31_6_11/RAMC/O
                         net (fo=1, routed)           0.948     5.534    risc32_i/regfile_0/inst/reg_data20[10]
    SLICE_X5Y90          LUT6 (Prop_lut6_I5_O)        0.331     5.865 r  risc32_i/regfile_0/inst/reg_data2[10]_INST_0/O
                         net (fo=1, routed)           0.877     6.741    risc32_i/MUX_32b_2_to_1_0/inst/data0[10]
    SLICE_X5Y90          LUT2 (Prop_lut2_I0_O)        0.152     6.893 r  risc32_i/MUX_32b_2_to_1_0/inst/result[10]_INST_0/O
                         net (fo=1, routed)           0.667     7.560    risc32_i/alu32_0/inst/alu_b[10]
    SLICE_X4Y90          LUT2 (Prop_lut2_I1_O)        0.326     7.886 r  risc32_i/alu32_0/inst/alu_out0_carry__1_i_2/O
                         net (fo=1, routed)           0.000     7.886    risc32_i/alu32_0/inst/alu_out0_carry__1_i_2_n_0
    SLICE_X4Y90          CARRY4 (Prop_carry4_S[2]_CO[3])
                                                      0.398     8.284 r  risc32_i/alu32_0/inst/alu_out0_carry__1/CO[3]
                         net (fo=1, routed)           0.000     8.284    risc32_i/alu32_0/inst/alu_out0_carry__1_n_0
    SLICE_X4Y91          CARRY4 (Prop_carry4_CI_CO[3])
                                                      0.114     8.398 r  risc32_i/alu32_0/inst/alu_out0_carry__2/CO[3]
                         net (fo=1, routed)           0.000     8.398    risc32_i/alu32_0/inst/alu_out0_carry__2_n_0
    SLICE_X4Y92          CARRY4 (Prop_carry4_CI_CO[3])
                                                      0.114     8.512 r  risc32_i/alu32_0/inst/alu_out0_carry__3/CO[3]
                         net (fo=1, routed)           0.000     8.512    risc32_i/alu32_0/inst/alu_out0_carry__3_n_0
    SLICE_X4Y93          CARRY4 (Prop_carry4_CI_CO[3])
                                                      0.114     8.626 r  risc32_i/alu32_0/inst/alu_out0_carry__4/CO[3]
                         net (fo=1, routed)           0.000     8.626    risc32_i/alu32_0/inst/alu_out0_carry__4_n_0
    SLICE_X4Y94          CARRY4 (Prop_carry4_CI_CO[3])
                                                      0.114     8.740 r  risc32_i/alu32_0/inst/alu_out0_carry__5/CO[3]
                         net (fo=1, routed)           0.000     8.740    risc32_i/alu32_0/inst/alu_out0_carry__5_n_0
    SLICE_X4Y95          CARRY4 (Prop_carry4_CI_O[2])
                                                      0.239     8.979 r  risc32_i/alu32_0/inst/alu_out0_carry__6/O[2]
                         net (fo=5, routed)           1.052    10.031    risc32_i/segment_0/inst/Data_i[30]
    SLICE_X5Y92          LUT6 (Prop_lut6_I0_O)        0.302    10.333 r  risc32_i/segment_0/inst/seg_num[2]_i_3/O
                         net (fo=1, routed)           0.000    10.333    risc32_i/segment_0/inst/seg_num[2]_i_3_n_0
    SLICE_X5Y92          MUXF7 (Prop_muxf7_I1_O)      0.245    10.578 r  risc32_i/segment_0/inst/seg_num_reg[2]_i_1/O
                         net (fo=1, routed)           0.000    10.578    risc32_i/segment_0/inst/seg_num_2[2]
    SLICE_X5Y92          FDCE                                         r  risc32_i/segment_0/inst/seg_num_reg[2]/D
  -------------------------------------------------------------------    -------------------

                         (clock clk_out1_risc32_clk_wiz_0_0 rise edge)
                                                      0.000     0.000 r  
    E3                                                0.000     0.000 r  clk_in1_0 (IN)
                         net (fo=0)                   0.000     0.000    risc32_i/clk_wiz_0/inst/clk_in1
    E3                   IBUF (Prop_ibuf_I_O)         1.411     1.411 r  risc32_i/clk_wiz_0/inst/clkin1_ibufg/O
                         net (fo=1, routed)           1.181     2.592    risc32_i/clk_wiz_0/inst/clk_in1_risc32_clk_wiz_0_0
    PLLE2_ADV_X1Y2       PLLE2_ADV (Prop_plle2_adv_CLKIN1_CLKOUT0)
                                                     -7.856    -5.264 r  risc32_i/clk_wiz_0/inst/plle2_adv_inst/CLKOUT0
                         net (fo=1, routed)           1.634    -3.630    risc32_i/clk_wiz_0/inst/clk_out1_risc32_clk_wiz_0_0
    BUFGCTRL_X0Y16       BUFG (Prop_bufg_I_O)         0.091    -3.539 r  risc32_i/clk_wiz_0/inst/clkout1_buf/O
                         net (fo=38, routed)          1.602    -1.936    risc32_i/segment_0/inst/clk
    SLICE_X5Y92          FDCE                                         r  risc32_i/segment_0/inst/seg_num_reg[2]/C

Slack:                    inf
  Source:                 risc32_i/pc_0/inst/q_reg[4]/C
                            (rising edge-triggered cell FDCE)
  Destination:            risc32_i/segment_0/inst/seg_num_reg[3]/D
                            (rising edge-triggered cell FDCE clocked by clk_out1_risc32_clk_wiz_0_0  {rise@0.000ns fall@10.000ns period=20.000ns})
  Path Group:             (none)
  Path Type:              Setup (Max at Slow Process Corner)
  Data Path Delay:        10.550ns  (logic 3.232ns (30.634%)  route 7.318ns (69.366%))
  Logic Levels:           14  (CARRY4=6 FDCE=1 LUT2=2 LUT6=3 MUXF7=1 RAMD32=1)
  Clock Uncertainty:      0.260ns  ((TSJ^2 + DJ^2)^1/2) / 2 + PE
    Total System Jitter     (TSJ):    0.050ns
    Discrete Jitter          (DJ):    0.203ns
    Phase Error              (PE):    0.156ns

    Location             Delay type                Incr(ns)  Path(ns)    Netlist Resource(s)
  -------------------------------------------------------------------    -------------------
    SLICE_X9Y89          FDCE                         0.000     0.000 r  risc32_i/pc_0/inst/q_reg[4]/C
    SLICE_X9Y89          FDCE (Prop_fdce_C_Q)         0.456     0.456 r  risc32_i/pc_0/inst/q_reg[4]/Q
                         net (fo=15, routed)          1.025     1.481    risc32_i/imem_0/inst/inst_addr[4]
    SLICE_X9Y90          LUT6 (Prop_lut6_I3_O)        0.124     1.605 r  risc32_i/imem_0/inst/inst_o[23]_INST_0/O
                         net (fo=65, routed)          2.827     4.432    risc32_i/regfile_0/inst/reg_array_reg_r2_0_31_6_11/ADDRC3
    SLICE_X2Y91          RAMD32 (Prop_ramd32_RADR3_O)
                                                      0.153     4.585 r  risc32_i/regfile_0/inst/reg_array_reg_r2_0_31_6_11/RAMC/O
                         net (fo=1, routed)           0.948     5.534    risc32_i/regfile_0/inst/reg_data20[10]
    SLICE_X5Y90          LUT6 (Prop_lut6_I5_O)        0.331     5.865 r  risc32_i/regfile_0/inst/reg_data2[10]_INST_0/O
                         net (fo=1, routed)           0.877     6.741    risc32_i/MUX_32b_2_to_1_0/inst/data0[10]
    SLICE_X5Y90          LUT2 (Prop_lut2_I0_O)        0.152     6.893 r  risc32_i/MUX_32b_2_to_1_0/inst/result[10]_INST_0/O
                         net (fo=1, routed)           0.667     7.560    risc32_i/alu32_0/inst/alu_b[10]
    SLICE_X4Y90          LUT2 (Prop_lut2_I1_O)        0.326     7.886 r  risc32_i/alu32_0/inst/alu_out0_carry__1_i_2/O
                         net (fo=1, routed)           0.000     7.886    risc32_i/alu32_0/inst/alu_out0_carry__1_i_2_n_0
    SLICE_X4Y90          CARRY4 (Prop_carry4_S[2]_CO[3])
                                                      0.398     8.284 r  risc32_i/alu32_0/inst/alu_out0_carry__1/CO[3]
                         net (fo=1, routed)           0.000     8.284    risc32_i/alu32_0/inst/alu_out0_carry__1_n_0
    SLICE_X4Y91          CARRY4 (Prop_carry4_CI_CO[3])
                                                      0.114     8.398 r  risc32_i/alu32_0/inst/alu_out0_carry__2/CO[3]
                         net (fo=1, routed)           0.000     8.398    risc32_i/alu32_0/inst/alu_out0_carry__2_n_0
    SLICE_X4Y92          CARRY4 (Prop_carry4_CI_CO[3])
                                                      0.114     8.512 r  risc32_i/alu32_0/inst/alu_out0_carry__3/CO[3]
                         net (fo=1, routed)           0.000     8.512    risc32_i/alu32_0/inst/alu_out0_carry__3_n_0
    SLICE_X4Y93          CARRY4 (Prop_carry4_CI_CO[3])
                                                      0.114     8.626 r  risc32_i/alu32_0/inst/alu_out0_carry__4/CO[3]
                         net (fo=1, routed)           0.000     8.626    risc32_i/alu32_0/inst/alu_out0_carry__4_n_0
    SLICE_X4Y94          CARRY4 (Prop_carry4_CI_CO[3])
                                                      0.114     8.740 r  risc32_i/alu32_0/inst/alu_out0_carry__5/CO[3]
                         net (fo=1, routed)           0.000     8.740    risc32_i/alu32_0/inst/alu_out0_carry__5_n_0
    SLICE_X4Y95          CARRY4 (Prop_carry4_CI_O[3])
                                                      0.313     9.053 r  risc32_i/alu32_0/inst/alu_out0_carry__6/O[3]
                         net (fo=5, routed)           0.974    10.027    risc32_i/segment_0/inst/Data_i[31]
    SLICE_X3Y92          LUT6 (Prop_lut6_I0_O)        0.306    10.333 r  risc32_i/segment_0/inst/seg_num[3]_i_3/O
                         net (fo=1, routed)           0.000    10.333    risc32_i/segment_0/inst/seg_num[3]_i_3_n_0
    SLICE_X3Y92          MUXF7 (Prop_muxf7_I1_O)      0.217    10.550 r  risc32_i/segment_0/inst/seg_num_reg[3]_i_1/O
                         net (fo=1, routed)           0.000    10.550    risc32_i/segment_0/inst/seg_num_2[3]
    SLICE_X3Y92          FDCE                                         r  risc32_i/segment_0/inst/seg_num_reg[3]/D
  -------------------------------------------------------------------    -------------------

                         (clock clk_out1_risc32_clk_wiz_0_0 rise edge)
                                                      0.000     0.000 r  
    E3                                                0.000     0.000 r  clk_in1_0 (IN)
                         net (fo=0)                   0.000     0.000    risc32_i/clk_wiz_0/inst/clk_in1
    E3                   IBUF (Prop_ibuf_I_O)         1.411     1.411 r  risc32_i/clk_wiz_0/inst/clkin1_ibufg/O
                         net (fo=1, routed)           1.181     2.592    risc32_i/clk_wiz_0/inst/clk_in1_risc32_clk_wiz_0_0
    PLLE2_ADV_X1Y2       PLLE2_ADV (Prop_plle2_adv_CLKIN1_CLKOUT0)
                                                     -7.856    -5.264 r  risc32_i/clk_wiz_0/inst/plle2_adv_inst/CLKOUT0
                         net (fo=1, routed)           1.634    -3.630    risc32_i/clk_wiz_0/inst/clk_out1_risc32_clk_wiz_0_0
    BUFGCTRL_X0Y16       BUFG (Prop_bufg_I_O)         0.091    -3.539 r  risc32_i/clk_wiz_0/inst/clkout1_buf/O
                         net (fo=38, routed)          1.604    -1.934    risc32_i/segment_0/inst/clk
    SLICE_X3Y92          FDCE                                         r  risc32_i/segment_0/inst/seg_num_reg[3]/C

Slack:                    inf
  Source:                 risc32_i/pc_0/inst/q_reg[4]/C
                            (rising edge-triggered cell FDCE)
  Destination:            risc32_i/segment_0/inst/seg_num_reg[0]/D
                            (rising edge-triggered cell FDCE clocked by clk_out1_risc32_clk_wiz_0_0  {rise@0.000ns fall@10.000ns period=20.000ns})
  Path Group:             (none)
  Path Type:              Setup (Max at Slow Process Corner)
  Data Path Delay:        10.276ns  (logic 2.792ns (27.171%)  route 7.484ns (72.829%))
  Logic Levels:           11  (CARRY4=3 FDCE=1 LUT2=2 LUT6=3 MUXF7=1 RAMD32=1)
  Clock Uncertainty:      0.260ns  ((TSJ^2 + DJ^2)^1/2) / 2 + PE
    Total System Jitter     (TSJ):    0.050ns
    Discrete Jitter          (DJ):    0.203ns
    Phase Error              (PE):    0.156ns

    Location             Delay type                Incr(ns)  Path(ns)    Netlist Resource(s)
  -------------------------------------------------------------------    -------------------
    SLICE_X9Y89          FDCE                         0.000     0.000 r  risc32_i/pc_0/inst/q_reg[4]/C
    SLICE_X9Y89          FDCE (Prop_fdce_C_Q)         0.456     0.456 r  risc32_i/pc_0/inst/q_reg[4]/Q
                         net (fo=15, routed)          1.025     1.481    risc32_i/imem_0/inst/inst_addr[4]
    SLICE_X9Y90          LUT6 (Prop_lut6_I3_O)        0.124     1.605 r  risc32_i/imem_0/inst/inst_o[23]_INST_0/O
                         net (fo=65, routed)          2.827     4.432    risc32_i/regfile_0/inst/reg_array_reg_r2_0_31_6_11/ADDRC3
    SLICE_X2Y91          RAMD32 (Prop_ramd32_RADR3_O)
                                                      0.153     4.585 r  risc32_i/regfile_0/inst/reg_array_reg_r2_0_31_6_11/RAMC/O
                         net (fo=1, routed)           0.948     5.534    risc32_i/regfile_0/inst/reg_data20[10]
    SLICE_X5Y90          LUT6 (Prop_lut6_I5_O)        0.331     5.865 r  risc32_i/regfile_0/inst/reg_data2[10]_INST_0/O
                         net (fo=1, routed)           0.877     6.741    risc32_i/MUX_32b_2_to_1_0/inst/data0[10]
    SLICE_X5Y90          LUT2 (Prop_lut2_I0_O)        0.152     6.893 r  risc32_i/MUX_32b_2_to_1_0/inst/result[10]_INST_0/O
                         net (fo=1, routed)           0.667     7.560    risc32_i/alu32_0/inst/alu_b[10]
    SLICE_X4Y90          LUT2 (Prop_lut2_I1_O)        0.326     7.886 r  risc32_i/alu32_0/inst/alu_out0_carry__1_i_2/O
                         net (fo=1, routed)           0.000     7.886    risc32_i/alu32_0/inst/alu_out0_carry__1_i_2_n_0
    SLICE_X4Y90          CARRY4 (Prop_carry4_S[2]_CO[3])
                                                      0.398     8.284 r  risc32_i/alu32_0/inst/alu_out0_carry__1/CO[3]
                         net (fo=1, routed)           0.000     8.284    risc32_i/alu32_0/inst/alu_out0_carry__1_n_0
    SLICE_X4Y91          CARRY4 (Prop_carry4_CI_CO[3])
                                                      0.114     8.398 r  risc32_i/alu32_0/inst/alu_out0_carry__2/CO[3]
                         net (fo=1, routed)           0.000     8.398    risc32_i/alu32_0/inst/alu_out0_carry__2_n_0
    SLICE_X4Y92          CARRY4 (Prop_carry4_CI_O[0])
                                                      0.222     8.620 r  risc32_i/alu32_0/inst/alu_out0_carry__3/O[0]
                         net (fo=3, routed)           1.140     9.760    risc32_i/segment_0/inst/Data_i[16]
    SLICE_X5Y92          LUT6 (Prop_lut6_I5_O)        0.299    10.059 r  risc32_i/segment_0/inst/seg_num[0]_i_3/O
                         net (fo=1, routed)           0.000    10.059    risc32_i/segment_0/inst/seg_num[0]_i_3_n_0
    SLICE_X5Y92          MUXF7 (Prop_muxf7_I1_O)      0.217    10.276 r  risc32_i/segment_0/inst/seg_num_reg[0]_i_1/O
                         net (fo=1, routed)           0.000    10.276    risc32_i/segment_0/inst/seg_num_2[0]
    SLICE_X5Y92          FDCE                                         r  risc32_i/segment_0/inst/seg_num_reg[0]/D
  -------------------------------------------------------------------    -------------------

                         (clock clk_out1_risc32_clk_wiz_0_0 rise edge)
                                                      0.000     0.000 r  
    E3                                                0.000     0.000 r  clk_in1_0 (IN)
                         net (fo=0)                   0.000     0.000    risc32_i/clk_wiz_0/inst/clk_in1
    E3                   IBUF (Prop_ibuf_I_O)         1.411     1.411 r  risc32_i/clk_wiz_0/inst/clkin1_ibufg/O
                         net (fo=1, routed)           1.181     2.592    risc32_i/clk_wiz_0/inst/clk_in1_risc32_clk_wiz_0_0
    PLLE2_ADV_X1Y2       PLLE2_ADV (Prop_plle2_adv_CLKIN1_CLKOUT0)
                                                     -7.856    -5.264 r  risc32_i/clk_wiz_0/inst/plle2_adv_inst/CLKOUT0
                         net (fo=1, routed)           1.634    -3.630    risc32_i/clk_wiz_0/inst/clk_out1_risc32_clk_wiz_0_0
    BUFGCTRL_X0Y16       BUFG (Prop_bufg_I_O)         0.091    -3.539 r  risc32_i/clk_wiz_0/inst/clkout1_buf/O
                         net (fo=38, routed)          1.602    -1.936    risc32_i/segment_0/inst/clk
    SLICE_X5Y92          FDCE                                         r  risc32_i/segment_0/inst/seg_num_reg[0]/C





Min Delay Paths
--------------------------------------------------------------------------------------
Slack:                    inf
  Source:                 risc32_i/regfile_0/inst/reg_array_reg_r1_0_31_6_11/RAMC_D1/CLK
                            (rising edge-triggered cell RAMD32)
  Destination:            risc32_i/segment_0/inst/seg_num_reg[0]/D
                            (rising edge-triggered cell FDCE clocked by clk_out1_risc32_clk_wiz_0_0  {rise@0.000ns fall@10.000ns period=20.000ns})
  Path Group:             (none)
  Path Type:              Hold (Min at Fast Process Corner)
  Data Path Delay:        1.169ns  (logic 0.767ns (65.620%)  route 0.402ns (34.380%))
  Logic Levels:           6  (CARRY4=2 LUT2=1 LUT6=1 MUXF7=1 RAMD32=1)
  Clock Uncertainty:      0.260ns  ((TSJ^2 + DJ^2)^1/2) / 2 + PE
    Total System Jitter     (TSJ):    0.050ns
    Discrete Jitter          (DJ):    0.203ns
    Phase Error              (PE):    0.156ns

    Location             Delay type                Incr(ns)  Path(ns)    Netlist Resource(s)
  -------------------------------------------------------------------    -------------------
    SLICE_X2Y90          RAMD32                       0.000     0.000 r  risc32_i/regfile_0/inst/reg_array_reg_r1_0_31_6_11/RAMC_D1/CLK
    SLICE_X2Y90          RAMD32 (Prop_ramd32_CLK_O)
                                                      0.386     0.386 r  risc32_i/regfile_0/inst/reg_array_reg_r1_0_31_6_11/RAMC_D1/O
                         net (fo=1, routed)           0.136     0.522    risc32_i/regfile_0/inst/reg_data10[11]
    SLICE_X3Y91          LUT2 (Prop_lut2_I1_O)        0.045     0.567 r  risc32_i/regfile_0/inst/reg_data1[11]_INST_0/O
                         net (fo=2, routed)           0.125     0.691    risc32_i/alu32_0/inst/alu_a[11]
    SLICE_X4Y90          CARRY4 (Prop_carry4_DI[3]_CO[3])
                                                      0.113     0.804 r  risc32_i/alu32_0/inst/alu_out0_carry__1/CO[3]
                         net (fo=1, routed)           0.000     0.804    risc32_i/alu32_0/inst/alu_out0_carry__1_n_0
    SLICE_X4Y91          CARRY4 (Prop_carry4_CI_O[0])
                                                      0.054     0.858 r  risc32_i/alu32_0/inst/alu_out0_carry__2/O[0]
                         net (fo=3, routed)           0.141     1.000    risc32_i/segment_0/inst/Data_i[12]
    SLICE_X5Y92          LUT6 (Prop_lut6_I0_O)        0.107     1.107 r  risc32_i/segment_0/inst/seg_num[0]_i_2/O
                         net (fo=1, routed)           0.000     1.107    risc32_i/segment_0/inst/seg_num[0]_i_2_n_0
    SLICE_X5Y92          MUXF7 (Prop_muxf7_I0_O)      0.062     1.169 r  risc32_i/segment_0/inst/seg_num_reg[0]_i_1/O
                         net (fo=1, routed)           0.000     1.169    risc32_i/segment_0/inst/seg_num_2[0]
    SLICE_X5Y92          FDCE                                         r  risc32_i/segment_0/inst/seg_num_reg[0]/D
  -------------------------------------------------------------------    -------------------

                         (clock clk_out1_risc32_clk_wiz_0_0 rise edge)
                                                      0.000     0.000 r  
    E3                                                0.000     0.000 r  clk_in1_0 (IN)
                         net (fo=0)                   0.000     0.000    risc32_i/clk_wiz_0/inst/clk_in1
    E3                   IBUF (Prop_ibuf_I_O)         0.438     0.438 r  risc32_i/clk_wiz_0/inst/clkin1_ibufg/O
                         net (fo=1, routed)           0.481     0.919    risc32_i/clk_wiz_0/inst/clk_in1_risc32_clk_wiz_0_0
    PLLE2_ADV_X1Y2       PLLE2_ADV (Prop_plle2_adv_CLKIN1_CLKOUT0)
                                                     -2.659    -1.740 r  risc32_i/clk_wiz_0/inst/plle2_adv_inst/CLKOUT0
                         net (fo=1, routed)           0.560    -1.181    risc32_i/clk_wiz_0/inst/clk_out1_risc32_clk_wiz_0_0
    BUFGCTRL_X0Y16       BUFG (Prop_bufg_I_O)         0.029    -1.152 r  risc32_i/clk_wiz_0/inst/clkout1_buf/O
                         net (fo=38, routed)          0.873    -0.279    risc32_i/segment_0/inst/clk
    SLICE_X5Y92          FDCE                                         r  risc32_i/segment_0/inst/seg_num_reg[0]/C

Slack:                    inf
  Source:                 risc32_i/regfile_0/inst/reg_array_reg_r1_0_31_6_11/RAMC_D1/CLK
                            (rising edge-triggered cell RAMD32)
  Destination:            risc32_i/segment_0/inst/seg_num_reg[1]/D
                            (rising edge-triggered cell FDCE clocked by clk_out1_risc32_clk_wiz_0_0  {rise@0.000ns fall@10.000ns period=20.000ns})
  Path Group:             (none)
  Path Type:              Hold (Min at Fast Process Corner)
  Data Path Delay:        1.237ns  (logic 0.846ns (68.406%)  route 0.391ns (31.594%))
  Logic Levels:           7  (CARRY4=3 LUT2=1 LUT6=1 MUXF7=1 RAMD32=1)
  Clock Uncertainty:      0.260ns  ((TSJ^2 + DJ^2)^1/2) / 2 + PE
    Total System Jitter     (TSJ):    0.050ns
    Discrete Jitter          (DJ):    0.203ns
    Phase Error              (PE):    0.156ns

    Location             Delay type                Incr(ns)  Path(ns)    Netlist Resource(s)
  -------------------------------------------------------------------    -------------------
    SLICE_X2Y90          RAMD32                       0.000     0.000 r  risc32_i/regfile_0/inst/reg_array_reg_r1_0_31_6_11/RAMC_D1/CLK
    SLICE_X2Y90          RAMD32 (Prop_ramd32_CLK_O)
                                                      0.386     0.386 r  risc32_i/regfile_0/inst/reg_array_reg_r1_0_31_6_11/RAMC_D1/O
                         net (fo=1, routed)           0.136     0.522    risc32_i/regfile_0/inst/reg_data10[11]
    SLICE_X3Y91          LUT2 (Prop_lut2_I1_O)        0.045     0.567 r  risc32_i/regfile_0/inst/reg_data1[11]_INST_0/O
                         net (fo=2, routed)           0.125     0.691    risc32_i/alu32_0/inst/alu_a[11]
    SLICE_X4Y90          CARRY4 (Prop_carry4_DI[3]_CO[3])
                                                      0.113     0.804 r  risc32_i/alu32_0/inst/alu_out0_carry__1/CO[3]
                         net (fo=1, routed)           0.000     0.804    risc32_i/alu32_0/inst/alu_out0_carry__1_n_0
    SLICE_X4Y91          CARRY4 (Prop_carry4_CI_CO[3])
                                                      0.039     0.843 r  risc32_i/alu32_0/inst/alu_out0_carry__2/CO[3]
                         net (fo=1, routed)           0.000     0.843    risc32_i/alu32_0/inst/alu_out0_carry__2_n_0
    SLICE_X4Y92          CARRY4 (Prop_carry4_CI_O[1])
                                                      0.091     0.934 r  risc32_i/alu32_0/inst/alu_out0_carry__3/O[1]
                         net (fo=3, routed)           0.130     1.065    risc32_i/segment_0/inst/Data_i[17]
    SLICE_X7Y92          LUT6 (Prop_lut6_I5_O)        0.107     1.172 r  risc32_i/segment_0/inst/seg_num[1]_i_3/O
                         net (fo=1, routed)           0.000     1.172    risc32_i/segment_0/inst/seg_num[1]_i_3_n_0
    SLICE_X7Y92          MUXF7 (Prop_muxf7_I1_O)      0.065     1.237 r  risc32_i/segment_0/inst/seg_num_reg[1]_i_1/O
                         net (fo=1, routed)           0.000     1.237    risc32_i/segment_0/inst/seg_num_2[1]
    SLICE_X7Y92          FDCE                                         r  risc32_i/segment_0/inst/seg_num_reg[1]/D
  -------------------------------------------------------------------    -------------------

                         (clock clk_out1_risc32_clk_wiz_0_0 rise edge)
                                                      0.000     0.000 r  
    E3                                                0.000     0.000 r  clk_in1_0 (IN)
                         net (fo=0)                   0.000     0.000    risc32_i/clk_wiz_0/inst/clk_in1
    E3                   IBUF (Prop_ibuf_I_O)         0.438     0.438 r  risc32_i/clk_wiz_0/inst/clkin1_ibufg/O
                         net (fo=1, routed)           0.481     0.919    risc32_i/clk_wiz_0/inst/clk_in1_risc32_clk_wiz_0_0
    PLLE2_ADV_X1Y2       PLLE2_ADV (Prop_plle2_adv_CLKIN1_CLKOUT0)
                                                     -2.659    -1.740 r  risc32_i/clk_wiz_0/inst/plle2_adv_inst/CLKOUT0
                         net (fo=1, routed)           0.560    -1.181    risc32_i/clk_wiz_0/inst/clk_out1_risc32_clk_wiz_0_0
    BUFGCTRL_X0Y16       BUFG (Prop_bufg_I_O)         0.029    -1.152 r  risc32_i/clk_wiz_0/inst/clkout1_buf/O
                         net (fo=38, routed)          0.873    -0.279    risc32_i/segment_0/inst/clk
    SLICE_X7Y92          FDCE                                         r  risc32_i/segment_0/inst/seg_num_reg[1]/C

Slack:                    inf
  Source:                 risc32_i/regfile_0/inst/reg_array_reg_r1_0_31_6_11/RAMC_D1/CLK
                            (rising edge-triggered cell RAMD32)
  Destination:            risc32_i/segment_0/inst/seg_num_reg[3]/D
                            (rising edge-triggered cell FDCE clocked by clk_out1_risc32_clk_wiz_0_0  {rise@0.000ns fall@10.000ns period=20.000ns})
  Path Group:             (none)
  Path Type:              Hold (Min at Fast Process Corner)
  Data Path Delay:        1.240ns  (logic 0.806ns (64.988%)  route 0.434ns (35.012%))
  Logic Levels:           6  (CARRY4=2 LUT2=1 LUT6=1 MUXF7=1 RAMD32=1)
  Clock Uncertainty:      0.260ns  ((TSJ^2 + DJ^2)^1/2) / 2 + PE
    Total System Jitter     (TSJ):    0.050ns
    Discrete Jitter          (DJ):    0.203ns
    Phase Error              (PE):    0.156ns

    Location             Delay type                Incr(ns)  Path(ns)    Netlist Resource(s)
  -------------------------------------------------------------------    -------------------
    SLICE_X2Y90          RAMD32                       0.000     0.000 r  risc32_i/regfile_0/inst/reg_array_reg_r1_0_31_6_11/RAMC_D1/CLK
    SLICE_X2Y90          RAMD32 (Prop_ramd32_CLK_O)
                                                      0.386     0.386 r  risc32_i/regfile_0/inst/reg_array_reg_r1_0_31_6_11/RAMC_D1/O
                         net (fo=1, routed)           0.136     0.522    risc32_i/regfile_0/inst/reg_data10[11]
    SLICE_X3Y91          LUT2 (Prop_lut2_I1_O)        0.045     0.567 r  risc32_i/regfile_0/inst/reg_data1[11]_INST_0/O
                         net (fo=2, routed)           0.125     0.691    risc32_i/alu32_0/inst/alu_a[11]
    SLICE_X4Y90          CARRY4 (Prop_carry4_DI[3]_CO[3])
                                                      0.113     0.804 r  risc32_i/alu32_0/inst/alu_out0_carry__1/CO[3]
                         net (fo=1, routed)           0.000     0.804    risc32_i/alu32_0/inst/alu_out0_carry__1_n_0
    SLICE_X4Y91          CARRY4 (Prop_carry4_CI_O[3])
                                                      0.090     0.894 r  risc32_i/alu32_0/inst/alu_out0_carry__2/O[3]
                         net (fo=3, routed)           0.174     1.068    risc32_i/segment_0/inst/Data_i[15]
    SLICE_X3Y92          LUT6 (Prop_lut6_I0_O)        0.110     1.178 r  risc32_i/segment_0/inst/seg_num[3]_i_2/O
                         net (fo=1, routed)           0.000     1.178    risc32_i/segment_0/inst/seg_num[3]_i_2_n_0
    SLICE_X3Y92          MUXF7 (Prop_muxf7_I0_O)      0.062     1.240 r  risc32_i/segment_0/inst/seg_num_reg[3]_i_1/O
                         net (fo=1, routed)           0.000     1.240    risc32_i/segment_0/inst/seg_num_2[3]
    SLICE_X3Y92          FDCE                                         r  risc32_i/segment_0/inst/seg_num_reg[3]/D
  -------------------------------------------------------------------    -------------------

                         (clock clk_out1_risc32_clk_wiz_0_0 rise edge)
                                                      0.000     0.000 r  
    E3                                                0.000     0.000 r  clk_in1_0 (IN)
                         net (fo=0)                   0.000     0.000    risc32_i/clk_wiz_0/inst/clk_in1
    E3                   IBUF (Prop_ibuf_I_O)         0.438     0.438 r  risc32_i/clk_wiz_0/inst/clkin1_ibufg/O
                         net (fo=1, routed)           0.481     0.919    risc32_i/clk_wiz_0/inst/clk_in1_risc32_clk_wiz_0_0
    PLLE2_ADV_X1Y2       PLLE2_ADV (Prop_plle2_adv_CLKIN1_CLKOUT0)
                                                     -2.659    -1.740 r  risc32_i/clk_wiz_0/inst/plle2_adv_inst/CLKOUT0
                         net (fo=1, routed)           0.560    -1.181    risc32_i/clk_wiz_0/inst/clk_out1_risc32_clk_wiz_0_0
    BUFGCTRL_X0Y16       BUFG (Prop_bufg_I_O)         0.029    -1.152 r  risc32_i/clk_wiz_0/inst/clkout1_buf/O
                         net (fo=38, routed)          0.876    -0.276    risc32_i/segment_0/inst/clk
    SLICE_X3Y92          FDCE                                         r  risc32_i/segment_0/inst/seg_num_reg[3]/C

Slack:                    inf
  Source:                 risc32_i/regfile_0/inst/reg_array_reg_r1_0_31_6_11/RAMC_D1/CLK
                            (rising edge-triggered cell RAMD32)
  Destination:            risc32_i/segment_0/inst/seg_num_reg[2]/D
                            (rising edge-triggered cell FDCE clocked by clk_out1_risc32_clk_wiz_0_0  {rise@0.000ns fall@10.000ns period=20.000ns})
  Path Group:             (none)
  Path Type:              Hold (Min at Fast Process Corner)
  Data Path Delay:        1.310ns  (logic 0.830ns (63.382%)  route 0.480ns (36.618%))
  Logic Levels:           7  (CARRY4=3 LUT2=1 LUT6=1 MUXF7=1 RAMD32=1)
  Clock Uncertainty:      0.260ns  ((TSJ^2 + DJ^2)^1/2) / 2 + PE
    Total System Jitter     (TSJ):    0.050ns
    Discrete Jitter          (DJ):    0.203ns
    Phase Error              (PE):    0.156ns

    Location             Delay type                Incr(ns)  Path(ns)    Netlist Resource(s)
  -------------------------------------------------------------------    -------------------
    SLICE_X2Y90          RAMD32                       0.000     0.000 r  risc32_i/regfile_0/inst/reg_array_reg_r1_0_31_6_11/RAMC_D1/CLK
    SLICE_X2Y90          RAMD32 (Prop_ramd32_CLK_O)
                                                      0.386     0.386 r  risc32_i/regfile_0/inst/reg_array_reg_r1_0_31_6_11/RAMC_D1/O
                         net (fo=1, routed)           0.136     0.522    risc32_i/regfile_0/inst/reg_data10[11]
    SLICE_X3Y91          LUT2 (Prop_lut2_I1_O)        0.045     0.567 r  risc32_i/regfile_0/inst/reg_data1[11]_INST_0/O
                         net (fo=2, routed)           0.125     0.691    risc32_i/alu32_0/inst/alu_a[11]
    SLICE_X4Y90          CARRY4 (Prop_carry4_DI[3]_CO[3])
                                                      0.113     0.804 r  risc32_i/alu32_0/inst/alu_out0_carry__1/CO[3]
                         net (fo=1, routed)           0.000     0.804    risc32_i/alu32_0/inst/alu_out0_carry__1_n_0
    SLICE_X4Y91          CARRY4 (Prop_carry4_CI_CO[3])
                                                      0.039     0.843 r  risc32_i/alu32_0/inst/alu_out0_carry__2/CO[3]
                         net (fo=1, routed)           0.000     0.843    risc32_i/alu32_0/inst/alu_out0_carry__2_n_0
    SLICE_X4Y92          CARRY4 (Prop_carry4_CI_O[2])
                                                      0.065     0.908 r  risc32_i/alu32_0/inst/alu_out0_carry__3/O[2]
                         net (fo=3, routed)           0.219     1.128    risc32_i/segment_0/inst/Data_i[18]
    SLICE_X5Y92          LUT6 (Prop_lut6_I5_O)        0.108     1.236 r  risc32_i/segment_0/inst/seg_num[2]_i_3/O
                         net (fo=1, routed)           0.000     1.236    risc32_i/segment_0/inst/seg_num[2]_i_3_n_0
    SLICE_X5Y92          MUXF7 (Prop_muxf7_I1_O)      0.074     1.310 r  risc32_i/segment_0/inst/seg_num_reg[2]_i_1/O
                         net (fo=1, routed)           0.000     1.310    risc32_i/segment_0/inst/seg_num_2[2]
    SLICE_X5Y92          FDCE                                         r  risc32_i/segment_0/inst/seg_num_reg[2]/D
  -------------------------------------------------------------------    -------------------

                         (clock clk_out1_risc32_clk_wiz_0_0 rise edge)
                                                      0.000     0.000 r  
    E3                                                0.000     0.000 r  clk_in1_0 (IN)
                         net (fo=0)                   0.000     0.000    risc32_i/clk_wiz_0/inst/clk_in1
    E3                   IBUF (Prop_ibuf_I_O)         0.438     0.438 r  risc32_i/clk_wiz_0/inst/clkin1_ibufg/O
                         net (fo=1, routed)           0.481     0.919    risc32_i/clk_wiz_0/inst/clk_in1_risc32_clk_wiz_0_0
    PLLE2_ADV_X1Y2       PLLE2_ADV (Prop_plle2_adv_CLKIN1_CLKOUT0)
                                                     -2.659    -1.740 r  risc32_i/clk_wiz_0/inst/plle2_adv_inst/CLKOUT0
                         net (fo=1, routed)           0.560    -1.181    risc32_i/clk_wiz_0/inst/clk_out1_risc32_clk_wiz_0_0
    BUFGCTRL_X0Y16       BUFG (Prop_bufg_I_O)         0.029    -1.152 r  risc32_i/clk_wiz_0/inst/clkout1_buf/O
                         net (fo=38, routed)          0.873    -0.279    risc32_i/segment_0/inst/clk
    SLICE_X5Y92          FDCE                                         r  risc32_i/segment_0/inst/seg_num_reg[2]/C





--------------------------------------------------------------------------------------
Path Group:  (none)
From Clock:  
  To Clock:  clk_out1_risc32_clk_wiz_0_0_1

Max Delay             4 Endpoints
Min Delay             4 Endpoints
--------------------------------------------------------------------------------------


Max Delay Paths
--------------------------------------------------------------------------------------
Slack:                    inf
  Source:                 risc32_i/pc_0/inst/q_reg[4]/C
                            (rising edge-triggered cell FDCE)
  Destination:            risc32_i/segment_0/inst/seg_num_reg[1]/D
                            (rising edge-triggered cell FDCE clocked by clk_out1_risc32_clk_wiz_0_0_1  {rise@0.000ns fall@10.000ns period=20.000ns})
  Path Group:             (none)
  Path Type:              Setup (Max at Slow Process Corner)
  Data Path Delay:        10.678ns  (logic 3.250ns (30.436%)  route 7.428ns (69.564%))
  Logic Levels:           14  (CARRY4=6 FDCE=1 LUT2=2 LUT6=3 MUXF7=1 RAMD32=1)
  Clock Uncertainty:      0.255ns  ((TSJ^2 + DJ^2)^1/2) / 2 + PE
    Total System Jitter     (TSJ):    0.050ns
    Discrete Jitter          (DJ):    0.193ns
    Phase Error              (PE):    0.156ns

    Location             Delay type                Incr(ns)  Path(ns)    Netlist Resource(s)
  -------------------------------------------------------------------    -------------------
    SLICE_X9Y89          FDCE                         0.000     0.000 r  risc32_i/pc_0/inst/q_reg[4]/C
    SLICE_X9Y89          FDCE (Prop_fdce_C_Q)         0.456     0.456 r  risc32_i/pc_0/inst/q_reg[4]/Q
                         net (fo=15, routed)          1.025     1.481    risc32_i/imem_0/inst/inst_addr[4]
    SLICE_X9Y90          LUT6 (Prop_lut6_I3_O)        0.124     1.605 r  risc32_i/imem_0/inst/inst_o[23]_INST_0/O
                         net (fo=65, routed)          2.827     4.432    risc32_i/regfile_0/inst/reg_array_reg_r2_0_31_6_11/ADDRC3
    SLICE_X2Y91          RAMD32 (Prop_ramd32_RADR3_O)
                                                      0.153     4.585 r  risc32_i/regfile_0/inst/reg_array_reg_r2_0_31_6_11/RAMC/O
                         net (fo=1, routed)           0.948     5.534    risc32_i/regfile_0/inst/reg_data20[10]
    SLICE_X5Y90          LUT6 (Prop_lut6_I5_O)        0.331     5.865 r  risc32_i/regfile_0/inst/reg_data2[10]_INST_0/O
                         net (fo=1, routed)           0.877     6.741    risc32_i/MUX_32b_2_to_1_0/inst/data0[10]
    SLICE_X5Y90          LUT2 (Prop_lut2_I0_O)        0.152     6.893 r  risc32_i/MUX_32b_2_to_1_0/inst/result[10]_INST_0/O
                         net (fo=1, routed)           0.667     7.560    risc32_i/alu32_0/inst/alu_b[10]
    SLICE_X4Y90          LUT2 (Prop_lut2_I1_O)        0.326     7.886 r  risc32_i/alu32_0/inst/alu_out0_carry__1_i_2/O
                         net (fo=1, routed)           0.000     7.886    risc32_i/alu32_0/inst/alu_out0_carry__1_i_2_n_0
    SLICE_X4Y90          CARRY4 (Prop_carry4_S[2]_CO[3])
                                                      0.398     8.284 r  risc32_i/alu32_0/inst/alu_out0_carry__1/CO[3]
                         net (fo=1, routed)           0.000     8.284    risc32_i/alu32_0/inst/alu_out0_carry__1_n_0
    SLICE_X4Y91          CARRY4 (Prop_carry4_CI_CO[3])
                                                      0.114     8.398 r  risc32_i/alu32_0/inst/alu_out0_carry__2/CO[3]
                         net (fo=1, routed)           0.000     8.398    risc32_i/alu32_0/inst/alu_out0_carry__2_n_0
    SLICE_X4Y92          CARRY4 (Prop_carry4_CI_CO[3])
                                                      0.114     8.512 r  risc32_i/alu32_0/inst/alu_out0_carry__3/CO[3]
                         net (fo=1, routed)           0.000     8.512    risc32_i/alu32_0/inst/alu_out0_carry__3_n_0
    SLICE_X4Y93          CARRY4 (Prop_carry4_CI_CO[3])
                                                      0.114     8.626 r  risc32_i/alu32_0/inst/alu_out0_carry__4/CO[3]
                         net (fo=1, routed)           0.000     8.626    risc32_i/alu32_0/inst/alu_out0_carry__4_n_0
    SLICE_X4Y94          CARRY4 (Prop_carry4_CI_CO[3])
                                                      0.114     8.740 r  risc32_i/alu32_0/inst/alu_out0_carry__5/CO[3]
                         net (fo=1, routed)           0.000     8.740    risc32_i/alu32_0/inst/alu_out0_carry__5_n_0
    SLICE_X4Y95          CARRY4 (Prop_carry4_CI_O[1])
                                                      0.334     9.074 r  risc32_i/alu32_0/inst/alu_out0_carry__6/O[1]
                         net (fo=3, routed)           1.084    10.158    risc32_i/segment_0/inst/Data_i[29]
    SLICE_X7Y92          LUT6 (Prop_lut6_I0_O)        0.303    10.461 r  risc32_i/segment_0/inst/seg_num[1]_i_3/O
                         net (fo=1, routed)           0.000    10.461    risc32_i/segment_0/inst/seg_num[1]_i_3_n_0
    SLICE_X7Y92          MUXF7 (Prop_muxf7_I1_O)      0.217    10.678 r  risc32_i/segment_0/inst/seg_num_reg[1]_i_1/O
                         net (fo=1, routed)           0.000    10.678    risc32_i/segment_0/inst/seg_num_2[1]
    SLICE_X7Y92          FDCE                                         r  risc32_i/segment_0/inst/seg_num_reg[1]/D
  -------------------------------------------------------------------    -------------------

                         (clock clk_out1_risc32_clk_wiz_0_0_1 rise edge)
                                                      0.000     0.000 r  
    E3                                                0.000     0.000 r  clk_in1_0 (IN)
                         net (fo=0)                   0.000     0.000    risc32_i/clk_wiz_0/inst/clk_in1
    E3                   IBUF (Prop_ibuf_I_O)         1.411     1.411 r  risc32_i/clk_wiz_0/inst/clkin1_ibufg/O
                         net (fo=1, routed)           1.181     2.592    risc32_i/clk_wiz_0/inst/clk_in1_risc32_clk_wiz_0_0
    PLLE2_ADV_X1Y2       PLLE2_ADV (Prop_plle2_adv_CLKIN1_CLKOUT0)
                                                     -7.856    -5.264 r  risc32_i/clk_wiz_0/inst/plle2_adv_inst/CLKOUT0
                         net (fo=1, routed)           1.634    -3.630    risc32_i/clk_wiz_0/inst/clk_out1_risc32_clk_wiz_0_0
    BUFGCTRL_X0Y16       BUFG (Prop_bufg_I_O)         0.091    -3.539 r  risc32_i/clk_wiz_0/inst/clkout1_buf/O
                         net (fo=38, routed)          1.602    -1.936    risc32_i/segment_0/inst/clk
    SLICE_X7Y92          FDCE                                         r  risc32_i/segment_0/inst/seg_num_reg[1]/C

Slack:                    inf
  Source:                 risc32_i/pc_0/inst/q_reg[4]/C
                            (rising edge-triggered cell FDCE)
  Destination:            risc32_i/segment_0/inst/seg_num_reg[2]/D
                            (rising edge-triggered cell FDCE clocked by clk_out1_risc32_clk_wiz_0_0_1  {rise@0.000ns fall@10.000ns period=20.000ns})
  Path Group:             (none)
  Path Type:              Setup (Max at Slow Process Corner)
  Data Path Delay:        10.578ns  (logic 3.182ns (30.082%)  route 7.396ns (69.918%))
  Logic Levels:           14  (CARRY4=6 FDCE=1 LUT2=2 LUT6=3 MUXF7=1 RAMD32=1)
  Clock Uncertainty:      0.255ns  ((TSJ^2 + DJ^2)^1/2) / 2 + PE
    Total System Jitter     (TSJ):    0.050ns
    Discrete Jitter          (DJ):    0.193ns
    Phase Error              (PE):    0.156ns

    Location             Delay type                Incr(ns)  Path(ns)    Netlist Resource(s)
  -------------------------------------------------------------------    -------------------
    SLICE_X9Y89          FDCE                         0.000     0.000 r  risc32_i/pc_0/inst/q_reg[4]/C
    SLICE_X9Y89          FDCE (Prop_fdce_C_Q)         0.456     0.456 r  risc32_i/pc_0/inst/q_reg[4]/Q
                         net (fo=15, routed)          1.025     1.481    risc32_i/imem_0/inst/inst_addr[4]
    SLICE_X9Y90          LUT6 (Prop_lut6_I3_O)        0.124     1.605 r  risc32_i/imem_0/inst/inst_o[23]_INST_0/O
                         net (fo=65, routed)          2.827     4.432    risc32_i/regfile_0/inst/reg_array_reg_r2_0_31_6_11/ADDRC3
    SLICE_X2Y91          RAMD32 (Prop_ramd32_RADR3_O)
                                                      0.153     4.585 r  risc32_i/regfile_0/inst/reg_array_reg_r2_0_31_6_11/RAMC/O
                         net (fo=1, routed)           0.948     5.534    risc32_i/regfile_0/inst/reg_data20[10]
    SLICE_X5Y90          LUT6 (Prop_lut6_I5_O)        0.331     5.865 r  risc32_i/regfile_0/inst/reg_data2[10]_INST_0/O
                         net (fo=1, routed)           0.877     6.741    risc32_i/MUX_32b_2_to_1_0/inst/data0[10]
    SLICE_X5Y90          LUT2 (Prop_lut2_I0_O)        0.152     6.893 r  risc32_i/MUX_32b_2_to_1_0/inst/result[10]_INST_0/O
                         net (fo=1, routed)           0.667     7.560    risc32_i/alu32_0/inst/alu_b[10]
    SLICE_X4Y90          LUT2 (Prop_lut2_I1_O)        0.326     7.886 r  risc32_i/alu32_0/inst/alu_out0_carry__1_i_2/O
                         net (fo=1, routed)           0.000     7.886    risc32_i/alu32_0/inst/alu_out0_carry__1_i_2_n_0
    SLICE_X4Y90          CARRY4 (Prop_carry4_S[2]_CO[3])
                                                      0.398     8.284 r  risc32_i/alu32_0/inst/alu_out0_carry__1/CO[3]
                         net (fo=1, routed)           0.000     8.284    risc32_i/alu32_0/inst/alu_out0_carry__1_n_0
    SLICE_X4Y91          CARRY4 (Prop_carry4_CI_CO[3])
                                                      0.114     8.398 r  risc32_i/alu32_0/inst/alu_out0_carry__2/CO[3]
                         net (fo=1, routed)           0.000     8.398    risc32_i/alu32_0/inst/alu_out0_carry__2_n_0
    SLICE_X4Y92          CARRY4 (Prop_carry4_CI_CO[3])
                                                      0.114     8.512 r  risc32_i/alu32_0/inst/alu_out0_carry__3/CO[3]
                         net (fo=1, routed)           0.000     8.512    risc32_i/alu32_0/inst/alu_out0_carry__3_n_0
    SLICE_X4Y93          CARRY4 (Prop_carry4_CI_CO[3])
                                                      0.114     8.626 r  risc32_i/alu32_0/inst/alu_out0_carry__4/CO[3]
                         net (fo=1, routed)           0.000     8.626    risc32_i/alu32_0/inst/alu_out0_carry__4_n_0
    SLICE_X4Y94          CARRY4 (Prop_carry4_CI_CO[3])
                                                      0.114     8.740 r  risc32_i/alu32_0/inst/alu_out0_carry__5/CO[3]
                         net (fo=1, routed)           0.000     8.740    risc32_i/alu32_0/inst/alu_out0_carry__5_n_0
    SLICE_X4Y95          CARRY4 (Prop_carry4_CI_O[2])
                                                      0.239     8.979 r  risc32_i/alu32_0/inst/alu_out0_carry__6/O[2]
                         net (fo=5, routed)           1.052    10.031    risc32_i/segment_0/inst/Data_i[30]
    SLICE_X5Y92          LUT6 (Prop_lut6_I0_O)        0.302    10.333 r  risc32_i/segment_0/inst/seg_num[2]_i_3/O
                         net (fo=1, routed)           0.000    10.333    risc32_i/segment_0/inst/seg_num[2]_i_3_n_0
    SLICE_X5Y92          MUXF7 (Prop_muxf7_I1_O)      0.245    10.578 r  risc32_i/segment_0/inst/seg_num_reg[2]_i_1/O
                         net (fo=1, routed)           0.000    10.578    risc32_i/segment_0/inst/seg_num_2[2]
    SLICE_X5Y92          FDCE                                         r  risc32_i/segment_0/inst/seg_num_reg[2]/D
  -------------------------------------------------------------------    -------------------

                         (clock clk_out1_risc32_clk_wiz_0_0_1 rise edge)
                                                      0.000     0.000 r  
    E3                                                0.000     0.000 r  clk_in1_0 (IN)
                         net (fo=0)                   0.000     0.000    risc32_i/clk_wiz_0/inst/clk_in1
    E3                   IBUF (Prop_ibuf_I_O)         1.411     1.411 r  risc32_i/clk_wiz_0/inst/clkin1_ibufg/O
                         net (fo=1, routed)           1.181     2.592    risc32_i/clk_wiz_0/inst/clk_in1_risc32_clk_wiz_0_0
    PLLE2_ADV_X1Y2       PLLE2_ADV (Prop_plle2_adv_CLKIN1_CLKOUT0)
                                                     -7.856    -5.264 r  risc32_i/clk_wiz_0/inst/plle2_adv_inst/CLKOUT0
                         net (fo=1, routed)           1.634    -3.630    risc32_i/clk_wiz_0/inst/clk_out1_risc32_clk_wiz_0_0
    BUFGCTRL_X0Y16       BUFG (Prop_bufg_I_O)         0.091    -3.539 r  risc32_i/clk_wiz_0/inst/clkout1_buf/O
                         net (fo=38, routed)          1.602    -1.936    risc32_i/segment_0/inst/clk
    SLICE_X5Y92          FDCE                                         r  risc32_i/segment_0/inst/seg_num_reg[2]/C

Slack:                    inf
  Source:                 risc32_i/pc_0/inst/q_reg[4]/C
                            (rising edge-triggered cell FDCE)
  Destination:            risc32_i/segment_0/inst/seg_num_reg[3]/D
                            (rising edge-triggered cell FDCE clocked by clk_out1_risc32_clk_wiz_0_0_1  {rise@0.000ns fall@10.000ns period=20.000ns})
  Path Group:             (none)
  Path Type:              Setup (Max at Slow Process Corner)
  Data Path Delay:        10.550ns  (logic 3.232ns (30.634%)  route 7.318ns (69.366%))
  Logic Levels:           14  (CARRY4=6 FDCE=1 LUT2=2 LUT6=3 MUXF7=1 RAMD32=1)
  Clock Uncertainty:      0.255ns  ((TSJ^2 + DJ^2)^1/2) / 2 + PE
    Total System Jitter     (TSJ):    0.050ns
    Discrete Jitter          (DJ):    0.193ns
    Phase Error              (PE):    0.156ns

    Location             Delay type                Incr(ns)  Path(ns)    Netlist Resource(s)
  -------------------------------------------------------------------    -------------------
    SLICE_X9Y89          FDCE                         0.000     0.000 r  risc32_i/pc_0/inst/q_reg[4]/C
    SLICE_X9Y89          FDCE (Prop_fdce_C_Q)         0.456     0.456 r  risc32_i/pc_0/inst/q_reg[4]/Q
                         net (fo=15, routed)          1.025     1.481    risc32_i/imem_0/inst/inst_addr[4]
    SLICE_X9Y90          LUT6 (Prop_lut6_I3_O)        0.124     1.605 r  risc32_i/imem_0/inst/inst_o[23]_INST_0/O
                         net (fo=65, routed)          2.827     4.432    risc32_i/regfile_0/inst/reg_array_reg_r2_0_31_6_11/ADDRC3
    SLICE_X2Y91          RAMD32 (Prop_ramd32_RADR3_O)
                                                      0.153     4.585 r  risc32_i/regfile_0/inst/reg_array_reg_r2_0_31_6_11/RAMC/O
                         net (fo=1, routed)           0.948     5.534    risc32_i/regfile_0/inst/reg_data20[10]
    SLICE_X5Y90          LUT6 (Prop_lut6_I5_O)        0.331     5.865 r  risc32_i/regfile_0/inst/reg_data2[10]_INST_0/O
                         net (fo=1, routed)           0.877     6.741    risc32_i/MUX_32b_2_to_1_0/inst/data0[10]
    SLICE_X5Y90          LUT2 (Prop_lut2_I0_O)        0.152     6.893 r  risc32_i/MUX_32b_2_to_1_0/inst/result[10]_INST_0/O
                         net (fo=1, routed)           0.667     7.560    risc32_i/alu32_0/inst/alu_b[10]
    SLICE_X4Y90          LUT2 (Prop_lut2_I1_O)        0.326     7.886 r  risc32_i/alu32_0/inst/alu_out0_carry__1_i_2/O
                         net (fo=1, routed)           0.000     7.886    risc32_i/alu32_0/inst/alu_out0_carry__1_i_2_n_0
    SLICE_X4Y90          CARRY4 (Prop_carry4_S[2]_CO[3])
                                                      0.398     8.284 r  risc32_i/alu32_0/inst/alu_out0_carry__1/CO[3]
                         net (fo=1, routed)           0.000     8.284    risc32_i/alu32_0/inst/alu_out0_carry__1_n_0
    SLICE_X4Y91          CARRY4 (Prop_carry4_CI_CO[3])
                                                      0.114     8.398 r  risc32_i/alu32_0/inst/alu_out0_carry__2/CO[3]
                         net (fo=1, routed)           0.000     8.398    risc32_i/alu32_0/inst/alu_out0_carry__2_n_0
    SLICE_X4Y92          CARRY4 (Prop_carry4_CI_CO[3])
                                                      0.114     8.512 r  risc32_i/alu32_0/inst/alu_out0_carry__3/CO[3]
                         net (fo=1, routed)           0.000     8.512    risc32_i/alu32_0/inst/alu_out0_carry__3_n_0
    SLICE_X4Y93          CARRY4 (Prop_carry4_CI_CO[3])
                                                      0.114     8.626 r  risc32_i/alu32_0/inst/alu_out0_carry__4/CO[3]
                         net (fo=1, routed)           0.000     8.626    risc32_i/alu32_0/inst/alu_out0_carry__4_n_0
    SLICE_X4Y94          CARRY4 (Prop_carry4_CI_CO[3])
                                                      0.114     8.740 r  risc32_i/alu32_0/inst/alu_out0_carry__5/CO[3]
                         net (fo=1, routed)           0.000     8.740    risc32_i/alu32_0/inst/alu_out0_carry__5_n_0
    SLICE_X4Y95          CARRY4 (Prop_carry4_CI_O[3])
                                                      0.313     9.053 r  risc32_i/alu32_0/inst/alu_out0_carry__6/O[3]
                         net (fo=5, routed)           0.974    10.027    risc32_i/segment_0/inst/Data_i[31]
    SLICE_X3Y92          LUT6 (Prop_lut6_I0_O)        0.306    10.333 r  risc32_i/segment_0/inst/seg_num[3]_i_3/O
                         net (fo=1, routed)           0.000    10.333    risc32_i/segment_0/inst/seg_num[3]_i_3_n_0
    SLICE_X3Y92          MUXF7 (Prop_muxf7_I1_O)      0.217    10.550 r  risc32_i/segment_0/inst/seg_num_reg[3]_i_1/O
                         net (fo=1, routed)           0.000    10.550    risc32_i/segment_0/inst/seg_num_2[3]
    SLICE_X3Y92          FDCE                                         r  risc32_i/segment_0/inst/seg_num_reg[3]/D
  -------------------------------------------------------------------    -------------------

                         (clock clk_out1_risc32_clk_wiz_0_0_1 rise edge)
                                                      0.000     0.000 r  
    E3                                                0.000     0.000 r  clk_in1_0 (IN)
                         net (fo=0)                   0.000     0.000    risc32_i/clk_wiz_0/inst/clk_in1
    E3                   IBUF (Prop_ibuf_I_O)         1.411     1.411 r  risc32_i/clk_wiz_0/inst/clkin1_ibufg/O
                         net (fo=1, routed)           1.181     2.592    risc32_i/clk_wiz_0/inst/clk_in1_risc32_clk_wiz_0_0
    PLLE2_ADV_X1Y2       PLLE2_ADV (Prop_plle2_adv_CLKIN1_CLKOUT0)
                                                     -7.856    -5.264 r  risc32_i/clk_wiz_0/inst/plle2_adv_inst/CLKOUT0
                         net (fo=1, routed)           1.634    -3.630    risc32_i/clk_wiz_0/inst/clk_out1_risc32_clk_wiz_0_0
    BUFGCTRL_X0Y16       BUFG (Prop_bufg_I_O)         0.091    -3.539 r  risc32_i/clk_wiz_0/inst/clkout1_buf/O
                         net (fo=38, routed)          1.604    -1.934    risc32_i/segment_0/inst/clk
    SLICE_X3Y92          FDCE                                         r  risc32_i/segment_0/inst/seg_num_reg[3]/C

Slack:                    inf
  Source:                 risc32_i/pc_0/inst/q_reg[4]/C
                            (rising edge-triggered cell FDCE)
  Destination:            risc32_i/segment_0/inst/seg_num_reg[0]/D
                            (rising edge-triggered cell FDCE clocked by clk_out1_risc32_clk_wiz_0_0_1  {rise@0.000ns fall@10.000ns period=20.000ns})
  Path Group:             (none)
  Path Type:              Setup (Max at Slow Process Corner)
  Data Path Delay:        10.276ns  (logic 2.792ns (27.171%)  route 7.484ns (72.829%))
  Logic Levels:           11  (CARRY4=3 FDCE=1 LUT2=2 LUT6=3 MUXF7=1 RAMD32=1)
  Clock Uncertainty:      0.255ns  ((TSJ^2 + DJ^2)^1/2) / 2 + PE
    Total System Jitter     (TSJ):    0.050ns
    Discrete Jitter          (DJ):    0.193ns
    Phase Error              (PE):    0.156ns

    Location             Delay type                Incr(ns)  Path(ns)    Netlist Resource(s)
  -------------------------------------------------------------------    -------------------
    SLICE_X9Y89          FDCE                         0.000     0.000 r  risc32_i/pc_0/inst/q_reg[4]/C
    SLICE_X9Y89          FDCE (Prop_fdce_C_Q)         0.456     0.456 r  risc32_i/pc_0/inst/q_reg[4]/Q
                         net (fo=15, routed)          1.025     1.481    risc32_i/imem_0/inst/inst_addr[4]
    SLICE_X9Y90          LUT6 (Prop_lut6_I3_O)        0.124     1.605 r  risc32_i/imem_0/inst/inst_o[23]_INST_0/O
                         net (fo=65, routed)          2.827     4.432    risc32_i/regfile_0/inst/reg_array_reg_r2_0_31_6_11/ADDRC3
    SLICE_X2Y91          RAMD32 (Prop_ramd32_RADR3_O)
                                                      0.153     4.585 r  risc32_i/regfile_0/inst/reg_array_reg_r2_0_31_6_11/RAMC/O
                         net (fo=1, routed)           0.948     5.534    risc32_i/regfile_0/inst/reg_data20[10]
    SLICE_X5Y90          LUT6 (Prop_lut6_I5_O)        0.331     5.865 r  risc32_i/regfile_0/inst/reg_data2[10]_INST_0/O
                         net (fo=1, routed)           0.877     6.741    risc32_i/MUX_32b_2_to_1_0/inst/data0[10]
    SLICE_X5Y90          LUT2 (Prop_lut2_I0_O)        0.152     6.893 r  risc32_i/MUX_32b_2_to_1_0/inst/result[10]_INST_0/O
                         net (fo=1, routed)           0.667     7.560    risc32_i/alu32_0/inst/alu_b[10]
    SLICE_X4Y90          LUT2 (Prop_lut2_I1_O)        0.326     7.886 r  risc32_i/alu32_0/inst/alu_out0_carry__1_i_2/O
                         net (fo=1, routed)           0.000     7.886    risc32_i/alu32_0/inst/alu_out0_carry__1_i_2_n_0
    SLICE_X4Y90          CARRY4 (Prop_carry4_S[2]_CO[3])
                                                      0.398     8.284 r  risc32_i/alu32_0/inst/alu_out0_carry__1/CO[3]
                         net (fo=1, routed)           0.000     8.284    risc32_i/alu32_0/inst/alu_out0_carry__1_n_0
    SLICE_X4Y91          CARRY4 (Prop_carry4_CI_CO[3])
                                                      0.114     8.398 r  risc32_i/alu32_0/inst/alu_out0_carry__2/CO[3]
                         net (fo=1, routed)           0.000     8.398    risc32_i/alu32_0/inst/alu_out0_carry__2_n_0
    SLICE_X4Y92          CARRY4 (Prop_carry4_CI_O[0])
                                                      0.222     8.620 r  risc32_i/alu32_0/inst/alu_out0_carry__3/O[0]
                         net (fo=3, routed)           1.140     9.760    risc32_i/segment_0/inst/Data_i[16]
    SLICE_X5Y92          LUT6 (Prop_lut6_I5_O)        0.299    10.059 r  risc32_i/segment_0/inst/seg_num[0]_i_3/O
                         net (fo=1, routed)           0.000    10.059    risc32_i/segment_0/inst/seg_num[0]_i_3_n_0
    SLICE_X5Y92          MUXF7 (Prop_muxf7_I1_O)      0.217    10.276 r  risc32_i/segment_0/inst/seg_num_reg[0]_i_1/O
                         net (fo=1, routed)           0.000    10.276    risc32_i/segment_0/inst/seg_num_2[0]
    SLICE_X5Y92          FDCE                                         r  risc32_i/segment_0/inst/seg_num_reg[0]/D
  -------------------------------------------------------------------    -------------------

                         (clock clk_out1_risc32_clk_wiz_0_0_1 rise edge)
                                                      0.000     0.000 r  
    E3                                                0.000     0.000 r  clk_in1_0 (IN)
                         net (fo=0)                   0.000     0.000    risc32_i/clk_wiz_0/inst/clk_in1
    E3                   IBUF (Prop_ibuf_I_O)         1.411     1.411 r  risc32_i/clk_wiz_0/inst/clkin1_ibufg/O
                         net (fo=1, routed)           1.181     2.592    risc32_i/clk_wiz_0/inst/clk_in1_risc32_clk_wiz_0_0
    PLLE2_ADV_X1Y2       PLLE2_ADV (Prop_plle2_adv_CLKIN1_CLKOUT0)
                                                     -7.856    -5.264 r  risc32_i/clk_wiz_0/inst/plle2_adv_inst/CLKOUT0
                         net (fo=1, routed)           1.634    -3.630    risc32_i/clk_wiz_0/inst/clk_out1_risc32_clk_wiz_0_0
    BUFGCTRL_X0Y16       BUFG (Prop_bufg_I_O)         0.091    -3.539 r  risc32_i/clk_wiz_0/inst/clkout1_buf/O
                         net (fo=38, routed)          1.602    -1.936    risc32_i/segment_0/inst/clk
    SLICE_X5Y92          FDCE                                         r  risc32_i/segment_0/inst/seg_num_reg[0]/C





Min Delay Paths
--------------------------------------------------------------------------------------
Slack:                    inf
  Source:                 risc32_i/regfile_0/inst/reg_array_reg_r1_0_31_6_11/RAMC_D1/CLK
                            (rising edge-triggered cell RAMD32)
  Destination:            risc32_i/segment_0/inst/seg_num_reg[0]/D
                            (rising edge-triggered cell FDCE clocked by clk_out1_risc32_clk_wiz_0_0_1  {rise@0.000ns fall@10.000ns period=20.000ns})
  Path Group:             (none)
  Path Type:              Hold (Min at Fast Process Corner)
  Data Path Delay:        1.169ns  (logic 0.767ns (65.620%)  route 0.402ns (34.380%))
  Logic Levels:           6  (CARRY4=2 LUT2=1 LUT6=1 MUXF7=1 RAMD32=1)
  Clock Uncertainty:      0.255ns  ((TSJ^2 + DJ^2)^1/2) / 2 + PE
    Total System Jitter     (TSJ):    0.050ns
    Discrete Jitter          (DJ):    0.193ns
    Phase Error              (PE):    0.156ns

    Location             Delay type                Incr(ns)  Path(ns)    Netlist Resource(s)
  -------------------------------------------------------------------    -------------------
    SLICE_X2Y90          RAMD32                       0.000     0.000 r  risc32_i/regfile_0/inst/reg_array_reg_r1_0_31_6_11/RAMC_D1/CLK
    SLICE_X2Y90          RAMD32 (Prop_ramd32_CLK_O)
                                                      0.386     0.386 r  risc32_i/regfile_0/inst/reg_array_reg_r1_0_31_6_11/RAMC_D1/O
                         net (fo=1, routed)           0.136     0.522    risc32_i/regfile_0/inst/reg_data10[11]
    SLICE_X3Y91          LUT2 (Prop_lut2_I1_O)        0.045     0.567 r  risc32_i/regfile_0/inst/reg_data1[11]_INST_0/O
                         net (fo=2, routed)           0.125     0.691    risc32_i/alu32_0/inst/alu_a[11]
    SLICE_X4Y90          CARRY4 (Prop_carry4_DI[3]_CO[3])
                                                      0.113     0.804 r  risc32_i/alu32_0/inst/alu_out0_carry__1/CO[3]
                         net (fo=1, routed)           0.000     0.804    risc32_i/alu32_0/inst/alu_out0_carry__1_n_0
    SLICE_X4Y91          CARRY4 (Prop_carry4_CI_O[0])
                                                      0.054     0.858 r  risc32_i/alu32_0/inst/alu_out0_carry__2/O[0]
                         net (fo=3, routed)           0.141     1.000    risc32_i/segment_0/inst/Data_i[12]
    SLICE_X5Y92          LUT6 (Prop_lut6_I0_O)        0.107     1.107 r  risc32_i/segment_0/inst/seg_num[0]_i_2/O
                         net (fo=1, routed)           0.000     1.107    risc32_i/segment_0/inst/seg_num[0]_i_2_n_0
    SLICE_X5Y92          MUXF7 (Prop_muxf7_I0_O)      0.062     1.169 r  risc32_i/segment_0/inst/seg_num_reg[0]_i_1/O
                         net (fo=1, routed)           0.000     1.169    risc32_i/segment_0/inst/seg_num_2[0]
    SLICE_X5Y92          FDCE                                         r  risc32_i/segment_0/inst/seg_num_reg[0]/D
  -------------------------------------------------------------------    -------------------

                         (clock clk_out1_risc32_clk_wiz_0_0_1 rise edge)
                                                      0.000     0.000 r  
    E3                                                0.000     0.000 r  clk_in1_0 (IN)
                         net (fo=0)                   0.000     0.000    risc32_i/clk_wiz_0/inst/clk_in1
    E3                   IBUF (Prop_ibuf_I_O)         0.438     0.438 r  risc32_i/clk_wiz_0/inst/clkin1_ibufg/O
                         net (fo=1, routed)           0.481     0.919    risc32_i/clk_wiz_0/inst/clk_in1_risc32_clk_wiz_0_0
    PLLE2_ADV_X1Y2       PLLE2_ADV (Prop_plle2_adv_CLKIN1_CLKOUT0)
                                                     -2.659    -1.740 r  risc32_i/clk_wiz_0/inst/plle2_adv_inst/CLKOUT0
                         net (fo=1, routed)           0.560    -1.181    risc32_i/clk_wiz_0/inst/clk_out1_risc32_clk_wiz_0_0
    BUFGCTRL_X0Y16       BUFG (Prop_bufg_I_O)         0.029    -1.152 r  risc32_i/clk_wiz_0/inst/clkout1_buf/O
                         net (fo=38, routed)          0.873    -0.279    risc32_i/segment_0/inst/clk
    SLICE_X5Y92          FDCE                                         r  risc32_i/segment_0/inst/seg_num_reg[0]/C

Slack:                    inf
  Source:                 risc32_i/regfile_0/inst/reg_array_reg_r1_0_31_6_11/RAMC_D1/CLK
                            (rising edge-triggered cell RAMD32)
  Destination:            risc32_i/segment_0/inst/seg_num_reg[1]/D
                            (rising edge-triggered cell FDCE clocked by clk_out1_risc32_clk_wiz_0_0_1  {rise@0.000ns fall@10.000ns period=20.000ns})
  Path Group:             (none)
  Path Type:              Hold (Min at Fast Process Corner)
  Data Path Delay:        1.237ns  (logic 0.846ns (68.406%)  route 0.391ns (31.594%))
  Logic Levels:           7  (CARRY4=3 LUT2=1 LUT6=1 MUXF7=1 RAMD32=1)
  Clock Uncertainty:      0.255ns  ((TSJ^2 + DJ^2)^1/2) / 2 + PE
    Total System Jitter     (TSJ):    0.050ns
    Discrete Jitter          (DJ):    0.193ns
    Phase Error              (PE):    0.156ns

    Location             Delay type                Incr(ns)  Path(ns)    Netlist Resource(s)
  -------------------------------------------------------------------    -------------------
    SLICE_X2Y90          RAMD32                       0.000     0.000 r  risc32_i/regfile_0/inst/reg_array_reg_r1_0_31_6_11/RAMC_D1/CLK
    SLICE_X2Y90          RAMD32 (Prop_ramd32_CLK_O)
                                                      0.386     0.386 r  risc32_i/regfile_0/inst/reg_array_reg_r1_0_31_6_11/RAMC_D1/O
                         net (fo=1, routed)           0.136     0.522    risc32_i/regfile_0/inst/reg_data10[11]
    SLICE_X3Y91          LUT2 (Prop_lut2_I1_O)        0.045     0.567 r  risc32_i/regfile_0/inst/reg_data1[11]_INST_0/O
                         net (fo=2, routed)           0.125     0.691    risc32_i/alu32_0/inst/alu_a[11]
    SLICE_X4Y90          CARRY4 (Prop_carry4_DI[3]_CO[3])
                                                      0.113     0.804 r  risc32_i/alu32_0/inst/alu_out0_carry__1/CO[3]
                         net (fo=1, routed)           0.000     0.804    risc32_i/alu32_0/inst/alu_out0_carry__1_n_0
    SLICE_X4Y91          CARRY4 (Prop_carry4_CI_CO[3])
                                                      0.039     0.843 r  risc32_i/alu32_0/inst/alu_out0_carry__2/CO[3]
                         net (fo=1, routed)           0.000     0.843    risc32_i/alu32_0/inst/alu_out0_carry__2_n_0
    SLICE_X4Y92          CARRY4 (Prop_carry4_CI_O[1])
                                                      0.091     0.934 r  risc32_i/alu32_0/inst/alu_out0_carry__3/O[1]
                         net (fo=3, routed)           0.130     1.065    risc32_i/segment_0/inst/Data_i[17]
    SLICE_X7Y92          LUT6 (Prop_lut6_I5_O)        0.107     1.172 r  risc32_i/segment_0/inst/seg_num[1]_i_3/O
                         net (fo=1, routed)           0.000     1.172    risc32_i/segment_0/inst/seg_num[1]_i_3_n_0
    SLICE_X7Y92          MUXF7 (Prop_muxf7_I1_O)      0.065     1.237 r  risc32_i/segment_0/inst/seg_num_reg[1]_i_1/O
                         net (fo=1, routed)           0.000     1.237    risc32_i/segment_0/inst/seg_num_2[1]
    SLICE_X7Y92          FDCE                                         r  risc32_i/segment_0/inst/seg_num_reg[1]/D
  -------------------------------------------------------------------    -------------------

                         (clock clk_out1_risc32_clk_wiz_0_0_1 rise edge)
                                                      0.000     0.000 r  
    E3                                                0.000     0.000 r  clk_in1_0 (IN)
                         net (fo=0)                   0.000     0.000    risc32_i/clk_wiz_0/inst/clk_in1
    E3                   IBUF (Prop_ibuf_I_O)         0.438     0.438 r  risc32_i/clk_wiz_0/inst/clkin1_ibufg/O
                         net (fo=1, routed)           0.481     0.919    risc32_i/clk_wiz_0/inst/clk_in1_risc32_clk_wiz_0_0
    PLLE2_ADV_X1Y2       PLLE2_ADV (Prop_plle2_adv_CLKIN1_CLKOUT0)
                                                     -2.659    -1.740 r  risc32_i/clk_wiz_0/inst/plle2_adv_inst/CLKOUT0
                         net (fo=1, routed)           0.560    -1.181    risc32_i/clk_wiz_0/inst/clk_out1_risc32_clk_wiz_0_0
    BUFGCTRL_X0Y16       BUFG (Prop_bufg_I_O)         0.029    -1.152 r  risc32_i/clk_wiz_0/inst/clkout1_buf/O
                         net (fo=38, routed)          0.873    -0.279    risc32_i/segment_0/inst/clk
    SLICE_X7Y92          FDCE                                         r  risc32_i/segment_0/inst/seg_num_reg[1]/C

Slack:                    inf
  Source:                 risc32_i/regfile_0/inst/reg_array_reg_r1_0_31_6_11/RAMC_D1/CLK
                            (rising edge-triggered cell RAMD32)
  Destination:            risc32_i/segment_0/inst/seg_num_reg[3]/D
                            (rising edge-triggered cell FDCE clocked by clk_out1_risc32_clk_wiz_0_0_1  {rise@0.000ns fall@10.000ns period=20.000ns})
  Path Group:             (none)
  Path Type:              Hold (Min at Fast Process Corner)
  Data Path Delay:        1.240ns  (logic 0.806ns (64.988%)  route 0.434ns (35.012%))
  Logic Levels:           6  (CARRY4=2 LUT2=1 LUT6=1 MUXF7=1 RAMD32=1)
  Clock Uncertainty:      0.255ns  ((TSJ^2 + DJ^2)^1/2) / 2 + PE
    Total System Jitter     (TSJ):    0.050ns
    Discrete Jitter          (DJ):    0.193ns
    Phase Error              (PE):    0.156ns

    Location             Delay type                Incr(ns)  Path(ns)    Netlist Resource(s)
  -------------------------------------------------------------------    -------------------
    SLICE_X2Y90          RAMD32                       0.000     0.000 r  risc32_i/regfile_0/inst/reg_array_reg_r1_0_31_6_11/RAMC_D1/CLK
    SLICE_X2Y90          RAMD32 (Prop_ramd32_CLK_O)
                                                      0.386     0.386 r  risc32_i/regfile_0/inst/reg_array_reg_r1_0_31_6_11/RAMC_D1/O
                         net (fo=1, routed)           0.136     0.522    risc32_i/regfile_0/inst/reg_data10[11]
    SLICE_X3Y91          LUT2 (Prop_lut2_I1_O)        0.045     0.567 r  risc32_i/regfile_0/inst/reg_data1[11]_INST_0/O
                         net (fo=2, routed)           0.125     0.691    risc32_i/alu32_0/inst/alu_a[11]
    SLICE_X4Y90          CARRY4 (Prop_carry4_DI[3]_CO[3])
                                                      0.113     0.804 r  risc32_i/alu32_0/inst/alu_out0_carry__1/CO[3]
                         net (fo=1, routed)           0.000     0.804    risc32_i/alu32_0/inst/alu_out0_carry__1_n_0
    SLICE_X4Y91          CARRY4 (Prop_carry4_CI_O[3])
                                                      0.090     0.894 r  risc32_i/alu32_0/inst/alu_out0_carry__2/O[3]
                         net (fo=3, routed)           0.174     1.068    risc32_i/segment_0/inst/Data_i[15]
    SLICE_X3Y92          LUT6 (Prop_lut6_I0_O)        0.110     1.178 r  risc32_i/segment_0/inst/seg_num[3]_i_2/O
                         net (fo=1, routed)           0.000     1.178    risc32_i/segment_0/inst/seg_num[3]_i_2_n_0
    SLICE_X3Y92          MUXF7 (Prop_muxf7_I0_O)      0.062     1.240 r  risc32_i/segment_0/inst/seg_num_reg[3]_i_1/O
                         net (fo=1, routed)           0.000     1.240    risc32_i/segment_0/inst/seg_num_2[3]
    SLICE_X3Y92          FDCE                                         r  risc32_i/segment_0/inst/seg_num_reg[3]/D
  -------------------------------------------------------------------    -------------------

                         (clock clk_out1_risc32_clk_wiz_0_0_1 rise edge)
                                                      0.000     0.000 r  
    E3                                                0.000     0.000 r  clk_in1_0 (IN)
                         net (fo=0)                   0.000     0.000    risc32_i/clk_wiz_0/inst/clk_in1
    E3                   IBUF (Prop_ibuf_I_O)         0.438     0.438 r  risc32_i/clk_wiz_0/inst/clkin1_ibufg/O
                         net (fo=1, routed)           0.481     0.919    risc32_i/clk_wiz_0/inst/clk_in1_risc32_clk_wiz_0_0
    PLLE2_ADV_X1Y2       PLLE2_ADV (Prop_plle2_adv_CLKIN1_CLKOUT0)
                                                     -2.659    -1.740 r  risc32_i/clk_wiz_0/inst/plle2_adv_inst/CLKOUT0
                         net (fo=1, routed)           0.560    -1.181    risc32_i/clk_wiz_0/inst/clk_out1_risc32_clk_wiz_0_0
    BUFGCTRL_X0Y16       BUFG (Prop_bufg_I_O)         0.029    -1.152 r  risc32_i/clk_wiz_0/inst/clkout1_buf/O
                         net (fo=38, routed)          0.876    -0.276    risc32_i/segment_0/inst/clk
    SLICE_X3Y92          FDCE                                         r  risc32_i/segment_0/inst/seg_num_reg[3]/C

Slack:                    inf
  Source:                 risc32_i/regfile_0/inst/reg_array_reg_r1_0_31_6_11/RAMC_D1/CLK
                            (rising edge-triggered cell RAMD32)
  Destination:            risc32_i/segment_0/inst/seg_num_reg[2]/D
                            (rising edge-triggered cell FDCE clocked by clk_out1_risc32_clk_wiz_0_0_1  {rise@0.000ns fall@10.000ns period=20.000ns})
  Path Group:             (none)
  Path Type:              Hold (Min at Fast Process Corner)
  Data Path Delay:        1.310ns  (logic 0.830ns (63.382%)  route 0.480ns (36.618%))
  Logic Levels:           7  (CARRY4=3 LUT2=1 LUT6=1 MUXF7=1 RAMD32=1)
  Clock Uncertainty:      0.255ns  ((TSJ^2 + DJ^2)^1/2) / 2 + PE
    Total System Jitter     (TSJ):    0.050ns
    Discrete Jitter          (DJ):    0.193ns
    Phase Error              (PE):    0.156ns

    Location             Delay type                Incr(ns)  Path(ns)    Netlist Resource(s)
  -------------------------------------------------------------------    -------------------
    SLICE_X2Y90          RAMD32                       0.000     0.000 r  risc32_i/regfile_0/inst/reg_array_reg_r1_0_31_6_11/RAMC_D1/CLK
    SLICE_X2Y90          RAMD32 (Prop_ramd32_CLK_O)
                                                      0.386     0.386 r  risc32_i/regfile_0/inst/reg_array_reg_r1_0_31_6_11/RAMC_D1/O
                         net (fo=1, routed)           0.136     0.522    risc32_i/regfile_0/inst/reg_data10[11]
    SLICE_X3Y91          LUT2 (Prop_lut2_I1_O)        0.045     0.567 r  risc32_i/regfile_0/inst/reg_data1[11]_INST_0/O
                         net (fo=2, routed)           0.125     0.691    risc32_i/alu32_0/inst/alu_a[11]
    SLICE_X4Y90          CARRY4 (Prop_carry4_DI[3]_CO[3])
                                                      0.113     0.804 r  risc32_i/alu32_0/inst/alu_out0_carry__1/CO[3]
                         net (fo=1, routed)           0.000     0.804    risc32_i/alu32_0/inst/alu_out0_carry__1_n_0
    SLICE_X4Y91          CARRY4 (Prop_carry4_CI_CO[3])
                                                      0.039     0.843 r  risc32_i/alu32_0/inst/alu_out0_carry__2/CO[3]
                         net (fo=1, routed)           0.000     0.843    risc32_i/alu32_0/inst/alu_out0_carry__2_n_0
    SLICE_X4Y92          CARRY4 (Prop_carry4_CI_O[2])
                                                      0.065     0.908 r  risc32_i/alu32_0/inst/alu_out0_carry__3/O[2]
                         net (fo=3, routed)           0.219     1.128    risc32_i/segment_0/inst/Data_i[18]
    SLICE_X5Y92          LUT6 (Prop_lut6_I5_O)        0.108     1.236 r  risc32_i/segment_0/inst/seg_num[2]_i_3/O
                         net (fo=1, routed)           0.000     1.236    risc32_i/segment_0/inst/seg_num[2]_i_3_n_0
    SLICE_X5Y92          MUXF7 (Prop_muxf7_I1_O)      0.074     1.310 r  risc32_i/segment_0/inst/seg_num_reg[2]_i_1/O
                         net (fo=1, routed)           0.000     1.310    risc32_i/segment_0/inst/seg_num_2[2]
    SLICE_X5Y92          FDCE                                         r  risc32_i/segment_0/inst/seg_num_reg[2]/D
  -------------------------------------------------------------------    -------------------

                         (clock clk_out1_risc32_clk_wiz_0_0_1 rise edge)
                                                      0.000     0.000 r  
    E3                                                0.000     0.000 r  clk_in1_0 (IN)
                         net (fo=0)                   0.000     0.000    risc32_i/clk_wiz_0/inst/clk_in1
    E3                   IBUF (Prop_ibuf_I_O)         0.438     0.438 r  risc32_i/clk_wiz_0/inst/clkin1_ibufg/O
                         net (fo=1, routed)           0.481     0.919    risc32_i/clk_wiz_0/inst/clk_in1_risc32_clk_wiz_0_0
    PLLE2_ADV_X1Y2       PLLE2_ADV (Prop_plle2_adv_CLKIN1_CLKOUT0)
                                                     -2.659    -1.740 r  risc32_i/clk_wiz_0/inst/plle2_adv_inst/CLKOUT0
                         net (fo=1, routed)           0.560    -1.181    risc32_i/clk_wiz_0/inst/clk_out1_risc32_clk_wiz_0_0
    BUFGCTRL_X0Y16       BUFG (Prop_bufg_I_O)         0.029    -1.152 r  risc32_i/clk_wiz_0/inst/clkout1_buf/O
                         net (fo=38, routed)          0.873    -0.279    risc32_i/segment_0/inst/clk
    SLICE_X5Y92          FDCE                                         r  risc32_i/segment_0/inst/seg_num_reg[2]/C





