TimeQuest Timing Analyzer report for risc5
Wed Oct 18 16:56:17 2023
Quartus II Version 9.0 Build 132 02/25/2009 SJ Full Version


---------------------
; Table of Contents ;
---------------------
  1. Legal Notice
  2. TimeQuest Timing Analyzer Summary
  3. Parallel Compilation
  4. Clocks
  5. Slow 1200mV 85C Model Fmax Summary
  6. Slow 1200mV 85C Model Setup Summary
  7. Slow 1200mV 85C Model Hold Summary
  8. Slow 1200mV 85C Model Recovery Summary
  9. Slow 1200mV 85C Model Removal Summary
 10. Slow 1200mV 85C Model Minimum Pulse Width
 11. Clock to Output Times
 12. Minimum Clock to Output Times
 13. Slow 1200mV 0C Model Fmax Summary
 14. Slow 1200mV 0C Model Setup Summary
 15. Slow 1200mV 0C Model Hold Summary
 16. Slow 1200mV 0C Model Recovery Summary
 17. Slow 1200mV 0C Model Removal Summary
 18. Slow 1200mV 0C Model Minimum Pulse Width
 19. Clock to Output Times
 20. Minimum Clock to Output Times
 21. Fast 1200mV 0C Model Setup Summary
 22. Fast 1200mV 0C Model Hold Summary
 23. Fast 1200mV 0C Model Recovery Summary
 24. Fast 1200mV 0C Model Removal Summary
 25. Fast 1200mV 0C Model Minimum Pulse Width
 26. Clock to Output Times
 27. Minimum Clock to Output Times
 28. Multicorner Timing Analysis Summary
 29. Clock to Output Times
 30. Minimum Clock to Output Times
 31. Board Trace Model Assignments
 32. Input Transition Times
 33. Slow Corner Signal Integrity Metrics
 34. Fast Corner Signal Integrity Metrics
 35. Setup Transfers
 36. Hold Transfers
 37. Report TCCS
 38. Report RSKM
 39. Unconstrained Paths
 40. TimeQuest Timing Analyzer Messages



----------------
; Legal Notice ;
----------------
Copyright (C) 1991-2009 Altera Corporation
Your use of Altera Corporation's design tools, logic functions 
and other software and tools, and its AMPP partner logic 
functions, and any output files from any of the foregoing 
(including device programming or simulation files), and any 
associated documentation or information are expressly subject 
to the terms and conditions of the Altera Program License 
Subscription Agreement, Altera MegaCore Function License 
Agreement, or other applicable license agreement, including, 
without limitation, that your use is for the sole purpose of 
programming logic devices manufactured by Altera and sold by 
Altera or its authorized distributors.  Please refer to the 
applicable agreement for further details.



+-----------------------------------------------------------------------+
; TimeQuest Timing Analyzer Summary                                     ;
+--------------------+--------------------------------------------------+
; Quartus II Version ; Version 9.0 Build 132 02/25/2009 SJ Full Version ;
; Revision Name      ; risc5                                            ;
; Device Family      ; Cyclone III                                      ;
; Device Name        ; EP3C40Q240C8                                     ;
; Timing Models      ; Final                                            ;
; Delay Model        ; Combined                                         ;
; Rise/Fall Delays   ; Enabled                                          ;
+--------------------+--------------------------------------------------+


+------------------------------------------+
; Parallel Compilation                     ;
+----------------------------+-------------+
; Processors                 ; Number      ;
+----------------------------+-------------+
; Number detected on machine ; 4           ;
; Maximum allowed            ; 4           ;
;                            ;             ;
; Average used               ; 1.00        ;
; Maximum used               ; 4           ;
;                            ;             ;
; Usage by Processor         ; % Time Used ;
;     1 processor            ; 100.0%      ;
;     2-4 processors         ; < 0.1%      ;
+----------------------------+-------------+


+---------------------------------------------------------------------------------------------------------------------------------------------------------------------------------+
; Clocks                                                                                                                                                                          ;
+------------+------+--------+------------+-------+-------+------------+-----------+-------------+-------+--------+-----------+------------+----------+--------+--------+---------+
; Clock Name ; Type ; Period ; Frequency  ; Rise  ; Fall  ; Duty Cycle ; Divide by ; Multiply by ; Phase ; Offset ; Edge List ; Edge Shift ; Inverted ; Master ; Source ; Targets ;
+------------+------+--------+------------+-------+-------+------------+-----------+-------------+-------+--------+-----------+------------+----------+--------+--------+---------+
; clk        ; Base ; 1.000  ; 1000.0 MHz ; 0.000 ; 0.500 ;            ;           ;             ;       ;        ;           ;            ;          ;        ;        ; { clk } ;
+------------+------+--------+------------+-------+-------+------------+-----------+-------------+-------+--------+-----------+------------+----------+--------+--------+---------+


+-------------------------------------------------+
; Slow 1200mV 85C Model Fmax Summary              ;
+-----------+-----------------+------------+------+
; Fmax      ; Restricted Fmax ; Clock Name ; Note ;
+-----------+-----------------+------------+------+
; 84.04 MHz ; 84.04 MHz       ; clk        ;      ;
+-----------+-----------------+------------+------+
This panel reports FMAX for every clock in the design, regardless of the user-specified clock periods.  FMAX is only computed for paths where the source and destination registers or ports are driven by the same clock.  Paths of different clocks, including generated clocks, are ignored.  For paths between a clock and its inversion, FMAX is computed as if the rising and falling edges are scaled along with FMAX, such that the duty cycle (in terms of a percentage) is maintained. Altera recommends that you always use clock constraints and other slack reports for sign-off analysis.


+-------------------------------------+
; Slow 1200mV 85C Model Setup Summary ;
+-------+---------+-------------------+
; Clock ; Slack   ; End Point TNS     ;
+-------+---------+-------------------+
; clk   ; -10.899 ; -1182.454         ;
+-------+---------+-------------------+


+------------------------------------+
; Slow 1200mV 85C Model Hold Summary ;
+-------+-------+--------------------+
; Clock ; Slack ; End Point TNS      ;
+-------+-------+--------------------+
; clk   ; 0.464 ; 0.000              ;
+-------+-------+--------------------+


------------------------------------------
; Slow 1200mV 85C Model Recovery Summary ;
------------------------------------------
No paths to report.


-----------------------------------------
; Slow 1200mV 85C Model Removal Summary ;
-----------------------------------------
No paths to report.


+------------------------------------------------------------------------------------------------------------------------------------+
; Slow 1200mV 85C Model Minimum Pulse Width                                                                                          ;
+--------+--------------+----------------+-------+------------+-------+------------+-------------------------------------------------+
; Slack  ; Actual Width ; Required Width ; CCPP  ; Type       ; Clock ; Clock Edge ; Target                                          ;
+--------+--------------+----------------+-------+------------+-------+------------+-------------------------------------------------+
; -3.000 ; 1.000        ; 4.000          ; 0.000 ; Port Rate  ; clk   ; Rise       ; clk                                             ;
; -1.857 ; 1.000        ; 2.857          ; 0.000 ; Min Period ; clk   ; Rise       ; lpm_dff2:inst2|lpm_ff:lpm_ff_component|dffs[10] ;
; -1.857 ; 1.000        ; 2.857          ; 0.000 ; Min Period ; clk   ; Rise       ; lpm_dff2:inst2|lpm_ff:lpm_ff_component|dffs[11] ;
; -1.857 ; 1.000        ; 2.857          ; 0.000 ; Min Period ; clk   ; Rise       ; lpm_dff2:inst2|lpm_ff:lpm_ff_component|dffs[12] ;
; -1.857 ; 1.000        ; 2.857          ; 0.000 ; Min Period ; clk   ; Rise       ; lpm_dff2:inst2|lpm_ff:lpm_ff_component|dffs[13] ;
; -1.857 ; 1.000        ; 2.857          ; 0.000 ; Min Period ; clk   ; Rise       ; lpm_dff2:inst2|lpm_ff:lpm_ff_component|dffs[14] ;
; -1.857 ; 1.000        ; 2.857          ; 0.000 ; Min Period ; clk   ; Rise       ; lpm_dff2:inst2|lpm_ff:lpm_ff_component|dffs[15] ;
; -1.857 ; 1.000        ; 2.857          ; 0.000 ; Min Period ; clk   ; Rise       ; lpm_dff2:inst2|lpm_ff:lpm_ff_component|dffs[16] ;
; -1.857 ; 1.000        ; 2.857          ; 0.000 ; Min Period ; clk   ; Rise       ; lpm_dff2:inst2|lpm_ff:lpm_ff_component|dffs[17] ;
; -1.857 ; 1.000        ; 2.857          ; 0.000 ; Min Period ; clk   ; Rise       ; lpm_dff2:inst2|lpm_ff:lpm_ff_component|dffs[18] ;
; -1.857 ; 1.000        ; 2.857          ; 0.000 ; Min Period ; clk   ; Rise       ; lpm_dff2:inst2|lpm_ff:lpm_ff_component|dffs[19] ;
; -1.857 ; 1.000        ; 2.857          ; 0.000 ; Min Period ; clk   ; Rise       ; lpm_dff2:inst2|lpm_ff:lpm_ff_component|dffs[20] ;
; -1.857 ; 1.000        ; 2.857          ; 0.000 ; Min Period ; clk   ; Rise       ; lpm_dff2:inst2|lpm_ff:lpm_ff_component|dffs[21] ;
; -1.857 ; 1.000        ; 2.857          ; 0.000 ; Min Period ; clk   ; Rise       ; lpm_dff2:inst2|lpm_ff:lpm_ff_component|dffs[22] ;
; -1.857 ; 1.000        ; 2.857          ; 0.000 ; Min Period ; clk   ; Rise       ; lpm_dff2:inst2|lpm_ff:lpm_ff_component|dffs[23] ;
; -1.857 ; 1.000        ; 2.857          ; 0.000 ; Min Period ; clk   ; Rise       ; lpm_dff2:inst2|lpm_ff:lpm_ff_component|dffs[24] ;
; -1.857 ; 1.000        ; 2.857          ; 0.000 ; Min Period ; clk   ; Rise       ; lpm_dff2:inst2|lpm_ff:lpm_ff_component|dffs[25] ;
; -1.857 ; 1.000        ; 2.857          ; 0.000 ; Min Period ; clk   ; Rise       ; lpm_dff2:inst2|lpm_ff:lpm_ff_component|dffs[26] ;
; -1.857 ; 1.000        ; 2.857          ; 0.000 ; Min Period ; clk   ; Rise       ; lpm_dff2:inst2|lpm_ff:lpm_ff_component|dffs[27] ;
; -1.857 ; 1.000        ; 2.857          ; 0.000 ; Min Period ; clk   ; Rise       ; lpm_dff2:inst2|lpm_ff:lpm_ff_component|dffs[28] ;
; -1.857 ; 1.000        ; 2.857          ; 0.000 ; Min Period ; clk   ; Rise       ; lpm_dff2:inst2|lpm_ff:lpm_ff_component|dffs[29] ;
; -1.857 ; 1.000        ; 2.857          ; 0.000 ; Min Period ; clk   ; Rise       ; lpm_dff2:inst2|lpm_ff:lpm_ff_component|dffs[2]  ;
; -1.857 ; 1.000        ; 2.857          ; 0.000 ; Min Period ; clk   ; Rise       ; lpm_dff2:inst2|lpm_ff:lpm_ff_component|dffs[30] ;
; -1.857 ; 1.000        ; 2.857          ; 0.000 ; Min Period ; clk   ; Rise       ; lpm_dff2:inst2|lpm_ff:lpm_ff_component|dffs[31] ;
; -1.857 ; 1.000        ; 2.857          ; 0.000 ; Min Period ; clk   ; Rise       ; lpm_dff2:inst2|lpm_ff:lpm_ff_component|dffs[3]  ;
; -1.857 ; 1.000        ; 2.857          ; 0.000 ; Min Period ; clk   ; Rise       ; lpm_dff2:inst2|lpm_ff:lpm_ff_component|dffs[4]  ;
; -1.857 ; 1.000        ; 2.857          ; 0.000 ; Min Period ; clk   ; Rise       ; lpm_dff2:inst2|lpm_ff:lpm_ff_component|dffs[5]  ;
; -1.857 ; 1.000        ; 2.857          ; 0.000 ; Min Period ; clk   ; Rise       ; lpm_dff2:inst2|lpm_ff:lpm_ff_component|dffs[6]  ;
; -1.857 ; 1.000        ; 2.857          ; 0.000 ; Min Period ; clk   ; Rise       ; lpm_dff2:inst2|lpm_ff:lpm_ff_component|dffs[7]  ;
; -1.857 ; 1.000        ; 2.857          ; 0.000 ; Min Period ; clk   ; Rise       ; lpm_dff2:inst2|lpm_ff:lpm_ff_component|dffs[8]  ;
; -1.857 ; 1.000        ; 2.857          ; 0.000 ; Min Period ; clk   ; Rise       ; lpm_dff2:inst2|lpm_ff:lpm_ff_component|dffs[9]  ;
; -1.857 ; 1.000        ; 2.857          ; 0.000 ; Min Period ; clk   ; Rise       ; regfile:inst5|reg_array~100                     ;
; -1.857 ; 1.000        ; 2.857          ; 0.000 ; Min Period ; clk   ; Rise       ; regfile:inst5|reg_array~104                     ;
; -1.857 ; 1.000        ; 2.857          ; 0.000 ; Min Period ; clk   ; Rise       ; regfile:inst5|reg_array~105                     ;
; -1.857 ; 1.000        ; 2.857          ; 0.000 ; Min Period ; clk   ; Rise       ; regfile:inst5|reg_array~106                     ;
; -1.857 ; 1.000        ; 2.857          ; 0.000 ; Min Period ; clk   ; Rise       ; regfile:inst5|reg_array~128                     ;
; -1.857 ; 1.000        ; 2.857          ; 0.000 ; Min Period ; clk   ; Rise       ; regfile:inst5|reg_array~129                     ;
; -1.857 ; 1.000        ; 2.857          ; 0.000 ; Min Period ; clk   ; Rise       ; regfile:inst5|reg_array~130                     ;
; -1.857 ; 1.000        ; 2.857          ; 0.000 ; Min Period ; clk   ; Rise       ; regfile:inst5|reg_array~131                     ;
; -1.857 ; 1.000        ; 2.857          ; 0.000 ; Min Period ; clk   ; Rise       ; regfile:inst5|reg_array~132                     ;
; -1.857 ; 1.000        ; 2.857          ; 0.000 ; Min Period ; clk   ; Rise       ; regfile:inst5|reg_array~136                     ;
; -1.857 ; 1.000        ; 2.857          ; 0.000 ; Min Period ; clk   ; Rise       ; regfile:inst5|reg_array~137                     ;
; -1.857 ; 1.000        ; 2.857          ; 0.000 ; Min Period ; clk   ; Rise       ; regfile:inst5|reg_array~138                     ;
; -1.857 ; 1.000        ; 2.857          ; 0.000 ; Min Period ; clk   ; Rise       ; regfile:inst5|reg_array~160                     ;
; -1.857 ; 1.000        ; 2.857          ; 0.000 ; Min Period ; clk   ; Rise       ; regfile:inst5|reg_array~161                     ;
; -1.857 ; 1.000        ; 2.857          ; 0.000 ; Min Period ; clk   ; Rise       ; regfile:inst5|reg_array~162                     ;
; -1.857 ; 1.000        ; 2.857          ; 0.000 ; Min Period ; clk   ; Rise       ; regfile:inst5|reg_array~163                     ;
; -1.857 ; 1.000        ; 2.857          ; 0.000 ; Min Period ; clk   ; Rise       ; regfile:inst5|reg_array~164                     ;
; -1.857 ; 1.000        ; 2.857          ; 0.000 ; Min Period ; clk   ; Rise       ; regfile:inst5|reg_array~168                     ;
; -1.857 ; 1.000        ; 2.857          ; 0.000 ; Min Period ; clk   ; Rise       ; regfile:inst5|reg_array~169                     ;
; -1.857 ; 1.000        ; 2.857          ; 0.000 ; Min Period ; clk   ; Rise       ; regfile:inst5|reg_array~170                     ;
; -1.857 ; 1.000        ; 2.857          ; 0.000 ; Min Period ; clk   ; Rise       ; regfile:inst5|reg_array~192                     ;
; -1.857 ; 1.000        ; 2.857          ; 0.000 ; Min Period ; clk   ; Rise       ; regfile:inst5|reg_array~193                     ;
; -1.857 ; 1.000        ; 2.857          ; 0.000 ; Min Period ; clk   ; Rise       ; regfile:inst5|reg_array~194                     ;
; -1.857 ; 1.000        ; 2.857          ; 0.000 ; Min Period ; clk   ; Rise       ; regfile:inst5|reg_array~195                     ;
; -1.857 ; 1.000        ; 2.857          ; 0.000 ; Min Period ; clk   ; Rise       ; regfile:inst5|reg_array~196                     ;
; -1.857 ; 1.000        ; 2.857          ; 0.000 ; Min Period ; clk   ; Rise       ; regfile:inst5|reg_array~200                     ;
; -1.857 ; 1.000        ; 2.857          ; 0.000 ; Min Period ; clk   ; Rise       ; regfile:inst5|reg_array~201                     ;
; -1.857 ; 1.000        ; 2.857          ; 0.000 ; Min Period ; clk   ; Rise       ; regfile:inst5|reg_array~202                     ;
; -1.857 ; 1.000        ; 2.857          ; 0.000 ; Min Period ; clk   ; Rise       ; regfile:inst5|reg_array~224                     ;
; -1.857 ; 1.000        ; 2.857          ; 0.000 ; Min Period ; clk   ; Rise       ; regfile:inst5|reg_array~225                     ;
; -1.857 ; 1.000        ; 2.857          ; 0.000 ; Min Period ; clk   ; Rise       ; regfile:inst5|reg_array~226                     ;
; -1.857 ; 1.000        ; 2.857          ; 0.000 ; Min Period ; clk   ; Rise       ; regfile:inst5|reg_array~227                     ;
; -1.857 ; 1.000        ; 2.857          ; 0.000 ; Min Period ; clk   ; Rise       ; regfile:inst5|reg_array~228                     ;
; -1.857 ; 1.000        ; 2.857          ; 0.000 ; Min Period ; clk   ; Rise       ; regfile:inst5|reg_array~232                     ;
; -1.857 ; 1.000        ; 2.857          ; 0.000 ; Min Period ; clk   ; Rise       ; regfile:inst5|reg_array~233                     ;
; -1.857 ; 1.000        ; 2.857          ; 0.000 ; Min Period ; clk   ; Rise       ; regfile:inst5|reg_array~234                     ;
; -1.857 ; 1.000        ; 2.857          ; 0.000 ; Min Period ; clk   ; Rise       ; regfile:inst5|reg_array~256                     ;
; -1.857 ; 1.000        ; 2.857          ; 0.000 ; Min Period ; clk   ; Rise       ; regfile:inst5|reg_array~257                     ;
; -1.857 ; 1.000        ; 2.857          ; 0.000 ; Min Period ; clk   ; Rise       ; regfile:inst5|reg_array~258                     ;
; -1.857 ; 1.000        ; 2.857          ; 0.000 ; Min Period ; clk   ; Rise       ; regfile:inst5|reg_array~259                     ;
; -1.857 ; 1.000        ; 2.857          ; 0.000 ; Min Period ; clk   ; Rise       ; regfile:inst5|reg_array~260                     ;
; -1.857 ; 1.000        ; 2.857          ; 0.000 ; Min Period ; clk   ; Rise       ; regfile:inst5|reg_array~264                     ;
; -1.857 ; 1.000        ; 2.857          ; 0.000 ; Min Period ; clk   ; Rise       ; regfile:inst5|reg_array~265                     ;
; -1.857 ; 1.000        ; 2.857          ; 0.000 ; Min Period ; clk   ; Rise       ; regfile:inst5|reg_array~266                     ;
; -1.857 ; 1.000        ; 2.857          ; 0.000 ; Min Period ; clk   ; Rise       ; regfile:inst5|reg_array~32                      ;
; -1.857 ; 1.000        ; 2.857          ; 0.000 ; Min Period ; clk   ; Rise       ; regfile:inst5|reg_array~33                      ;
; -1.857 ; 1.000        ; 2.857          ; 0.000 ; Min Period ; clk   ; Rise       ; regfile:inst5|reg_array~34                      ;
; -1.857 ; 1.000        ; 2.857          ; 0.000 ; Min Period ; clk   ; Rise       ; regfile:inst5|reg_array~35                      ;
; -1.857 ; 1.000        ; 2.857          ; 0.000 ; Min Period ; clk   ; Rise       ; regfile:inst5|reg_array~36                      ;
; -1.857 ; 1.000        ; 2.857          ; 0.000 ; Min Period ; clk   ; Rise       ; regfile:inst5|reg_array~37                      ;
; -1.857 ; 1.000        ; 2.857          ; 0.000 ; Min Period ; clk   ; Rise       ; regfile:inst5|reg_array~38                      ;
; -1.857 ; 1.000        ; 2.857          ; 0.000 ; Min Period ; clk   ; Rise       ; regfile:inst5|reg_array~39                      ;
; -1.857 ; 1.000        ; 2.857          ; 0.000 ; Min Period ; clk   ; Rise       ; regfile:inst5|reg_array~40                      ;
; -1.857 ; 1.000        ; 2.857          ; 0.000 ; Min Period ; clk   ; Rise       ; regfile:inst5|reg_array~41                      ;
; -1.857 ; 1.000        ; 2.857          ; 0.000 ; Min Period ; clk   ; Rise       ; regfile:inst5|reg_array~42                      ;
; -1.857 ; 1.000        ; 2.857          ; 0.000 ; Min Period ; clk   ; Rise       ; regfile:inst5|reg_array~43                      ;
; -1.857 ; 1.000        ; 2.857          ; 0.000 ; Min Period ; clk   ; Rise       ; regfile:inst5|reg_array~44                      ;
; -1.857 ; 1.000        ; 2.857          ; 0.000 ; Min Period ; clk   ; Rise       ; regfile:inst5|reg_array~45                      ;
; -1.857 ; 1.000        ; 2.857          ; 0.000 ; Min Period ; clk   ; Rise       ; regfile:inst5|reg_array~46                      ;
; -1.857 ; 1.000        ; 2.857          ; 0.000 ; Min Period ; clk   ; Rise       ; regfile:inst5|reg_array~47                      ;
; -1.857 ; 1.000        ; 2.857          ; 0.000 ; Min Period ; clk   ; Rise       ; regfile:inst5|reg_array~48                      ;
; -1.857 ; 1.000        ; 2.857          ; 0.000 ; Min Period ; clk   ; Rise       ; regfile:inst5|reg_array~480                     ;
; -1.857 ; 1.000        ; 2.857          ; 0.000 ; Min Period ; clk   ; Rise       ; regfile:inst5|reg_array~481                     ;
; -1.857 ; 1.000        ; 2.857          ; 0.000 ; Min Period ; clk   ; Rise       ; regfile:inst5|reg_array~482                     ;
; -1.857 ; 1.000        ; 2.857          ; 0.000 ; Min Period ; clk   ; Rise       ; regfile:inst5|reg_array~483                     ;
; -1.857 ; 1.000        ; 2.857          ; 0.000 ; Min Period ; clk   ; Rise       ; regfile:inst5|reg_array~484                     ;
; -1.857 ; 1.000        ; 2.857          ; 0.000 ; Min Period ; clk   ; Rise       ; regfile:inst5|reg_array~485                     ;
; -1.857 ; 1.000        ; 2.857          ; 0.000 ; Min Period ; clk   ; Rise       ; regfile:inst5|reg_array~486                     ;
; -1.857 ; 1.000        ; 2.857          ; 0.000 ; Min Period ; clk   ; Rise       ; regfile:inst5|reg_array~487                     ;
+--------+--------------+----------------+-------+------------+-------+------------+-------------------------------------------------+


+----------------------------------------------------------------------------+
; Clock to Output Times                                                      ;
+--------------+------------+--------+--------+------------+-----------------+
; Data Port    ; Clock Port ; Rise   ; Fall   ; Clock Edge ; Clock Reference ;
+--------------+------------+--------+--------+------------+-----------------+
; alu_out[*]   ; clk        ; 22.131 ; 21.823 ; Rise       ; clk             ;
;  alu_out[0]  ; clk        ; 22.122 ; 21.551 ; Rise       ; clk             ;
;  alu_out[1]  ; clk        ; 21.528 ; 20.759 ; Rise       ; clk             ;
;  alu_out[2]  ; clk        ; 22.088 ; 21.823 ; Rise       ; clk             ;
;  alu_out[3]  ; clk        ; 18.584 ; 18.347 ; Rise       ; clk             ;
;  alu_out[4]  ; clk        ; 17.842 ; 17.755 ; Rise       ; clk             ;
;  alu_out[5]  ; clk        ; 21.562 ; 20.772 ; Rise       ; clk             ;
;  alu_out[6]  ; clk        ; 21.841 ; 21.475 ; Rise       ; clk             ;
;  alu_out[7]  ; clk        ; 22.131 ; 21.554 ; Rise       ; clk             ;
;  alu_out[8]  ; clk        ; 19.714 ; 19.483 ; Rise       ; clk             ;
;  alu_out[9]  ; clk        ; 18.271 ; 18.137 ; Rise       ; clk             ;
;  alu_out[10] ; clk        ; 18.966 ; 18.557 ; Rise       ; clk             ;
;  alu_out[11] ; clk        ; 19.146 ; 18.747 ; Rise       ; clk             ;
;  alu_out[12] ; clk        ; 21.028 ; 20.768 ; Rise       ; clk             ;
;  alu_out[13] ; clk        ; 19.565 ; 19.083 ; Rise       ; clk             ;
;  alu_out[14] ; clk        ; 19.564 ; 19.162 ; Rise       ; clk             ;
;  alu_out[15] ; clk        ; 20.145 ; 19.656 ; Rise       ; clk             ;
;  alu_out[16] ; clk        ; 18.384 ; 18.302 ; Rise       ; clk             ;
;  alu_out[17] ; clk        ; 18.913 ; 18.643 ; Rise       ; clk             ;
;  alu_out[18] ; clk        ; 19.753 ; 19.411 ; Rise       ; clk             ;
;  alu_out[19] ; clk        ; 19.907 ; 19.489 ; Rise       ; clk             ;
;  alu_out[20] ; clk        ; 21.081 ; 20.835 ; Rise       ; clk             ;
;  alu_out[21] ; clk        ; 20.116 ; 19.722 ; Rise       ; clk             ;
;  alu_out[22] ; clk        ; 19.964 ; 19.567 ; Rise       ; clk             ;
;  alu_out[23] ; clk        ; 19.609 ; 19.299 ; Rise       ; clk             ;
;  alu_out[24] ; clk        ; 21.108 ; 20.908 ; Rise       ; clk             ;
;  alu_out[25] ; clk        ; 21.047 ; 20.810 ; Rise       ; clk             ;
;  alu_out[26] ; clk        ; 19.393 ; 19.068 ; Rise       ; clk             ;
;  alu_out[27] ; clk        ; 19.172 ; 18.941 ; Rise       ; clk             ;
;  alu_out[28] ; clk        ; 19.330 ; 19.058 ; Rise       ; clk             ;
;  alu_out[29] ; clk        ; 20.871 ; 20.667 ; Rise       ; clk             ;
;  alu_out[30] ; clk        ; 19.906 ; 19.617 ; Rise       ; clk             ;
;  alu_out[31] ; clk        ; 20.145 ; 19.793 ; Rise       ; clk             ;
; pc_out[*]    ; clk        ; 13.399 ; 13.130 ; Rise       ; clk             ;
;  pc_out[2]   ; clk        ; 9.946  ; 9.760  ; Rise       ; clk             ;
;  pc_out[3]   ; clk        ; 12.727 ; 12.527 ; Rise       ; clk             ;
;  pc_out[4]   ; clk        ; 11.787 ; 11.706 ; Rise       ; clk             ;
;  pc_out[5]   ; clk        ; 10.586 ; 10.302 ; Rise       ; clk             ;
;  pc_out[6]   ; clk        ; 9.361  ; 9.194  ; Rise       ; clk             ;
;  pc_out[7]   ; clk        ; 11.877 ; 11.691 ; Rise       ; clk             ;
;  pc_out[8]   ; clk        ; 10.587 ; 10.367 ; Rise       ; clk             ;
;  pc_out[9]   ; clk        ; 9.975  ; 9.685  ; Rise       ; clk             ;
;  pc_out[10]  ; clk        ; 11.412 ; 11.001 ; Rise       ; clk             ;
;  pc_out[11]  ; clk        ; 10.219 ; 9.979  ; Rise       ; clk             ;
;  pc_out[12]  ; clk        ; 9.903  ; 9.764  ; Rise       ; clk             ;
;  pc_out[13]  ; clk        ; 9.122  ; 9.002  ; Rise       ; clk             ;
;  pc_out[14]  ; clk        ; 10.636 ; 10.480 ; Rise       ; clk             ;
;  pc_out[15]  ; clk        ; 11.157 ; 10.983 ; Rise       ; clk             ;
;  pc_out[16]  ; clk        ; 10.480 ; 10.175 ; Rise       ; clk             ;
;  pc_out[17]  ; clk        ; 9.706  ; 9.390  ; Rise       ; clk             ;
;  pc_out[18]  ; clk        ; 10.444 ; 10.098 ; Rise       ; clk             ;
;  pc_out[19]  ; clk        ; 9.704  ; 9.460  ; Rise       ; clk             ;
;  pc_out[20]  ; clk        ; 11.476 ; 11.315 ; Rise       ; clk             ;
;  pc_out[21]  ; clk        ; 10.719 ; 10.353 ; Rise       ; clk             ;
;  pc_out[22]  ; clk        ; 10.432 ; 10.170 ; Rise       ; clk             ;
;  pc_out[23]  ; clk        ; 12.209 ; 11.920 ; Rise       ; clk             ;
;  pc_out[24]  ; clk        ; 11.329 ; 10.961 ; Rise       ; clk             ;
;  pc_out[25]  ; clk        ; 10.984 ; 11.008 ; Rise       ; clk             ;
;  pc_out[26]  ; clk        ; 13.399 ; 13.130 ; Rise       ; clk             ;
;  pc_out[27]  ; clk        ; 10.099 ; 9.857  ; Rise       ; clk             ;
;  pc_out[28]  ; clk        ; 9.711  ; 9.474  ; Rise       ; clk             ;
;  pc_out[29]  ; clk        ; 11.866 ; 11.765 ; Rise       ; clk             ;
;  pc_out[30]  ; clk        ; 10.715 ; 10.448 ; Rise       ; clk             ;
;  pc_out[31]  ; clk        ; 12.529 ; 12.306 ; Rise       ; clk             ;
+--------------+------------+--------+--------+------------+-----------------+


+----------------------------------------------------------------------------+
; Minimum Clock to Output Times                                              ;
+--------------+------------+--------+--------+------------+-----------------+
; Data Port    ; Clock Port ; Rise   ; Fall   ; Clock Edge ; Clock Reference ;
+--------------+------------+--------+--------+------------+-----------------+
; alu_out[*]   ; clk        ; 10.765 ; 10.549 ; Rise       ; clk             ;
;  alu_out[0]  ; clk        ; 16.933 ; 16.341 ; Rise       ; clk             ;
;  alu_out[1]  ; clk        ; 15.916 ; 15.226 ; Rise       ; clk             ;
;  alu_out[2]  ; clk        ; 16.717 ; 16.427 ; Rise       ; clk             ;
;  alu_out[3]  ; clk        ; 11.923 ; 11.700 ; Rise       ; clk             ;
;  alu_out[4]  ; clk        ; 11.683 ; 11.551 ; Rise       ; clk             ;
;  alu_out[5]  ; clk        ; 15.037 ; 14.283 ; Rise       ; clk             ;
;  alu_out[6]  ; clk        ; 15.579 ; 15.185 ; Rise       ; clk             ;
;  alu_out[7]  ; clk        ; 15.641 ; 15.140 ; Rise       ; clk             ;
;  alu_out[8]  ; clk        ; 13.141 ; 12.865 ; Rise       ; clk             ;
;  alu_out[9]  ; clk        ; 11.850 ; 11.769 ; Rise       ; clk             ;
;  alu_out[10] ; clk        ; 11.970 ; 11.516 ; Rise       ; clk             ;
;  alu_out[11] ; clk        ; 12.231 ; 11.895 ; Rise       ; clk             ;
;  alu_out[12] ; clk        ; 13.761 ; 13.455 ; Rise       ; clk             ;
;  alu_out[13] ; clk        ; 12.387 ; 11.971 ; Rise       ; clk             ;
;  alu_out[14] ; clk        ; 12.557 ; 12.109 ; Rise       ; clk             ;
;  alu_out[15] ; clk        ; 12.549 ; 12.086 ; Rise       ; clk             ;
;  alu_out[16] ; clk        ; 11.347 ; 11.220 ; Rise       ; clk             ;
;  alu_out[17] ; clk        ; 10.946 ; 10.692 ; Rise       ; clk             ;
;  alu_out[18] ; clk        ; 11.806 ; 11.417 ; Rise       ; clk             ;
;  alu_out[19] ; clk        ; 11.747 ; 11.353 ; Rise       ; clk             ;
;  alu_out[20] ; clk        ; 13.033 ; 12.741 ; Rise       ; clk             ;
;  alu_out[21] ; clk        ; 12.140 ; 11.810 ; Rise       ; clk             ;
;  alu_out[22] ; clk        ; 12.189 ; 11.782 ; Rise       ; clk             ;
;  alu_out[23] ; clk        ; 11.177 ; 10.885 ; Rise       ; clk             ;
;  alu_out[24] ; clk        ; 12.726 ; 12.478 ; Rise       ; clk             ;
;  alu_out[25] ; clk        ; 12.492 ; 12.275 ; Rise       ; clk             ;
;  alu_out[26] ; clk        ; 11.289 ; 10.963 ; Rise       ; clk             ;
;  alu_out[27] ; clk        ; 10.765 ; 10.549 ; Rise       ; clk             ;
;  alu_out[28] ; clk        ; 11.230 ; 10.953 ; Rise       ; clk             ;
;  alu_out[29] ; clk        ; 12.578 ; 12.435 ; Rise       ; clk             ;
;  alu_out[30] ; clk        ; 11.340 ; 11.002 ; Rise       ; clk             ;
;  alu_out[31] ; clk        ; 11.465 ; 11.126 ; Rise       ; clk             ;
; pc_out[*]    ; clk        ; 8.880  ; 8.762  ; Rise       ; clk             ;
;  pc_out[2]   ; clk        ; 9.679  ; 9.499  ; Rise       ; clk             ;
;  pc_out[3]   ; clk        ; 12.404 ; 12.216 ; Rise       ; clk             ;
;  pc_out[4]   ; clk        ; 11.497 ; 11.422 ; Rise       ; clk             ;
;  pc_out[5]   ; clk        ; 10.286 ; 10.011 ; Rise       ; clk             ;
;  pc_out[6]   ; clk        ; 9.110  ; 8.947  ; Rise       ; clk             ;
;  pc_out[7]   ; clk        ; 11.529 ; 11.348 ; Rise       ; clk             ;
;  pc_out[8]   ; clk        ; 10.287 ; 10.073 ; Rise       ; clk             ;
;  pc_out[9]   ; clk        ; 9.699  ; 9.418  ; Rise       ; clk             ;
;  pc_out[10]  ; clk        ; 11.086 ; 10.691 ; Rise       ; clk             ;
;  pc_out[11]  ; clk        ; 9.941  ; 9.709  ; Rise       ; clk             ;
;  pc_out[12]  ; clk        ; 9.637  ; 9.502  ; Rise       ; clk             ;
;  pc_out[13]  ; clk        ; 8.880  ; 8.762  ; Rise       ; clk             ;
;  pc_out[14]  ; clk        ; 10.334 ; 10.182 ; Rise       ; clk             ;
;  pc_out[15]  ; clk        ; 10.892 ; 10.728 ; Rise       ; clk             ;
;  pc_out[16]  ; clk        ; 10.185 ; 9.889  ; Rise       ; clk             ;
;  pc_out[17]  ; clk        ; 9.442  ; 9.135  ; Rise       ; clk             ;
;  pc_out[18]  ; clk        ; 10.150 ; 9.814  ; Rise       ; clk             ;
;  pc_out[19]  ; clk        ; 9.439  ; 9.202  ; Rise       ; clk             ;
;  pc_out[20]  ; clk        ; 11.199 ; 11.047 ; Rise       ; clk             ;
;  pc_out[21]  ; clk        ; 10.414 ; 10.059 ; Rise       ; clk             ;
;  pc_out[22]  ; clk        ; 10.138 ; 9.884  ; Rise       ; clk             ;
;  pc_out[23]  ; clk        ; 11.903 ; 11.628 ; Rise       ; clk             ;
;  pc_out[24]  ; clk        ; 10.999 ; 10.643 ; Rise       ; clk             ;
;  pc_out[25]  ; clk        ; 10.726 ; 10.752 ; Rise       ; clk             ;
;  pc_out[26]  ; clk        ; 13.044 ; 12.788 ; Rise       ; clk             ;
;  pc_out[27]  ; clk        ; 9.819  ; 9.584  ; Rise       ; clk             ;
;  pc_out[28]  ; clk        ; 9.446  ; 9.216  ; Rise       ; clk             ;
;  pc_out[29]  ; clk        ; 11.577 ; 11.483 ; Rise       ; clk             ;
;  pc_out[30]  ; clk        ; 10.418 ; 10.160 ; Rise       ; clk             ;
;  pc_out[31]  ; clk        ; 12.210 ; 11.997 ; Rise       ; clk             ;
+--------------+------------+--------+--------+------------+-----------------+


+-------------------------------------------------+
; Slow 1200mV 0C Model Fmax Summary               ;
+-----------+-----------------+------------+------+
; Fmax      ; Restricted Fmax ; Clock Name ; Note ;
+-----------+-----------------+------------+------+
; 90.18 MHz ; 90.18 MHz       ; clk        ;      ;
+-----------+-----------------+------------+------+
This panel reports FMAX for every clock in the design, regardless of the user-specified clock periods.  FMAX is only computed for paths where the source and destination registers or ports are driven by the same clock.  Paths of different clocks, including generated clocks, are ignored.  For paths between a clock and its inversion, FMAX is computed as if the rising and falling edges are scaled along with FMAX, such that the duty cycle (in terms of a percentage) is maintained. Altera recommends that you always use clock constraints and other slack reports for sign-off analysis.


+------------------------------------+
; Slow 1200mV 0C Model Setup Summary ;
+-------+---------+------------------+
; Clock ; Slack   ; End Point TNS    ;
+-------+---------+------------------+
; clk   ; -10.089 ; -1100.249        ;
+-------+---------+------------------+


+-----------------------------------+
; Slow 1200mV 0C Model Hold Summary ;
+-------+-------+-------------------+
; Clock ; Slack ; End Point TNS     ;
+-------+-------+-------------------+
; clk   ; 0.415 ; 0.000             ;
+-------+-------+-------------------+


-----------------------------------------
; Slow 1200mV 0C Model Recovery Summary ;
-----------------------------------------
No paths to report.


----------------------------------------
; Slow 1200mV 0C Model Removal Summary ;
----------------------------------------
No paths to report.


+------------------------------------------------------------------------------------------------------------------------------------+
; Slow 1200mV 0C Model Minimum Pulse Width                                                                                           ;
+--------+--------------+----------------+-------+------------+-------+------------+-------------------------------------------------+
; Slack  ; Actual Width ; Required Width ; CCPP  ; Type       ; Clock ; Clock Edge ; Target                                          ;
+--------+--------------+----------------+-------+------------+-------+------------+-------------------------------------------------+
; -3.000 ; 1.000        ; 4.000          ; 0.000 ; Port Rate  ; clk   ; Rise       ; clk                                             ;
; -1.857 ; 1.000        ; 2.857          ; 0.000 ; Min Period ; clk   ; Rise       ; lpm_dff2:inst2|lpm_ff:lpm_ff_component|dffs[10] ;
; -1.857 ; 1.000        ; 2.857          ; 0.000 ; Min Period ; clk   ; Rise       ; lpm_dff2:inst2|lpm_ff:lpm_ff_component|dffs[11] ;
; -1.857 ; 1.000        ; 2.857          ; 0.000 ; Min Period ; clk   ; Rise       ; lpm_dff2:inst2|lpm_ff:lpm_ff_component|dffs[12] ;
; -1.857 ; 1.000        ; 2.857          ; 0.000 ; Min Period ; clk   ; Rise       ; lpm_dff2:inst2|lpm_ff:lpm_ff_component|dffs[13] ;
; -1.857 ; 1.000        ; 2.857          ; 0.000 ; Min Period ; clk   ; Rise       ; lpm_dff2:inst2|lpm_ff:lpm_ff_component|dffs[14] ;
; -1.857 ; 1.000        ; 2.857          ; 0.000 ; Min Period ; clk   ; Rise       ; lpm_dff2:inst2|lpm_ff:lpm_ff_component|dffs[15] ;
; -1.857 ; 1.000        ; 2.857          ; 0.000 ; Min Period ; clk   ; Rise       ; lpm_dff2:inst2|lpm_ff:lpm_ff_component|dffs[16] ;
; -1.857 ; 1.000        ; 2.857          ; 0.000 ; Min Period ; clk   ; Rise       ; lpm_dff2:inst2|lpm_ff:lpm_ff_component|dffs[17] ;
; -1.857 ; 1.000        ; 2.857          ; 0.000 ; Min Period ; clk   ; Rise       ; lpm_dff2:inst2|lpm_ff:lpm_ff_component|dffs[18] ;
; -1.857 ; 1.000        ; 2.857          ; 0.000 ; Min Period ; clk   ; Rise       ; lpm_dff2:inst2|lpm_ff:lpm_ff_component|dffs[19] ;
; -1.857 ; 1.000        ; 2.857          ; 0.000 ; Min Period ; clk   ; Rise       ; lpm_dff2:inst2|lpm_ff:lpm_ff_component|dffs[20] ;
; -1.857 ; 1.000        ; 2.857          ; 0.000 ; Min Period ; clk   ; Rise       ; lpm_dff2:inst2|lpm_ff:lpm_ff_component|dffs[21] ;
; -1.857 ; 1.000        ; 2.857          ; 0.000 ; Min Period ; clk   ; Rise       ; lpm_dff2:inst2|lpm_ff:lpm_ff_component|dffs[22] ;
; -1.857 ; 1.000        ; 2.857          ; 0.000 ; Min Period ; clk   ; Rise       ; lpm_dff2:inst2|lpm_ff:lpm_ff_component|dffs[23] ;
; -1.857 ; 1.000        ; 2.857          ; 0.000 ; Min Period ; clk   ; Rise       ; lpm_dff2:inst2|lpm_ff:lpm_ff_component|dffs[24] ;
; -1.857 ; 1.000        ; 2.857          ; 0.000 ; Min Period ; clk   ; Rise       ; lpm_dff2:inst2|lpm_ff:lpm_ff_component|dffs[25] ;
; -1.857 ; 1.000        ; 2.857          ; 0.000 ; Min Period ; clk   ; Rise       ; lpm_dff2:inst2|lpm_ff:lpm_ff_component|dffs[26] ;
; -1.857 ; 1.000        ; 2.857          ; 0.000 ; Min Period ; clk   ; Rise       ; lpm_dff2:inst2|lpm_ff:lpm_ff_component|dffs[27] ;
; -1.857 ; 1.000        ; 2.857          ; 0.000 ; Min Period ; clk   ; Rise       ; lpm_dff2:inst2|lpm_ff:lpm_ff_component|dffs[28] ;
; -1.857 ; 1.000        ; 2.857          ; 0.000 ; Min Period ; clk   ; Rise       ; lpm_dff2:inst2|lpm_ff:lpm_ff_component|dffs[29] ;
; -1.857 ; 1.000        ; 2.857          ; 0.000 ; Min Period ; clk   ; Rise       ; lpm_dff2:inst2|lpm_ff:lpm_ff_component|dffs[2]  ;
; -1.857 ; 1.000        ; 2.857          ; 0.000 ; Min Period ; clk   ; Rise       ; lpm_dff2:inst2|lpm_ff:lpm_ff_component|dffs[30] ;
; -1.857 ; 1.000        ; 2.857          ; 0.000 ; Min Period ; clk   ; Rise       ; lpm_dff2:inst2|lpm_ff:lpm_ff_component|dffs[31] ;
; -1.857 ; 1.000        ; 2.857          ; 0.000 ; Min Period ; clk   ; Rise       ; lpm_dff2:inst2|lpm_ff:lpm_ff_component|dffs[3]  ;
; -1.857 ; 1.000        ; 2.857          ; 0.000 ; Min Period ; clk   ; Rise       ; lpm_dff2:inst2|lpm_ff:lpm_ff_component|dffs[4]  ;
; -1.857 ; 1.000        ; 2.857          ; 0.000 ; Min Period ; clk   ; Rise       ; lpm_dff2:inst2|lpm_ff:lpm_ff_component|dffs[5]  ;
; -1.857 ; 1.000        ; 2.857          ; 0.000 ; Min Period ; clk   ; Rise       ; lpm_dff2:inst2|lpm_ff:lpm_ff_component|dffs[6]  ;
; -1.857 ; 1.000        ; 2.857          ; 0.000 ; Min Period ; clk   ; Rise       ; lpm_dff2:inst2|lpm_ff:lpm_ff_component|dffs[7]  ;
; -1.857 ; 1.000        ; 2.857          ; 0.000 ; Min Period ; clk   ; Rise       ; lpm_dff2:inst2|lpm_ff:lpm_ff_component|dffs[8]  ;
; -1.857 ; 1.000        ; 2.857          ; 0.000 ; Min Period ; clk   ; Rise       ; lpm_dff2:inst2|lpm_ff:lpm_ff_component|dffs[9]  ;
; -1.857 ; 1.000        ; 2.857          ; 0.000 ; Min Period ; clk   ; Rise       ; regfile:inst5|reg_array~100                     ;
; -1.857 ; 1.000        ; 2.857          ; 0.000 ; Min Period ; clk   ; Rise       ; regfile:inst5|reg_array~104                     ;
; -1.857 ; 1.000        ; 2.857          ; 0.000 ; Min Period ; clk   ; Rise       ; regfile:inst5|reg_array~105                     ;
; -1.857 ; 1.000        ; 2.857          ; 0.000 ; Min Period ; clk   ; Rise       ; regfile:inst5|reg_array~106                     ;
; -1.857 ; 1.000        ; 2.857          ; 0.000 ; Min Period ; clk   ; Rise       ; regfile:inst5|reg_array~128                     ;
; -1.857 ; 1.000        ; 2.857          ; 0.000 ; Min Period ; clk   ; Rise       ; regfile:inst5|reg_array~129                     ;
; -1.857 ; 1.000        ; 2.857          ; 0.000 ; Min Period ; clk   ; Rise       ; regfile:inst5|reg_array~130                     ;
; -1.857 ; 1.000        ; 2.857          ; 0.000 ; Min Period ; clk   ; Rise       ; regfile:inst5|reg_array~131                     ;
; -1.857 ; 1.000        ; 2.857          ; 0.000 ; Min Period ; clk   ; Rise       ; regfile:inst5|reg_array~132                     ;
; -1.857 ; 1.000        ; 2.857          ; 0.000 ; Min Period ; clk   ; Rise       ; regfile:inst5|reg_array~136                     ;
; -1.857 ; 1.000        ; 2.857          ; 0.000 ; Min Period ; clk   ; Rise       ; regfile:inst5|reg_array~137                     ;
; -1.857 ; 1.000        ; 2.857          ; 0.000 ; Min Period ; clk   ; Rise       ; regfile:inst5|reg_array~138                     ;
; -1.857 ; 1.000        ; 2.857          ; 0.000 ; Min Period ; clk   ; Rise       ; regfile:inst5|reg_array~160                     ;
; -1.857 ; 1.000        ; 2.857          ; 0.000 ; Min Period ; clk   ; Rise       ; regfile:inst5|reg_array~161                     ;
; -1.857 ; 1.000        ; 2.857          ; 0.000 ; Min Period ; clk   ; Rise       ; regfile:inst5|reg_array~162                     ;
; -1.857 ; 1.000        ; 2.857          ; 0.000 ; Min Period ; clk   ; Rise       ; regfile:inst5|reg_array~163                     ;
; -1.857 ; 1.000        ; 2.857          ; 0.000 ; Min Period ; clk   ; Rise       ; regfile:inst5|reg_array~164                     ;
; -1.857 ; 1.000        ; 2.857          ; 0.000 ; Min Period ; clk   ; Rise       ; regfile:inst5|reg_array~168                     ;
; -1.857 ; 1.000        ; 2.857          ; 0.000 ; Min Period ; clk   ; Rise       ; regfile:inst5|reg_array~169                     ;
; -1.857 ; 1.000        ; 2.857          ; 0.000 ; Min Period ; clk   ; Rise       ; regfile:inst5|reg_array~170                     ;
; -1.857 ; 1.000        ; 2.857          ; 0.000 ; Min Period ; clk   ; Rise       ; regfile:inst5|reg_array~192                     ;
; -1.857 ; 1.000        ; 2.857          ; 0.000 ; Min Period ; clk   ; Rise       ; regfile:inst5|reg_array~193                     ;
; -1.857 ; 1.000        ; 2.857          ; 0.000 ; Min Period ; clk   ; Rise       ; regfile:inst5|reg_array~194                     ;
; -1.857 ; 1.000        ; 2.857          ; 0.000 ; Min Period ; clk   ; Rise       ; regfile:inst5|reg_array~195                     ;
; -1.857 ; 1.000        ; 2.857          ; 0.000 ; Min Period ; clk   ; Rise       ; regfile:inst5|reg_array~196                     ;
; -1.857 ; 1.000        ; 2.857          ; 0.000 ; Min Period ; clk   ; Rise       ; regfile:inst5|reg_array~200                     ;
; -1.857 ; 1.000        ; 2.857          ; 0.000 ; Min Period ; clk   ; Rise       ; regfile:inst5|reg_array~201                     ;
; -1.857 ; 1.000        ; 2.857          ; 0.000 ; Min Period ; clk   ; Rise       ; regfile:inst5|reg_array~202                     ;
; -1.857 ; 1.000        ; 2.857          ; 0.000 ; Min Period ; clk   ; Rise       ; regfile:inst5|reg_array~224                     ;
; -1.857 ; 1.000        ; 2.857          ; 0.000 ; Min Period ; clk   ; Rise       ; regfile:inst5|reg_array~225                     ;
; -1.857 ; 1.000        ; 2.857          ; 0.000 ; Min Period ; clk   ; Rise       ; regfile:inst5|reg_array~226                     ;
; -1.857 ; 1.000        ; 2.857          ; 0.000 ; Min Period ; clk   ; Rise       ; regfile:inst5|reg_array~227                     ;
; -1.857 ; 1.000        ; 2.857          ; 0.000 ; Min Period ; clk   ; Rise       ; regfile:inst5|reg_array~228                     ;
; -1.857 ; 1.000        ; 2.857          ; 0.000 ; Min Period ; clk   ; Rise       ; regfile:inst5|reg_array~232                     ;
; -1.857 ; 1.000        ; 2.857          ; 0.000 ; Min Period ; clk   ; Rise       ; regfile:inst5|reg_array~233                     ;
; -1.857 ; 1.000        ; 2.857          ; 0.000 ; Min Period ; clk   ; Rise       ; regfile:inst5|reg_array~234                     ;
; -1.857 ; 1.000        ; 2.857          ; 0.000 ; Min Period ; clk   ; Rise       ; regfile:inst5|reg_array~256                     ;
; -1.857 ; 1.000        ; 2.857          ; 0.000 ; Min Period ; clk   ; Rise       ; regfile:inst5|reg_array~257                     ;
; -1.857 ; 1.000        ; 2.857          ; 0.000 ; Min Period ; clk   ; Rise       ; regfile:inst5|reg_array~258                     ;
; -1.857 ; 1.000        ; 2.857          ; 0.000 ; Min Period ; clk   ; Rise       ; regfile:inst5|reg_array~259                     ;
; -1.857 ; 1.000        ; 2.857          ; 0.000 ; Min Period ; clk   ; Rise       ; regfile:inst5|reg_array~260                     ;
; -1.857 ; 1.000        ; 2.857          ; 0.000 ; Min Period ; clk   ; Rise       ; regfile:inst5|reg_array~264                     ;
; -1.857 ; 1.000        ; 2.857          ; 0.000 ; Min Period ; clk   ; Rise       ; regfile:inst5|reg_array~265                     ;
; -1.857 ; 1.000        ; 2.857          ; 0.000 ; Min Period ; clk   ; Rise       ; regfile:inst5|reg_array~266                     ;
; -1.857 ; 1.000        ; 2.857          ; 0.000 ; Min Period ; clk   ; Rise       ; regfile:inst5|reg_array~32                      ;
; -1.857 ; 1.000        ; 2.857          ; 0.000 ; Min Period ; clk   ; Rise       ; regfile:inst5|reg_array~33                      ;
; -1.857 ; 1.000        ; 2.857          ; 0.000 ; Min Period ; clk   ; Rise       ; regfile:inst5|reg_array~34                      ;
; -1.857 ; 1.000        ; 2.857          ; 0.000 ; Min Period ; clk   ; Rise       ; regfile:inst5|reg_array~35                      ;
; -1.857 ; 1.000        ; 2.857          ; 0.000 ; Min Period ; clk   ; Rise       ; regfile:inst5|reg_array~36                      ;
; -1.857 ; 1.000        ; 2.857          ; 0.000 ; Min Period ; clk   ; Rise       ; regfile:inst5|reg_array~37                      ;
; -1.857 ; 1.000        ; 2.857          ; 0.000 ; Min Period ; clk   ; Rise       ; regfile:inst5|reg_array~38                      ;
; -1.857 ; 1.000        ; 2.857          ; 0.000 ; Min Period ; clk   ; Rise       ; regfile:inst5|reg_array~39                      ;
; -1.857 ; 1.000        ; 2.857          ; 0.000 ; Min Period ; clk   ; Rise       ; regfile:inst5|reg_array~40                      ;
; -1.857 ; 1.000        ; 2.857          ; 0.000 ; Min Period ; clk   ; Rise       ; regfile:inst5|reg_array~41                      ;
; -1.857 ; 1.000        ; 2.857          ; 0.000 ; Min Period ; clk   ; Rise       ; regfile:inst5|reg_array~42                      ;
; -1.857 ; 1.000        ; 2.857          ; 0.000 ; Min Period ; clk   ; Rise       ; regfile:inst5|reg_array~43                      ;
; -1.857 ; 1.000        ; 2.857          ; 0.000 ; Min Period ; clk   ; Rise       ; regfile:inst5|reg_array~44                      ;
; -1.857 ; 1.000        ; 2.857          ; 0.000 ; Min Period ; clk   ; Rise       ; regfile:inst5|reg_array~45                      ;
; -1.857 ; 1.000        ; 2.857          ; 0.000 ; Min Period ; clk   ; Rise       ; regfile:inst5|reg_array~46                      ;
; -1.857 ; 1.000        ; 2.857          ; 0.000 ; Min Period ; clk   ; Rise       ; regfile:inst5|reg_array~47                      ;
; -1.857 ; 1.000        ; 2.857          ; 0.000 ; Min Period ; clk   ; Rise       ; regfile:inst5|reg_array~48                      ;
; -1.857 ; 1.000        ; 2.857          ; 0.000 ; Min Period ; clk   ; Rise       ; regfile:inst5|reg_array~480                     ;
; -1.857 ; 1.000        ; 2.857          ; 0.000 ; Min Period ; clk   ; Rise       ; regfile:inst5|reg_array~481                     ;
; -1.857 ; 1.000        ; 2.857          ; 0.000 ; Min Period ; clk   ; Rise       ; regfile:inst5|reg_array~482                     ;
; -1.857 ; 1.000        ; 2.857          ; 0.000 ; Min Period ; clk   ; Rise       ; regfile:inst5|reg_array~483                     ;
; -1.857 ; 1.000        ; 2.857          ; 0.000 ; Min Period ; clk   ; Rise       ; regfile:inst5|reg_array~484                     ;
; -1.857 ; 1.000        ; 2.857          ; 0.000 ; Min Period ; clk   ; Rise       ; regfile:inst5|reg_array~485                     ;
; -1.857 ; 1.000        ; 2.857          ; 0.000 ; Min Period ; clk   ; Rise       ; regfile:inst5|reg_array~486                     ;
; -1.857 ; 1.000        ; 2.857          ; 0.000 ; Min Period ; clk   ; Rise       ; regfile:inst5|reg_array~487                     ;
+--------+--------------+----------------+-------+------------+-------+------------+-------------------------------------------------+


+----------------------------------------------------------------------------+
; Clock to Output Times                                                      ;
+--------------+------------+--------+--------+------------+-----------------+
; Data Port    ; Clock Port ; Rise   ; Fall   ; Clock Edge ; Clock Reference ;
+--------------+------------+--------+--------+------------+-----------------+
; alu_out[*]   ; clk        ; 21.403 ; 20.588 ; Rise       ; clk             ;
;  alu_out[0]  ; clk        ; 21.403 ; 20.338 ; Rise       ; clk             ;
;  alu_out[1]  ; clk        ; 20.732 ; 19.486 ; Rise       ; clk             ;
;  alu_out[2]  ; clk        ; 21.186 ; 20.588 ; Rise       ; clk             ;
;  alu_out[3]  ; clk        ; 17.728 ; 17.268 ; Rise       ; clk             ;
;  alu_out[4]  ; clk        ; 17.011 ; 16.742 ; Rise       ; clk             ;
;  alu_out[5]  ; clk        ; 20.675 ; 19.503 ; Rise       ; clk             ;
;  alu_out[6]  ; clk        ; 20.915 ; 20.276 ; Rise       ; clk             ;
;  alu_out[7]  ; clk        ; 21.219 ; 20.317 ; Rise       ; clk             ;
;  alu_out[8]  ; clk        ; 18.814 ; 18.284 ; Rise       ; clk             ;
;  alu_out[9]  ; clk        ; 17.382 ; 17.054 ; Rise       ; clk             ;
;  alu_out[10] ; clk        ; 18.051 ; 17.491 ; Rise       ; clk             ;
;  alu_out[11] ; clk        ; 18.211 ; 17.647 ; Rise       ; clk             ;
;  alu_out[12] ; clk        ; 20.051 ; 19.638 ; Rise       ; clk             ;
;  alu_out[13] ; clk        ; 18.599 ; 17.948 ; Rise       ; clk             ;
;  alu_out[14] ; clk        ; 18.593 ; 18.019 ; Rise       ; clk             ;
;  alu_out[15] ; clk        ; 19.145 ; 18.495 ; Rise       ; clk             ;
;  alu_out[16] ; clk        ; 17.436 ; 17.215 ; Rise       ; clk             ;
;  alu_out[17] ; clk        ; 17.965 ; 17.514 ; Rise       ; clk             ;
;  alu_out[18] ; clk        ; 18.753 ; 18.249 ; Rise       ; clk             ;
;  alu_out[19] ; clk        ; 18.877 ; 18.328 ; Rise       ; clk             ;
;  alu_out[20] ; clk        ; 20.095 ; 19.625 ; Rise       ; clk             ;
;  alu_out[21] ; clk        ; 19.060 ; 18.532 ; Rise       ; clk             ;
;  alu_out[22] ; clk        ; 18.935 ; 18.372 ; Rise       ; clk             ;
;  alu_out[23] ; clk        ; 18.557 ; 18.132 ; Rise       ; clk             ;
;  alu_out[24] ; clk        ; 20.065 ; 19.727 ; Rise       ; clk             ;
;  alu_out[25] ; clk        ; 20.001 ; 19.617 ; Rise       ; clk             ;
;  alu_out[26] ; clk        ; 18.372 ; 17.887 ; Rise       ; clk             ;
;  alu_out[27] ; clk        ; 18.120 ; 17.747 ; Rise       ; clk             ;
;  alu_out[28] ; clk        ; 18.280 ; 17.867 ; Rise       ; clk             ;
;  alu_out[29] ; clk        ; 19.802 ; 19.460 ; Rise       ; clk             ;
;  alu_out[30] ; clk        ; 18.831 ; 18.369 ; Rise       ; clk             ;
;  alu_out[31] ; clk        ; 19.030 ; 18.517 ; Rise       ; clk             ;
; pc_out[*]    ; clk        ; 12.914 ; 12.375 ; Rise       ; clk             ;
;  pc_out[2]   ; clk        ; 9.535  ; 9.235  ; Rise       ; clk             ;
;  pc_out[3]   ; clk        ; 12.221 ; 11.859 ; Rise       ; clk             ;
;  pc_out[4]   ; clk        ; 11.325 ; 11.116 ; Rise       ; clk             ;
;  pc_out[5]   ; clk        ; 10.099 ; 9.750  ; Rise       ; clk             ;
;  pc_out[6]   ; clk        ; 8.978  ; 8.686  ; Rise       ; clk             ;
;  pc_out[7]   ; clk        ; 11.425 ; 10.941 ; Rise       ; clk             ;
;  pc_out[8]   ; clk        ; 10.120 ; 9.784  ; Rise       ; clk             ;
;  pc_out[9]   ; clk        ; 9.576  ; 9.120  ; Rise       ; clk             ;
;  pc_out[10]  ; clk        ; 11.082 ; 10.290 ; Rise       ; clk             ;
;  pc_out[11]  ; clk        ; 9.783  ; 9.428  ; Rise       ; clk             ;
;  pc_out[12]  ; clk        ; 9.519  ; 9.211  ; Rise       ; clk             ;
;  pc_out[13]  ; clk        ; 8.733  ; 8.500  ; Rise       ; clk             ;
;  pc_out[14]  ; clk        ; 10.175 ; 9.839  ; Rise       ; clk             ;
;  pc_out[15]  ; clk        ; 10.722 ; 10.472 ; Rise       ; clk             ;
;  pc_out[16]  ; clk        ; 10.008 ; 9.636  ; Rise       ; clk             ;
;  pc_out[17]  ; clk        ; 9.281  ; 8.853  ; Rise       ; clk             ;
;  pc_out[18]  ; clk        ; 10.002 ; 9.521  ; Rise       ; clk             ;
;  pc_out[19]  ; clk        ; 9.302  ; 8.926  ; Rise       ; clk             ;
;  pc_out[20]  ; clk        ; 11.070 ; 10.740 ; Rise       ; clk             ;
;  pc_out[21]  ; clk        ; 10.243 ; 9.788  ; Rise       ; clk             ;
;  pc_out[22]  ; clk        ; 9.971  ; 9.625  ; Rise       ; clk             ;
;  pc_out[23]  ; clk        ; 11.736 ; 11.322 ; Rise       ; clk             ;
;  pc_out[24]  ; clk        ; 10.828 ; 10.315 ; Rise       ; clk             ;
;  pc_out[25]  ; clk        ; 10.573 ; 10.471 ; Rise       ; clk             ;
;  pc_out[26]  ; clk        ; 12.914 ; 12.375 ; Rise       ; clk             ;
;  pc_out[27]  ; clk        ; 9.689  ; 9.265  ; Rise       ; clk             ;
;  pc_out[28]  ; clk        ; 9.298  ; 8.951  ; Rise       ; clk             ;
;  pc_out[29]  ; clk        ; 11.503 ; 11.149 ; Rise       ; clk             ;
;  pc_out[30]  ; clk        ; 10.330 ; 9.807  ; Rise       ; clk             ;
;  pc_out[31]  ; clk        ; 12.075 ; 11.701 ; Rise       ; clk             ;
+--------------+------------+--------+--------+------------+-----------------+


+----------------------------------------------------------------------------+
; Minimum Clock to Output Times                                              ;
+--------------+------------+--------+--------+------------+-----------------+
; Data Port    ; Clock Port ; Rise   ; Fall   ; Clock Edge ; Clock Reference ;
+--------------+------------+--------+--------+------------+-----------------+
; alu_out[*]   ; clk        ; 10.223 ; 9.872  ; Rise       ; clk             ;
;  alu_out[0]  ; clk        ; 16.323 ; 15.260 ; Rise       ; clk             ;
;  alu_out[1]  ; clk        ; 15.276 ; 14.120 ; Rise       ; clk             ;
;  alu_out[2]  ; clk        ; 15.958 ; 15.348 ; Rise       ; clk             ;
;  alu_out[3]  ; clk        ; 11.350 ; 10.914 ; Rise       ; clk             ;
;  alu_out[4]  ; clk        ; 11.088 ; 10.788 ; Rise       ; clk             ;
;  alu_out[5]  ; clk        ; 14.415 ; 13.296 ; Rise       ; clk             ;
;  alu_out[6]  ; clk        ; 14.895 ; 14.244 ; Rise       ; clk             ;
;  alu_out[7]  ; clk        ; 14.996 ; 14.175 ; Rise       ; clk             ;
;  alu_out[8]  ; clk        ; 12.517 ; 11.958 ; Rise       ; clk             ;
;  alu_out[9]  ; clk        ; 11.225 ; 10.949 ; Rise       ; clk             ;
;  alu_out[10] ; clk        ; 11.388 ; 10.800 ; Rise       ; clk             ;
;  alu_out[11] ; clk        ; 11.623 ; 11.121 ; Rise       ; clk             ;
;  alu_out[12] ; clk        ; 13.130 ; 12.689 ; Rise       ; clk             ;
;  alu_out[13] ; clk        ; 11.761 ; 11.175 ; Rise       ; clk             ;
;  alu_out[14] ; clk        ; 11.912 ; 11.312 ; Rise       ; clk             ;
;  alu_out[15] ; clk        ; 11.937 ; 11.320 ; Rise       ; clk             ;
;  alu_out[16] ; clk        ; 10.736 ; 10.482 ; Rise       ; clk             ;
;  alu_out[17] ; clk        ; 10.440 ; 10.014 ; Rise       ; clk             ;
;  alu_out[18] ; clk        ; 11.247 ; 10.715 ; Rise       ; clk             ;
;  alu_out[19] ; clk        ; 11.184 ; 10.664 ; Rise       ; clk             ;
;  alu_out[20] ; clk        ; 12.501 ; 12.006 ; Rise       ; clk             ;
;  alu_out[21] ; clk        ; 11.535 ; 11.070 ; Rise       ; clk             ;
;  alu_out[22] ; clk        ; 11.607 ; 11.026 ; Rise       ; clk             ;
;  alu_out[23] ; clk        ; 10.626 ; 10.225 ; Rise       ; clk             ;
;  alu_out[24] ; clk        ; 12.182 ; 11.813 ; Rise       ; clk             ;
;  alu_out[25] ; clk        ; 11.963 ; 11.606 ; Rise       ; clk             ;
;  alu_out[26] ; clk        ; 10.771 ; 10.265 ; Rise       ; clk             ;
;  alu_out[27] ; clk        ; 10.223 ; 9.872  ; Rise       ; clk             ;
;  alu_out[28] ; clk        ; 10.684 ; 10.247 ; Rise       ; clk             ;
;  alu_out[29] ; clk        ; 12.009 ; 11.726 ; Rise       ; clk             ;
;  alu_out[30] ; clk        ; 10.796 ; 10.305 ; Rise       ; clk             ;
;  alu_out[31] ; clk        ; 10.909 ; 10.420 ; Rise       ; clk             ;
; pc_out[*]    ; clk        ; 8.508  ; 8.282  ; Rise       ; clk             ;
;  pc_out[2]   ; clk        ; 9.286  ; 8.996  ; Rise       ; clk             ;
;  pc_out[3]   ; clk        ; 11.919 ; 11.574 ; Rise       ; clk             ;
;  pc_out[4]   ; clk        ; 11.055 ; 10.857 ; Rise       ; clk             ;
;  pc_out[5]   ; clk        ; 9.820  ; 9.482  ; Rise       ; clk             ;
;  pc_out[6]   ; clk        ; 8.744  ; 8.461  ; Rise       ; clk             ;
;  pc_out[7]   ; clk        ; 11.096 ; 10.630 ; Rise       ; clk             ;
;  pc_out[8]   ; clk        ; 9.840  ; 9.514  ; Rise       ; clk             ;
;  pc_out[9]   ; clk        ; 9.317  ; 8.876  ; Rise       ; clk             ;
;  pc_out[10]  ; clk        ; 10.770 ; 10.009 ; Rise       ; clk             ;
;  pc_out[11]  ; clk        ; 9.524  ; 9.181  ; Rise       ; clk             ;
;  pc_out[12]  ; clk        ; 9.270  ; 8.973  ; Rise       ; clk             ;
;  pc_out[13]  ; clk        ; 8.508  ; 8.282  ; Rise       ; clk             ;
;  pc_out[14]  ; clk        ; 9.893  ; 9.567  ; Rise       ; clk             ;
;  pc_out[15]  ; clk        ; 10.476 ; 10.238 ; Rise       ; clk             ;
;  pc_out[16]  ; clk        ; 9.732  ; 9.372  ; Rise       ; clk             ;
;  pc_out[17]  ; clk        ; 9.035  ; 8.621  ; Rise       ; clk             ;
;  pc_out[18]  ; clk        ; 9.726  ; 9.262  ; Rise       ; clk             ;
;  pc_out[19]  ; clk        ; 9.054  ; 8.690  ; Rise       ; clk             ;
;  pc_out[20]  ; clk        ; 10.810 ; 10.496 ; Rise       ; clk             ;
;  pc_out[21]  ; clk        ; 9.958  ; 9.518  ; Rise       ; clk             ;
;  pc_out[22]  ; clk        ; 9.697  ; 9.362  ; Rise       ; clk             ;
;  pc_out[23]  ; clk        ; 11.450 ; 11.054 ; Rise       ; clk             ;
;  pc_out[24]  ; clk        ; 10.519 ; 10.023 ; Rise       ; clk             ;
;  pc_out[25]  ; clk        ; 10.332 ; 10.237 ; Rise       ; clk             ;
;  pc_out[26]  ; clk        ; 12.580 ; 12.065 ; Rise       ; clk             ;
;  pc_out[27]  ; clk        ; 9.427  ; 9.017  ; Rise       ; clk             ;
;  pc_out[28]  ; clk        ; 9.051  ; 8.715  ; Rise       ; clk             ;
;  pc_out[29]  ; clk        ; 11.229 ; 10.893 ; Rise       ; clk             ;
;  pc_out[30]  ; clk        ; 10.049 ; 9.545  ; Rise       ; clk             ;
;  pc_out[31]  ; clk        ; 11.774 ; 11.418 ; Rise       ; clk             ;
+--------------+------------+--------+--------+------------+-----------------+


+------------------------------------+
; Fast 1200mV 0C Model Setup Summary ;
+-------+--------+-------------------+
; Clock ; Slack  ; End Point TNS     ;
+-------+--------+-------------------+
; clk   ; -4.136 ; -423.305          ;
+-------+--------+-------------------+


+-----------------------------------+
; Fast 1200mV 0C Model Hold Summary ;
+-------+-------+-------------------+
; Clock ; Slack ; End Point TNS     ;
+-------+-------+-------------------+
; clk   ; 0.193 ; 0.000             ;
+-------+-------+-------------------+


-----------------------------------------
; Fast 1200mV 0C Model Recovery Summary ;
-----------------------------------------
No paths to report.


----------------------------------------
; Fast 1200mV 0C Model Removal Summary ;
----------------------------------------
No paths to report.


+------------------------------------------------------------------------------------------------------------------------------------+
; Fast 1200mV 0C Model Minimum Pulse Width                                                                                           ;
+--------+--------------+----------------+-------+------------+-------+------------+-------------------------------------------------+
; Slack  ; Actual Width ; Required Width ; CCPP  ; Type       ; Clock ; Clock Edge ; Target                                          ;
+--------+--------------+----------------+-------+------------+-------+------------+-------------------------------------------------+
; -3.000 ; 1.000        ; 4.000          ; 0.000 ; Port Rate  ; clk   ; Rise       ; clk                                             ;
; -1.000 ; 1.000        ; 2.000          ; 0.000 ; Min Period ; clk   ; Rise       ; lpm_dff2:inst2|lpm_ff:lpm_ff_component|dffs[10] ;
; -1.000 ; 1.000        ; 2.000          ; 0.000 ; Min Period ; clk   ; Rise       ; lpm_dff2:inst2|lpm_ff:lpm_ff_component|dffs[11] ;
; -1.000 ; 1.000        ; 2.000          ; 0.000 ; Min Period ; clk   ; Rise       ; lpm_dff2:inst2|lpm_ff:lpm_ff_component|dffs[12] ;
; -1.000 ; 1.000        ; 2.000          ; 0.000 ; Min Period ; clk   ; Rise       ; lpm_dff2:inst2|lpm_ff:lpm_ff_component|dffs[13] ;
; -1.000 ; 1.000        ; 2.000          ; 0.000 ; Min Period ; clk   ; Rise       ; lpm_dff2:inst2|lpm_ff:lpm_ff_component|dffs[14] ;
; -1.000 ; 1.000        ; 2.000          ; 0.000 ; Min Period ; clk   ; Rise       ; lpm_dff2:inst2|lpm_ff:lpm_ff_component|dffs[15] ;
; -1.000 ; 1.000        ; 2.000          ; 0.000 ; Min Period ; clk   ; Rise       ; lpm_dff2:inst2|lpm_ff:lpm_ff_component|dffs[16] ;
; -1.000 ; 1.000        ; 2.000          ; 0.000 ; Min Period ; clk   ; Rise       ; lpm_dff2:inst2|lpm_ff:lpm_ff_component|dffs[17] ;
; -1.000 ; 1.000        ; 2.000          ; 0.000 ; Min Period ; clk   ; Rise       ; lpm_dff2:inst2|lpm_ff:lpm_ff_component|dffs[18] ;
; -1.000 ; 1.000        ; 2.000          ; 0.000 ; Min Period ; clk   ; Rise       ; lpm_dff2:inst2|lpm_ff:lpm_ff_component|dffs[19] ;
; -1.000 ; 1.000        ; 2.000          ; 0.000 ; Min Period ; clk   ; Rise       ; lpm_dff2:inst2|lpm_ff:lpm_ff_component|dffs[20] ;
; -1.000 ; 1.000        ; 2.000          ; 0.000 ; Min Period ; clk   ; Rise       ; lpm_dff2:inst2|lpm_ff:lpm_ff_component|dffs[21] ;
; -1.000 ; 1.000        ; 2.000          ; 0.000 ; Min Period ; clk   ; Rise       ; lpm_dff2:inst2|lpm_ff:lpm_ff_component|dffs[22] ;
; -1.000 ; 1.000        ; 2.000          ; 0.000 ; Min Period ; clk   ; Rise       ; lpm_dff2:inst2|lpm_ff:lpm_ff_component|dffs[23] ;
; -1.000 ; 1.000        ; 2.000          ; 0.000 ; Min Period ; clk   ; Rise       ; lpm_dff2:inst2|lpm_ff:lpm_ff_component|dffs[24] ;
; -1.000 ; 1.000        ; 2.000          ; 0.000 ; Min Period ; clk   ; Rise       ; lpm_dff2:inst2|lpm_ff:lpm_ff_component|dffs[25] ;
; -1.000 ; 1.000        ; 2.000          ; 0.000 ; Min Period ; clk   ; Rise       ; lpm_dff2:inst2|lpm_ff:lpm_ff_component|dffs[26] ;
; -1.000 ; 1.000        ; 2.000          ; 0.000 ; Min Period ; clk   ; Rise       ; lpm_dff2:inst2|lpm_ff:lpm_ff_component|dffs[27] ;
; -1.000 ; 1.000        ; 2.000          ; 0.000 ; Min Period ; clk   ; Rise       ; lpm_dff2:inst2|lpm_ff:lpm_ff_component|dffs[28] ;
; -1.000 ; 1.000        ; 2.000          ; 0.000 ; Min Period ; clk   ; Rise       ; lpm_dff2:inst2|lpm_ff:lpm_ff_component|dffs[29] ;
; -1.000 ; 1.000        ; 2.000          ; 0.000 ; Min Period ; clk   ; Rise       ; lpm_dff2:inst2|lpm_ff:lpm_ff_component|dffs[2]  ;
; -1.000 ; 1.000        ; 2.000          ; 0.000 ; Min Period ; clk   ; Rise       ; lpm_dff2:inst2|lpm_ff:lpm_ff_component|dffs[30] ;
; -1.000 ; 1.000        ; 2.000          ; 0.000 ; Min Period ; clk   ; Rise       ; lpm_dff2:inst2|lpm_ff:lpm_ff_component|dffs[31] ;
; -1.000 ; 1.000        ; 2.000          ; 0.000 ; Min Period ; clk   ; Rise       ; lpm_dff2:inst2|lpm_ff:lpm_ff_component|dffs[3]  ;
; -1.000 ; 1.000        ; 2.000          ; 0.000 ; Min Period ; clk   ; Rise       ; lpm_dff2:inst2|lpm_ff:lpm_ff_component|dffs[4]  ;
; -1.000 ; 1.000        ; 2.000          ; 0.000 ; Min Period ; clk   ; Rise       ; lpm_dff2:inst2|lpm_ff:lpm_ff_component|dffs[5]  ;
; -1.000 ; 1.000        ; 2.000          ; 0.000 ; Min Period ; clk   ; Rise       ; lpm_dff2:inst2|lpm_ff:lpm_ff_component|dffs[6]  ;
; -1.000 ; 1.000        ; 2.000          ; 0.000 ; Min Period ; clk   ; Rise       ; lpm_dff2:inst2|lpm_ff:lpm_ff_component|dffs[7]  ;
; -1.000 ; 1.000        ; 2.000          ; 0.000 ; Min Period ; clk   ; Rise       ; lpm_dff2:inst2|lpm_ff:lpm_ff_component|dffs[8]  ;
; -1.000 ; 1.000        ; 2.000          ; 0.000 ; Min Period ; clk   ; Rise       ; lpm_dff2:inst2|lpm_ff:lpm_ff_component|dffs[9]  ;
; -1.000 ; 1.000        ; 2.000          ; 0.000 ; Min Period ; clk   ; Rise       ; regfile:inst5|reg_array~100                     ;
; -1.000 ; 1.000        ; 2.000          ; 0.000 ; Min Period ; clk   ; Rise       ; regfile:inst5|reg_array~104                     ;
; -1.000 ; 1.000        ; 2.000          ; 0.000 ; Min Period ; clk   ; Rise       ; regfile:inst5|reg_array~105                     ;
; -1.000 ; 1.000        ; 2.000          ; 0.000 ; Min Period ; clk   ; Rise       ; regfile:inst5|reg_array~106                     ;
; -1.000 ; 1.000        ; 2.000          ; 0.000 ; Min Period ; clk   ; Rise       ; regfile:inst5|reg_array~128                     ;
; -1.000 ; 1.000        ; 2.000          ; 0.000 ; Min Period ; clk   ; Rise       ; regfile:inst5|reg_array~129                     ;
; -1.000 ; 1.000        ; 2.000          ; 0.000 ; Min Period ; clk   ; Rise       ; regfile:inst5|reg_array~130                     ;
; -1.000 ; 1.000        ; 2.000          ; 0.000 ; Min Period ; clk   ; Rise       ; regfile:inst5|reg_array~131                     ;
; -1.000 ; 1.000        ; 2.000          ; 0.000 ; Min Period ; clk   ; Rise       ; regfile:inst5|reg_array~132                     ;
; -1.000 ; 1.000        ; 2.000          ; 0.000 ; Min Period ; clk   ; Rise       ; regfile:inst5|reg_array~136                     ;
; -1.000 ; 1.000        ; 2.000          ; 0.000 ; Min Period ; clk   ; Rise       ; regfile:inst5|reg_array~137                     ;
; -1.000 ; 1.000        ; 2.000          ; 0.000 ; Min Period ; clk   ; Rise       ; regfile:inst5|reg_array~138                     ;
; -1.000 ; 1.000        ; 2.000          ; 0.000 ; Min Period ; clk   ; Rise       ; regfile:inst5|reg_array~160                     ;
; -1.000 ; 1.000        ; 2.000          ; 0.000 ; Min Period ; clk   ; Rise       ; regfile:inst5|reg_array~161                     ;
; -1.000 ; 1.000        ; 2.000          ; 0.000 ; Min Period ; clk   ; Rise       ; regfile:inst5|reg_array~162                     ;
; -1.000 ; 1.000        ; 2.000          ; 0.000 ; Min Period ; clk   ; Rise       ; regfile:inst5|reg_array~163                     ;
; -1.000 ; 1.000        ; 2.000          ; 0.000 ; Min Period ; clk   ; Rise       ; regfile:inst5|reg_array~164                     ;
; -1.000 ; 1.000        ; 2.000          ; 0.000 ; Min Period ; clk   ; Rise       ; regfile:inst5|reg_array~168                     ;
; -1.000 ; 1.000        ; 2.000          ; 0.000 ; Min Period ; clk   ; Rise       ; regfile:inst5|reg_array~169                     ;
; -1.000 ; 1.000        ; 2.000          ; 0.000 ; Min Period ; clk   ; Rise       ; regfile:inst5|reg_array~170                     ;
; -1.000 ; 1.000        ; 2.000          ; 0.000 ; Min Period ; clk   ; Rise       ; regfile:inst5|reg_array~192                     ;
; -1.000 ; 1.000        ; 2.000          ; 0.000 ; Min Period ; clk   ; Rise       ; regfile:inst5|reg_array~193                     ;
; -1.000 ; 1.000        ; 2.000          ; 0.000 ; Min Period ; clk   ; Rise       ; regfile:inst5|reg_array~194                     ;
; -1.000 ; 1.000        ; 2.000          ; 0.000 ; Min Period ; clk   ; Rise       ; regfile:inst5|reg_array~195                     ;
; -1.000 ; 1.000        ; 2.000          ; 0.000 ; Min Period ; clk   ; Rise       ; regfile:inst5|reg_array~196                     ;
; -1.000 ; 1.000        ; 2.000          ; 0.000 ; Min Period ; clk   ; Rise       ; regfile:inst5|reg_array~200                     ;
; -1.000 ; 1.000        ; 2.000          ; 0.000 ; Min Period ; clk   ; Rise       ; regfile:inst5|reg_array~201                     ;
; -1.000 ; 1.000        ; 2.000          ; 0.000 ; Min Period ; clk   ; Rise       ; regfile:inst5|reg_array~202                     ;
; -1.000 ; 1.000        ; 2.000          ; 0.000 ; Min Period ; clk   ; Rise       ; regfile:inst5|reg_array~224                     ;
; -1.000 ; 1.000        ; 2.000          ; 0.000 ; Min Period ; clk   ; Rise       ; regfile:inst5|reg_array~225                     ;
; -1.000 ; 1.000        ; 2.000          ; 0.000 ; Min Period ; clk   ; Rise       ; regfile:inst5|reg_array~226                     ;
; -1.000 ; 1.000        ; 2.000          ; 0.000 ; Min Period ; clk   ; Rise       ; regfile:inst5|reg_array~227                     ;
; -1.000 ; 1.000        ; 2.000          ; 0.000 ; Min Period ; clk   ; Rise       ; regfile:inst5|reg_array~228                     ;
; -1.000 ; 1.000        ; 2.000          ; 0.000 ; Min Period ; clk   ; Rise       ; regfile:inst5|reg_array~232                     ;
; -1.000 ; 1.000        ; 2.000          ; 0.000 ; Min Period ; clk   ; Rise       ; regfile:inst5|reg_array~233                     ;
; -1.000 ; 1.000        ; 2.000          ; 0.000 ; Min Period ; clk   ; Rise       ; regfile:inst5|reg_array~234                     ;
; -1.000 ; 1.000        ; 2.000          ; 0.000 ; Min Period ; clk   ; Rise       ; regfile:inst5|reg_array~256                     ;
; -1.000 ; 1.000        ; 2.000          ; 0.000 ; Min Period ; clk   ; Rise       ; regfile:inst5|reg_array~257                     ;
; -1.000 ; 1.000        ; 2.000          ; 0.000 ; Min Period ; clk   ; Rise       ; regfile:inst5|reg_array~258                     ;
; -1.000 ; 1.000        ; 2.000          ; 0.000 ; Min Period ; clk   ; Rise       ; regfile:inst5|reg_array~259                     ;
; -1.000 ; 1.000        ; 2.000          ; 0.000 ; Min Period ; clk   ; Rise       ; regfile:inst5|reg_array~260                     ;
; -1.000 ; 1.000        ; 2.000          ; 0.000 ; Min Period ; clk   ; Rise       ; regfile:inst5|reg_array~264                     ;
; -1.000 ; 1.000        ; 2.000          ; 0.000 ; Min Period ; clk   ; Rise       ; regfile:inst5|reg_array~265                     ;
; -1.000 ; 1.000        ; 2.000          ; 0.000 ; Min Period ; clk   ; Rise       ; regfile:inst5|reg_array~266                     ;
; -1.000 ; 1.000        ; 2.000          ; 0.000 ; Min Period ; clk   ; Rise       ; regfile:inst5|reg_array~32                      ;
; -1.000 ; 1.000        ; 2.000          ; 0.000 ; Min Period ; clk   ; Rise       ; regfile:inst5|reg_array~33                      ;
; -1.000 ; 1.000        ; 2.000          ; 0.000 ; Min Period ; clk   ; Rise       ; regfile:inst5|reg_array~34                      ;
; -1.000 ; 1.000        ; 2.000          ; 0.000 ; Min Period ; clk   ; Rise       ; regfile:inst5|reg_array~35                      ;
; -1.000 ; 1.000        ; 2.000          ; 0.000 ; Min Period ; clk   ; Rise       ; regfile:inst5|reg_array~36                      ;
; -1.000 ; 1.000        ; 2.000          ; 0.000 ; Min Period ; clk   ; Rise       ; regfile:inst5|reg_array~37                      ;
; -1.000 ; 1.000        ; 2.000          ; 0.000 ; Min Period ; clk   ; Rise       ; regfile:inst5|reg_array~38                      ;
; -1.000 ; 1.000        ; 2.000          ; 0.000 ; Min Period ; clk   ; Rise       ; regfile:inst5|reg_array~39                      ;
; -1.000 ; 1.000        ; 2.000          ; 0.000 ; Min Period ; clk   ; Rise       ; regfile:inst5|reg_array~40                      ;
; -1.000 ; 1.000        ; 2.000          ; 0.000 ; Min Period ; clk   ; Rise       ; regfile:inst5|reg_array~41                      ;
; -1.000 ; 1.000        ; 2.000          ; 0.000 ; Min Period ; clk   ; Rise       ; regfile:inst5|reg_array~42                      ;
; -1.000 ; 1.000        ; 2.000          ; 0.000 ; Min Period ; clk   ; Rise       ; regfile:inst5|reg_array~43                      ;
; -1.000 ; 1.000        ; 2.000          ; 0.000 ; Min Period ; clk   ; Rise       ; regfile:inst5|reg_array~44                      ;
; -1.000 ; 1.000        ; 2.000          ; 0.000 ; Min Period ; clk   ; Rise       ; regfile:inst5|reg_array~45                      ;
; -1.000 ; 1.000        ; 2.000          ; 0.000 ; Min Period ; clk   ; Rise       ; regfile:inst5|reg_array~46                      ;
; -1.000 ; 1.000        ; 2.000          ; 0.000 ; Min Period ; clk   ; Rise       ; regfile:inst5|reg_array~47                      ;
; -1.000 ; 1.000        ; 2.000          ; 0.000 ; Min Period ; clk   ; Rise       ; regfile:inst5|reg_array~48                      ;
; -1.000 ; 1.000        ; 2.000          ; 0.000 ; Min Period ; clk   ; Rise       ; regfile:inst5|reg_array~480                     ;
; -1.000 ; 1.000        ; 2.000          ; 0.000 ; Min Period ; clk   ; Rise       ; regfile:inst5|reg_array~481                     ;
; -1.000 ; 1.000        ; 2.000          ; 0.000 ; Min Period ; clk   ; Rise       ; regfile:inst5|reg_array~482                     ;
; -1.000 ; 1.000        ; 2.000          ; 0.000 ; Min Period ; clk   ; Rise       ; regfile:inst5|reg_array~483                     ;
; -1.000 ; 1.000        ; 2.000          ; 0.000 ; Min Period ; clk   ; Rise       ; regfile:inst5|reg_array~484                     ;
; -1.000 ; 1.000        ; 2.000          ; 0.000 ; Min Period ; clk   ; Rise       ; regfile:inst5|reg_array~485                     ;
; -1.000 ; 1.000        ; 2.000          ; 0.000 ; Min Period ; clk   ; Rise       ; regfile:inst5|reg_array~486                     ;
; -1.000 ; 1.000        ; 2.000          ; 0.000 ; Min Period ; clk   ; Rise       ; regfile:inst5|reg_array~487                     ;
+--------+--------------+----------------+-------+------------+-------+------------+-------------------------------------------------+


+----------------------------------------------------------------------------+
; Clock to Output Times                                                      ;
+--------------+------------+--------+--------+------------+-----------------+
; Data Port    ; Clock Port ; Rise   ; Fall   ; Clock Edge ; Clock Reference ;
+--------------+------------+--------+--------+------------+-----------------+
; alu_out[*]   ; clk        ; 10.186 ; 10.579 ; Rise       ; clk             ;
;  alu_out[0]  ; clk        ; 10.093 ; 10.526 ; Rise       ; clk             ;
;  alu_out[1]  ; clk        ; 9.420  ; 9.756  ; Rise       ; clk             ;
;  alu_out[2]  ; clk        ; 10.186 ; 10.579 ; Rise       ; clk             ;
;  alu_out[3]  ; clk        ; 8.302  ; 8.483  ; Rise       ; clk             ;
;  alu_out[4]  ; clk        ; 8.102  ; 8.251  ; Rise       ; clk             ;
;  alu_out[5]  ; clk        ; 9.468  ; 9.748  ; Rise       ; clk             ;
;  alu_out[6]  ; clk        ; 10.039 ; 10.371 ; Rise       ; clk             ;
;  alu_out[7]  ; clk        ; 10.040 ; 10.424 ; Rise       ; clk             ;
;  alu_out[8]  ; clk        ; 8.885  ; 9.116  ; Rise       ; clk             ;
;  alu_out[9]  ; clk        ; 8.164  ; 8.329  ; Rise       ; clk             ;
;  alu_out[10] ; clk        ; 8.524  ; 8.659  ; Rise       ; clk             ;
;  alu_out[11] ; clk        ; 8.519  ; 8.671  ; Rise       ; clk             ;
;  alu_out[12] ; clk        ; 9.734  ; 9.988  ; Rise       ; clk             ;
;  alu_out[13] ; clk        ; 8.705  ; 8.858  ; Rise       ; clk             ;
;  alu_out[14] ; clk        ; 8.827  ; 8.949  ; Rise       ; clk             ;
;  alu_out[15] ; clk        ; 8.969  ; 9.161  ; Rise       ; clk             ;
;  alu_out[16] ; clk        ; 8.376  ; 8.509  ; Rise       ; clk             ;
;  alu_out[17] ; clk        ; 8.448  ; 8.596  ; Rise       ; clk             ;
;  alu_out[18] ; clk        ; 8.978  ; 9.099  ; Rise       ; clk             ;
;  alu_out[19] ; clk        ; 8.923  ; 9.053  ; Rise       ; clk             ;
;  alu_out[20] ; clk        ; 9.740  ; 9.982  ; Rise       ; clk             ;
;  alu_out[21] ; clk        ; 9.028  ; 9.160  ; Rise       ; clk             ;
;  alu_out[22] ; clk        ; 9.050  ; 9.177  ; Rise       ; clk             ;
;  alu_out[23] ; clk        ; 8.814  ; 8.931  ; Rise       ; clk             ;
;  alu_out[24] ; clk        ; 9.788  ; 10.037 ; Rise       ; clk             ;
;  alu_out[25] ; clk        ; 9.662  ; 9.888  ; Rise       ; clk             ;
;  alu_out[26] ; clk        ; 8.797  ; 8.861  ; Rise       ; clk             ;
;  alu_out[27] ; clk        ; 8.618  ; 8.701  ; Rise       ; clk             ;
;  alu_out[28] ; clk        ; 8.785  ; 8.851  ; Rise       ; clk             ;
;  alu_out[29] ; clk        ; 9.581  ; 9.813  ; Rise       ; clk             ;
;  alu_out[30] ; clk        ; 9.034  ; 9.137  ; Rise       ; clk             ;
;  alu_out[31] ; clk        ; 9.049  ; 9.151  ; Rise       ; clk             ;
; pc_out[*]    ; clk        ; 6.328  ; 6.694  ; Rise       ; clk             ;
;  pc_out[2]   ; clk        ; 4.638  ; 4.760  ; Rise       ; clk             ;
;  pc_out[3]   ; clk        ; 6.100  ; 6.474  ; Rise       ; clk             ;
;  pc_out[4]   ; clk        ; 5.715  ; 5.981  ; Rise       ; clk             ;
;  pc_out[5]   ; clk        ; 4.883  ; 5.041  ; Rise       ; clk             ;
;  pc_out[6]   ; clk        ; 4.333  ; 4.442  ; Rise       ; clk             ;
;  pc_out[7]   ; clk        ; 5.437  ; 5.746  ; Rise       ; clk             ;
;  pc_out[8]   ; clk        ; 4.886  ; 5.070  ; Rise       ; clk             ;
;  pc_out[9]   ; clk        ; 4.545  ; 4.674  ; Rise       ; clk             ;
;  pc_out[10]  ; clk        ; 5.212  ; 5.373  ; Rise       ; clk             ;
;  pc_out[11]  ; clk        ; 4.763  ; 4.884  ; Rise       ; clk             ;
;  pc_out[12]  ; clk        ; 4.633  ; 4.762  ; Rise       ; clk             ;
;  pc_out[13]  ; clk        ; 4.245  ; 4.345  ; Rise       ; clk             ;
;  pc_out[14]  ; clk        ; 4.901  ; 5.092  ; Rise       ; clk             ;
;  pc_out[15]  ; clk        ; 5.423  ; 5.655  ; Rise       ; clk             ;
;  pc_out[16]  ; clk        ; 4.821  ; 4.968  ; Rise       ; clk             ;
;  pc_out[17]  ; clk        ; 4.465  ; 4.609  ; Rise       ; clk             ;
;  pc_out[18]  ; clk        ; 4.784  ; 4.957  ; Rise       ; clk             ;
;  pc_out[19]  ; clk        ; 4.450  ; 4.581  ; Rise       ; clk             ;
;  pc_out[20]  ; clk        ; 5.523  ; 5.750  ; Rise       ; clk             ;
;  pc_out[21]  ; clk        ; 4.900  ; 5.054  ; Rise       ; clk             ;
;  pc_out[22]  ; clk        ; 4.816  ; 4.959  ; Rise       ; clk             ;
;  pc_out[23]  ; clk        ; 5.866  ; 6.140  ; Rise       ; clk             ;
;  pc_out[24]  ; clk        ; 5.170  ; 5.418  ; Rise       ; clk             ;
;  pc_out[25]  ; clk        ; 5.345  ; 5.581  ; Rise       ; clk             ;
;  pc_out[26]  ; clk        ; 6.328  ; 6.694  ; Rise       ; clk             ;
;  pc_out[27]  ; clk        ; 4.639  ; 4.773  ; Rise       ; clk             ;
;  pc_out[28]  ; clk        ; 4.483  ; 4.596  ; Rise       ; clk             ;
;  pc_out[29]  ; clk        ; 5.672  ; 5.979  ; Rise       ; clk             ;
;  pc_out[30]  ; clk        ; 4.958  ; 5.107  ; Rise       ; clk             ;
;  pc_out[31]  ; clk        ; 5.995  ; 6.279  ; Rise       ; clk             ;
+--------------+------------+--------+--------+------------+-----------------+


+--------------------------------------------------------------------------+
; Minimum Clock to Output Times                                            ;
+--------------+------------+-------+-------+------------+-----------------+
; Data Port    ; Clock Port ; Rise  ; Fall  ; Clock Edge ; Clock Reference ;
+--------------+------------+-------+-------+------------+-----------------+
; alu_out[*]   ; clk        ; 4.957 ; 5.032 ; Rise       ; clk             ;
;  alu_out[0]  ; clk        ; 7.784 ; 8.198 ; Rise       ; clk             ;
;  alu_out[1]  ; clk        ; 7.057 ; 7.386 ; Rise       ; clk             ;
;  alu_out[2]  ; clk        ; 7.769 ; 8.170 ; Rise       ; clk             ;
;  alu_out[3]  ; clk        ; 5.442 ; 5.610 ; Rise       ; clk             ;
;  alu_out[4]  ; clk        ; 5.319 ; 5.482 ; Rise       ; clk             ;
;  alu_out[5]  ; clk        ; 6.663 ; 6.928 ; Rise       ; clk             ;
;  alu_out[6]  ; clk        ; 7.216 ; 7.558 ; Rise       ; clk             ;
;  alu_out[7]  ; clk        ; 7.293 ; 7.653 ; Rise       ; clk             ;
;  alu_out[8]  ; clk        ; 5.900 ; 6.137 ; Rise       ; clk             ;
;  alu_out[9]  ; clk        ; 5.381 ; 5.527 ; Rise       ; clk             ;
;  alu_out[10] ; clk        ; 5.393 ; 5.537 ; Rise       ; clk             ;
;  alu_out[11] ; clk        ; 5.561 ; 5.695 ; Rise       ; clk             ;
;  alu_out[12] ; clk        ; 6.477 ; 6.739 ; Rise       ; clk             ;
;  alu_out[13] ; clk        ; 5.610 ; 5.751 ; Rise       ; clk             ;
;  alu_out[14] ; clk        ; 5.665 ; 5.796 ; Rise       ; clk             ;
;  alu_out[15] ; clk        ; 5.676 ; 5.858 ; Rise       ; clk             ;
;  alu_out[16] ; clk        ; 5.175 ; 5.324 ; Rise       ; clk             ;
;  alu_out[17] ; clk        ; 4.988 ; 5.127 ; Rise       ; clk             ;
;  alu_out[18] ; clk        ; 5.404 ; 5.534 ; Rise       ; clk             ;
;  alu_out[19] ; clk        ; 5.366 ; 5.484 ; Rise       ; clk             ;
;  alu_out[20] ; clk        ; 6.121 ; 6.374 ; Rise       ; clk             ;
;  alu_out[21] ; clk        ; 5.578 ; 5.692 ; Rise       ; clk             ;
;  alu_out[22] ; clk        ; 5.523 ; 5.665 ; Rise       ; clk             ;
;  alu_out[23] ; clk        ; 5.132 ; 5.238 ; Rise       ; clk             ;
;  alu_out[24] ; clk        ; 6.017 ; 6.276 ; Rise       ; clk             ;
;  alu_out[25] ; clk        ; 5.927 ; 6.144 ; Rise       ; clk             ;
;  alu_out[26] ; clk        ; 5.131 ; 5.212 ; Rise       ; clk             ;
;  alu_out[27] ; clk        ; 4.957 ; 5.032 ; Rise       ; clk             ;
;  alu_out[28] ; clk        ; 5.120 ; 5.202 ; Rise       ; clk             ;
;  alu_out[29] ; clk        ; 5.979 ; 6.201 ; Rise       ; clk             ;
;  alu_out[30] ; clk        ; 5.170 ; 5.283 ; Rise       ; clk             ;
;  alu_out[31] ; clk        ; 5.259 ; 5.353 ; Rise       ; clk             ;
; pc_out[*]    ; clk        ; 4.137 ; 4.232 ; Rise       ; clk             ;
;  pc_out[2]   ; clk        ; 4.521 ; 4.637 ; Rise       ; clk             ;
;  pc_out[3]   ; clk        ; 5.957 ; 6.321 ; Rise       ; clk             ;
;  pc_out[4]   ; clk        ; 5.586 ; 5.845 ; Rise       ; clk             ;
;  pc_out[5]   ; clk        ; 4.750 ; 4.901 ; Rise       ; clk             ;
;  pc_out[6]   ; clk        ; 4.221 ; 4.326 ; Rise       ; clk             ;
;  pc_out[7]   ; clk        ; 5.283 ; 5.582 ; Rise       ; clk             ;
;  pc_out[8]   ; clk        ; 4.752 ; 4.928 ; Rise       ; clk             ;
;  pc_out[9]   ; clk        ; 4.425 ; 4.548 ; Rise       ; clk             ;
;  pc_out[10]  ; clk        ; 5.071 ; 5.225 ; Rise       ; clk             ;
;  pc_out[11]  ; clk        ; 4.641 ; 4.756 ; Rise       ; clk             ;
;  pc_out[12]  ; clk        ; 4.516 ; 4.639 ; Rise       ; clk             ;
;  pc_out[13]  ; clk        ; 4.137 ; 4.232 ; Rise       ; clk             ;
;  pc_out[14]  ; clk        ; 4.768 ; 4.950 ; Rise       ; clk             ;
;  pc_out[15]  ; clk        ; 5.305 ; 5.532 ; Rise       ; clk             ;
;  pc_out[16]  ; clk        ; 4.690 ; 4.831 ; Rise       ; clk             ;
;  pc_out[17]  ; clk        ; 4.348 ; 4.486 ; Rise       ; clk             ;
;  pc_out[18]  ; clk        ; 4.655 ; 4.820 ; Rise       ; clk             ;
;  pc_out[19]  ; clk        ; 4.334 ; 4.458 ; Rise       ; clk             ;
;  pc_out[20]  ; clk        ; 5.401 ; 5.623 ; Rise       ; clk             ;
;  pc_out[21]  ; clk        ; 4.766 ; 4.913 ; Rise       ; clk             ;
;  pc_out[22]  ; clk        ; 4.685 ; 4.822 ; Rise       ; clk             ;
;  pc_out[23]  ; clk        ; 5.731 ; 5.997 ; Rise       ; clk             ;
;  pc_out[24]  ; clk        ; 5.025 ; 5.263 ; Rise       ; clk             ;
;  pc_out[25]  ; clk        ; 5.230 ; 5.460 ; Rise       ; clk             ;
;  pc_out[26]  ; clk        ; 6.174 ; 6.529 ; Rise       ; clk             ;
;  pc_out[27]  ; clk        ; 4.516 ; 4.645 ; Rise       ; clk             ;
;  pc_out[28]  ; clk        ; 4.366 ; 4.474 ; Rise       ; clk             ;
;  pc_out[29]  ; clk        ; 5.545 ; 5.845 ; Rise       ; clk             ;
;  pc_out[30]  ; clk        ; 4.828 ; 4.970 ; Rise       ; clk             ;
;  pc_out[31]  ; clk        ; 5.854 ; 6.130 ; Rise       ; clk             ;
+--------------+------------+-------+-------+------------+-----------------+


+---------------------------------------------------------------------------------+
; Multicorner Timing Analysis Summary                                             ;
+------------------+-----------+-------+----------+---------+---------------------+
; Clock            ; Setup     ; Hold  ; Recovery ; Removal ; Minimum Pulse Width ;
+------------------+-----------+-------+----------+---------+---------------------+
; Worst-case Slack ; -10.899   ; 0.0   ; 0.0      ; 0.0     ; -3.000              ;
;  clk             ; -10.899   ; 0.193 ; N/A      ; N/A     ; N/A                 ;
; Design-wide TNS  ; -1182.454 ; 0.0   ; 0.0      ; 0.0     ; N/A                 ;
;  clk             ; -1182.454 ; 0.000 ; N/A      ; N/A     ; N/A                 ;
+------------------+-----------+-------+----------+---------+---------------------+


+----------------------------------------------------------------------------+
; Clock to Output Times                                                      ;
+--------------+------------+--------+--------+------------+-----------------+
; Data Port    ; Clock Port ; Rise   ; Fall   ; Clock Edge ; Clock Reference ;
+--------------+------------+--------+--------+------------+-----------------+
; alu_out[*]   ; clk        ; 22.131 ; 21.823 ; Rise       ; clk             ;
;  alu_out[0]  ; clk        ; 22.122 ; 21.551 ; Rise       ; clk             ;
;  alu_out[1]  ; clk        ; 21.528 ; 20.759 ; Rise       ; clk             ;
;  alu_out[2]  ; clk        ; 22.088 ; 21.823 ; Rise       ; clk             ;
;  alu_out[3]  ; clk        ; 18.584 ; 18.347 ; Rise       ; clk             ;
;  alu_out[4]  ; clk        ; 17.842 ; 17.755 ; Rise       ; clk             ;
;  alu_out[5]  ; clk        ; 21.562 ; 20.772 ; Rise       ; clk             ;
;  alu_out[6]  ; clk        ; 21.841 ; 21.475 ; Rise       ; clk             ;
;  alu_out[7]  ; clk        ; 22.131 ; 21.554 ; Rise       ; clk             ;
;  alu_out[8]  ; clk        ; 19.714 ; 19.483 ; Rise       ; clk             ;
;  alu_out[9]  ; clk        ; 18.271 ; 18.137 ; Rise       ; clk             ;
;  alu_out[10] ; clk        ; 18.966 ; 18.557 ; Rise       ; clk             ;
;  alu_out[11] ; clk        ; 19.146 ; 18.747 ; Rise       ; clk             ;
;  alu_out[12] ; clk        ; 21.028 ; 20.768 ; Rise       ; clk             ;
;  alu_out[13] ; clk        ; 19.565 ; 19.083 ; Rise       ; clk             ;
;  alu_out[14] ; clk        ; 19.564 ; 19.162 ; Rise       ; clk             ;
;  alu_out[15] ; clk        ; 20.145 ; 19.656 ; Rise       ; clk             ;
;  alu_out[16] ; clk        ; 18.384 ; 18.302 ; Rise       ; clk             ;
;  alu_out[17] ; clk        ; 18.913 ; 18.643 ; Rise       ; clk             ;
;  alu_out[18] ; clk        ; 19.753 ; 19.411 ; Rise       ; clk             ;
;  alu_out[19] ; clk        ; 19.907 ; 19.489 ; Rise       ; clk             ;
;  alu_out[20] ; clk        ; 21.081 ; 20.835 ; Rise       ; clk             ;
;  alu_out[21] ; clk        ; 20.116 ; 19.722 ; Rise       ; clk             ;
;  alu_out[22] ; clk        ; 19.964 ; 19.567 ; Rise       ; clk             ;
;  alu_out[23] ; clk        ; 19.609 ; 19.299 ; Rise       ; clk             ;
;  alu_out[24] ; clk        ; 21.108 ; 20.908 ; Rise       ; clk             ;
;  alu_out[25] ; clk        ; 21.047 ; 20.810 ; Rise       ; clk             ;
;  alu_out[26] ; clk        ; 19.393 ; 19.068 ; Rise       ; clk             ;
;  alu_out[27] ; clk        ; 19.172 ; 18.941 ; Rise       ; clk             ;
;  alu_out[28] ; clk        ; 19.330 ; 19.058 ; Rise       ; clk             ;
;  alu_out[29] ; clk        ; 20.871 ; 20.667 ; Rise       ; clk             ;
;  alu_out[30] ; clk        ; 19.906 ; 19.617 ; Rise       ; clk             ;
;  alu_out[31] ; clk        ; 20.145 ; 19.793 ; Rise       ; clk             ;
; pc_out[*]    ; clk        ; 13.399 ; 13.130 ; Rise       ; clk             ;
;  pc_out[2]   ; clk        ; 9.946  ; 9.760  ; Rise       ; clk             ;
;  pc_out[3]   ; clk        ; 12.727 ; 12.527 ; Rise       ; clk             ;
;  pc_out[4]   ; clk        ; 11.787 ; 11.706 ; Rise       ; clk             ;
;  pc_out[5]   ; clk        ; 10.586 ; 10.302 ; Rise       ; clk             ;
;  pc_out[6]   ; clk        ; 9.361  ; 9.194  ; Rise       ; clk             ;
;  pc_out[7]   ; clk        ; 11.877 ; 11.691 ; Rise       ; clk             ;
;  pc_out[8]   ; clk        ; 10.587 ; 10.367 ; Rise       ; clk             ;
;  pc_out[9]   ; clk        ; 9.975  ; 9.685  ; Rise       ; clk             ;
;  pc_out[10]  ; clk        ; 11.412 ; 11.001 ; Rise       ; clk             ;
;  pc_out[11]  ; clk        ; 10.219 ; 9.979  ; Rise       ; clk             ;
;  pc_out[12]  ; clk        ; 9.903  ; 9.764  ; Rise       ; clk             ;
;  pc_out[13]  ; clk        ; 9.122  ; 9.002  ; Rise       ; clk             ;
;  pc_out[14]  ; clk        ; 10.636 ; 10.480 ; Rise       ; clk             ;
;  pc_out[15]  ; clk        ; 11.157 ; 10.983 ; Rise       ; clk             ;
;  pc_out[16]  ; clk        ; 10.480 ; 10.175 ; Rise       ; clk             ;
;  pc_out[17]  ; clk        ; 9.706  ; 9.390  ; Rise       ; clk             ;
;  pc_out[18]  ; clk        ; 10.444 ; 10.098 ; Rise       ; clk             ;
;  pc_out[19]  ; clk        ; 9.704  ; 9.460  ; Rise       ; clk             ;
;  pc_out[20]  ; clk        ; 11.476 ; 11.315 ; Rise       ; clk             ;
;  pc_out[21]  ; clk        ; 10.719 ; 10.353 ; Rise       ; clk             ;
;  pc_out[22]  ; clk        ; 10.432 ; 10.170 ; Rise       ; clk             ;
;  pc_out[23]  ; clk        ; 12.209 ; 11.920 ; Rise       ; clk             ;
;  pc_out[24]  ; clk        ; 11.329 ; 10.961 ; Rise       ; clk             ;
;  pc_out[25]  ; clk        ; 10.984 ; 11.008 ; Rise       ; clk             ;
;  pc_out[26]  ; clk        ; 13.399 ; 13.130 ; Rise       ; clk             ;
;  pc_out[27]  ; clk        ; 10.099 ; 9.857  ; Rise       ; clk             ;
;  pc_out[28]  ; clk        ; 9.711  ; 9.474  ; Rise       ; clk             ;
;  pc_out[29]  ; clk        ; 11.866 ; 11.765 ; Rise       ; clk             ;
;  pc_out[30]  ; clk        ; 10.715 ; 10.448 ; Rise       ; clk             ;
;  pc_out[31]  ; clk        ; 12.529 ; 12.306 ; Rise       ; clk             ;
+--------------+------------+--------+--------+------------+-----------------+


+--------------------------------------------------------------------------+
; Minimum Clock to Output Times                                            ;
+--------------+------------+-------+-------+------------+-----------------+
; Data Port    ; Clock Port ; Rise  ; Fall  ; Clock Edge ; Clock Reference ;
+--------------+------------+-------+-------+------------+-----------------+
; alu_out[*]   ; clk        ; 4.957 ; 5.032 ; Rise       ; clk             ;
;  alu_out[0]  ; clk        ; 7.784 ; 8.198 ; Rise       ; clk             ;
;  alu_out[1]  ; clk        ; 7.057 ; 7.386 ; Rise       ; clk             ;
;  alu_out[2]  ; clk        ; 7.769 ; 8.170 ; Rise       ; clk             ;
;  alu_out[3]  ; clk        ; 5.442 ; 5.610 ; Rise       ; clk             ;
;  alu_out[4]  ; clk        ; 5.319 ; 5.482 ; Rise       ; clk             ;
;  alu_out[5]  ; clk        ; 6.663 ; 6.928 ; Rise       ; clk             ;
;  alu_out[6]  ; clk        ; 7.216 ; 7.558 ; Rise       ; clk             ;
;  alu_out[7]  ; clk        ; 7.293 ; 7.653 ; Rise       ; clk             ;
;  alu_out[8]  ; clk        ; 5.900 ; 6.137 ; Rise       ; clk             ;
;  alu_out[9]  ; clk        ; 5.381 ; 5.527 ; Rise       ; clk             ;
;  alu_out[10] ; clk        ; 5.393 ; 5.537 ; Rise       ; clk             ;
;  alu_out[11] ; clk        ; 5.561 ; 5.695 ; Rise       ; clk             ;
;  alu_out[12] ; clk        ; 6.477 ; 6.739 ; Rise       ; clk             ;
;  alu_out[13] ; clk        ; 5.610 ; 5.751 ; Rise       ; clk             ;
;  alu_out[14] ; clk        ; 5.665 ; 5.796 ; Rise       ; clk             ;
;  alu_out[15] ; clk        ; 5.676 ; 5.858 ; Rise       ; clk             ;
;  alu_out[16] ; clk        ; 5.175 ; 5.324 ; Rise       ; clk             ;
;  alu_out[17] ; clk        ; 4.988 ; 5.127 ; Rise       ; clk             ;
;  alu_out[18] ; clk        ; 5.404 ; 5.534 ; Rise       ; clk             ;
;  alu_out[19] ; clk        ; 5.366 ; 5.484 ; Rise       ; clk             ;
;  alu_out[20] ; clk        ; 6.121 ; 6.374 ; Rise       ; clk             ;
;  alu_out[21] ; clk        ; 5.578 ; 5.692 ; Rise       ; clk             ;
;  alu_out[22] ; clk        ; 5.523 ; 5.665 ; Rise       ; clk             ;
;  alu_out[23] ; clk        ; 5.132 ; 5.238 ; Rise       ; clk             ;
;  alu_out[24] ; clk        ; 6.017 ; 6.276 ; Rise       ; clk             ;
;  alu_out[25] ; clk        ; 5.927 ; 6.144 ; Rise       ; clk             ;
;  alu_out[26] ; clk        ; 5.131 ; 5.212 ; Rise       ; clk             ;
;  alu_out[27] ; clk        ; 4.957 ; 5.032 ; Rise       ; clk             ;
;  alu_out[28] ; clk        ; 5.120 ; 5.202 ; Rise       ; clk             ;
;  alu_out[29] ; clk        ; 5.979 ; 6.201 ; Rise       ; clk             ;
;  alu_out[30] ; clk        ; 5.170 ; 5.283 ; Rise       ; clk             ;
;  alu_out[31] ; clk        ; 5.259 ; 5.353 ; Rise       ; clk             ;
; pc_out[*]    ; clk        ; 4.137 ; 4.232 ; Rise       ; clk             ;
;  pc_out[2]   ; clk        ; 4.521 ; 4.637 ; Rise       ; clk             ;
;  pc_out[3]   ; clk        ; 5.957 ; 6.321 ; Rise       ; clk             ;
;  pc_out[4]   ; clk        ; 5.586 ; 5.845 ; Rise       ; clk             ;
;  pc_out[5]   ; clk        ; 4.750 ; 4.901 ; Rise       ; clk             ;
;  pc_out[6]   ; clk        ; 4.221 ; 4.326 ; Rise       ; clk             ;
;  pc_out[7]   ; clk        ; 5.283 ; 5.582 ; Rise       ; clk             ;
;  pc_out[8]   ; clk        ; 4.752 ; 4.928 ; Rise       ; clk             ;
;  pc_out[9]   ; clk        ; 4.425 ; 4.548 ; Rise       ; clk             ;
;  pc_out[10]  ; clk        ; 5.071 ; 5.225 ; Rise       ; clk             ;
;  pc_out[11]  ; clk        ; 4.641 ; 4.756 ; Rise       ; clk             ;
;  pc_out[12]  ; clk        ; 4.516 ; 4.639 ; Rise       ; clk             ;
;  pc_out[13]  ; clk        ; 4.137 ; 4.232 ; Rise       ; clk             ;
;  pc_out[14]  ; clk        ; 4.768 ; 4.950 ; Rise       ; clk             ;
;  pc_out[15]  ; clk        ; 5.305 ; 5.532 ; Rise       ; clk             ;
;  pc_out[16]  ; clk        ; 4.690 ; 4.831 ; Rise       ; clk             ;
;  pc_out[17]  ; clk        ; 4.348 ; 4.486 ; Rise       ; clk             ;
;  pc_out[18]  ; clk        ; 4.655 ; 4.820 ; Rise       ; clk             ;
;  pc_out[19]  ; clk        ; 4.334 ; 4.458 ; Rise       ; clk             ;
;  pc_out[20]  ; clk        ; 5.401 ; 5.623 ; Rise       ; clk             ;
;  pc_out[21]  ; clk        ; 4.766 ; 4.913 ; Rise       ; clk             ;
;  pc_out[22]  ; clk        ; 4.685 ; 4.822 ; Rise       ; clk             ;
;  pc_out[23]  ; clk        ; 5.731 ; 5.997 ; Rise       ; clk             ;
;  pc_out[24]  ; clk        ; 5.025 ; 5.263 ; Rise       ; clk             ;
;  pc_out[25]  ; clk        ; 5.230 ; 5.460 ; Rise       ; clk             ;
;  pc_out[26]  ; clk        ; 6.174 ; 6.529 ; Rise       ; clk             ;
;  pc_out[27]  ; clk        ; 4.516 ; 4.645 ; Rise       ; clk             ;
;  pc_out[28]  ; clk        ; 4.366 ; 4.474 ; Rise       ; clk             ;
;  pc_out[29]  ; clk        ; 5.545 ; 5.845 ; Rise       ; clk             ;
;  pc_out[30]  ; clk        ; 4.828 ; 4.970 ; Rise       ; clk             ;
;  pc_out[31]  ; clk        ; 5.854 ; 6.130 ; Rise       ; clk             ;
+--------------+------------+-------+-------+------------+-----------------+


+------------------------------------------------------------------------------------------------------------------------------------------------------------------------------------------------------------------------------------------------------------------------------------------------------------------------------------------------------------------+
; Board Trace Model Assignments                                                                                                                                                                                                                                                                                                                                    ;
+---------------+--------------+-------------------+-------------------------+-------------------------+---------------+---------------------+----------------+------------------+--------+------------------+------------------------+------------------------+--------------+---------------+-----------------+-------+---------------------+--------------------+
; Pin           ; I/O Standard ; Near Tline Length ; Near Tline L per Length ; Near Tline C per Length ; Near Series R ; Near Differential R ; Near Pull-up R ; Near Pull-down R ; Near C ; Far Tline Length ; Far Tline L per Length ; Far Tline C per Length ; Far Series R ; Far Pull-up R ; Far Pull-down R ; Far C ; Termination Voltage ; Far Differential R ;
+---------------+--------------+-------------------+-------------------------+-------------------------+---------------+---------------------+----------------+------------------+--------+------------------+------------------------+------------------------+--------------+---------------+-----------------+-------+---------------------+--------------------+
; pin_name      ; 2.5 V        ; 0 in              ; 0 H/in                  ; 0 F/in                  ; short         ; -                   ; open           ; open             ; open   ; 0 in             ; 0 H/in                 ; 0 F/in                 ; short        ; open          ; open            ; open  ; 0 V                 ; -                  ;
; pc_out[31]    ; 2.5 V        ; 0 in              ; 0 H/in                  ; 0 F/in                  ; short         ; -                   ; open           ; open             ; open   ; 0 in             ; 0 H/in                 ; 0 F/in                 ; short        ; open          ; open            ; open  ; 0 V                 ; -                  ;
; pc_out[30]    ; 2.5 V        ; 0 in              ; 0 H/in                  ; 0 F/in                  ; short         ; -                   ; open           ; open             ; open   ; 0 in             ; 0 H/in                 ; 0 F/in                 ; short        ; open          ; open            ; open  ; 0 V                 ; -                  ;
; pc_out[29]    ; 2.5 V        ; 0 in              ; 0 H/in                  ; 0 F/in                  ; short         ; -                   ; open           ; open             ; open   ; 0 in             ; 0 H/in                 ; 0 F/in                 ; short        ; open          ; open            ; open  ; 0 V                 ; -                  ;
; pc_out[28]    ; 2.5 V        ; 0 in              ; 0 H/in                  ; 0 F/in                  ; short         ; -                   ; open           ; open             ; open   ; 0 in             ; 0 H/in                 ; 0 F/in                 ; short        ; open          ; open            ; open  ; 0 V                 ; -                  ;
; pc_out[27]    ; 2.5 V        ; 0 in              ; 0 H/in                  ; 0 F/in                  ; short         ; -                   ; open           ; open             ; open   ; 0 in             ; 0 H/in                 ; 0 F/in                 ; short        ; open          ; open            ; open  ; 0 V                 ; -                  ;
; pc_out[26]    ; 2.5 V        ; 0 in              ; 0 H/in                  ; 0 F/in                  ; short         ; -                   ; open           ; open             ; open   ; 0 in             ; 0 H/in                 ; 0 F/in                 ; short        ; open          ; open            ; open  ; 0 V                 ; -                  ;
; pc_out[25]    ; 2.5 V        ; 0 in              ; 0 H/in                  ; 0 F/in                  ; short         ; -                   ; open           ; open             ; open   ; 0 in             ; 0 H/in                 ; 0 F/in                 ; short        ; open          ; open            ; open  ; 0 V                 ; -                  ;
; pc_out[24]    ; 2.5 V        ; 0 in              ; 0 H/in                  ; 0 F/in                  ; short         ; -                   ; open           ; open             ; open   ; 0 in             ; 0 H/in                 ; 0 F/in                 ; short        ; open          ; open            ; open  ; 0 V                 ; -                  ;
; pc_out[23]    ; 2.5 V        ; 0 in              ; 0 H/in                  ; 0 F/in                  ; short         ; -                   ; open           ; open             ; open   ; 0 in             ; 0 H/in                 ; 0 F/in                 ; short        ; open          ; open            ; open  ; 0 V                 ; -                  ;
; pc_out[22]    ; 2.5 V        ; 0 in              ; 0 H/in                  ; 0 F/in                  ; short         ; -                   ; open           ; open             ; open   ; 0 in             ; 0 H/in                 ; 0 F/in                 ; short        ; open          ; open            ; open  ; 0 V                 ; -                  ;
; pc_out[21]    ; 2.5 V        ; 0 in              ; 0 H/in                  ; 0 F/in                  ; short         ; -                   ; open           ; open             ; open   ; 0 in             ; 0 H/in                 ; 0 F/in                 ; short        ; open          ; open            ; open  ; 0 V                 ; -                  ;
; pc_out[20]    ; 2.5 V        ; 0 in              ; 0 H/in                  ; 0 F/in                  ; short         ; -                   ; open           ; open             ; open   ; 0 in             ; 0 H/in                 ; 0 F/in                 ; short        ; open          ; open            ; open  ; 0 V                 ; -                  ;
; pc_out[19]    ; 2.5 V        ; 0 in              ; 0 H/in                  ; 0 F/in                  ; short         ; -                   ; open           ; open             ; open   ; 0 in             ; 0 H/in                 ; 0 F/in                 ; short        ; open          ; open            ; open  ; 0 V                 ; -                  ;
; pc_out[18]    ; 2.5 V        ; 0 in              ; 0 H/in                  ; 0 F/in                  ; short         ; -                   ; open           ; open             ; open   ; 0 in             ; 0 H/in                 ; 0 F/in                 ; short        ; open          ; open            ; open  ; 0 V                 ; -                  ;
; pc_out[17]    ; 2.5 V        ; 0 in              ; 0 H/in                  ; 0 F/in                  ; short         ; -                   ; open           ; open             ; open   ; 0 in             ; 0 H/in                 ; 0 F/in                 ; short        ; open          ; open            ; open  ; 0 V                 ; -                  ;
; pc_out[16]    ; 2.5 V        ; 0 in              ; 0 H/in                  ; 0 F/in                  ; short         ; -                   ; open           ; open             ; open   ; 0 in             ; 0 H/in                 ; 0 F/in                 ; short        ; open          ; open            ; open  ; 0 V                 ; -                  ;
; pc_out[15]    ; 2.5 V        ; 0 in              ; 0 H/in                  ; 0 F/in                  ; short         ; -                   ; open           ; open             ; open   ; 0 in             ; 0 H/in                 ; 0 F/in                 ; short        ; open          ; open            ; open  ; 0 V                 ; -                  ;
; pc_out[14]    ; 2.5 V        ; 0 in              ; 0 H/in                  ; 0 F/in                  ; short         ; -                   ; open           ; open             ; open   ; 0 in             ; 0 H/in                 ; 0 F/in                 ; short        ; open          ; open            ; open  ; 0 V                 ; -                  ;
; pc_out[13]    ; 2.5 V        ; 0 in              ; 0 H/in                  ; 0 F/in                  ; short         ; -                   ; open           ; open             ; open   ; 0 in             ; 0 H/in                 ; 0 F/in                 ; short        ; open          ; open            ; open  ; 0 V                 ; -                  ;
; pc_out[12]    ; 2.5 V        ; 0 in              ; 0 H/in                  ; 0 F/in                  ; short         ; -                   ; open           ; open             ; open   ; 0 in             ; 0 H/in                 ; 0 F/in                 ; short        ; open          ; open            ; open  ; 0 V                 ; -                  ;
; pc_out[11]    ; 2.5 V        ; 0 in              ; 0 H/in                  ; 0 F/in                  ; short         ; -                   ; open           ; open             ; open   ; 0 in             ; 0 H/in                 ; 0 F/in                 ; short        ; open          ; open            ; open  ; 0 V                 ; -                  ;
; pc_out[10]    ; 2.5 V        ; 0 in              ; 0 H/in                  ; 0 F/in                  ; short         ; -                   ; open           ; open             ; open   ; 0 in             ; 0 H/in                 ; 0 F/in                 ; short        ; open          ; open            ; open  ; 0 V                 ; -                  ;
; pc_out[9]     ; 2.5 V        ; 0 in              ; 0 H/in                  ; 0 F/in                  ; short         ; -                   ; open           ; open             ; open   ; 0 in             ; 0 H/in                 ; 0 F/in                 ; short        ; open          ; open            ; open  ; 0 V                 ; -                  ;
; pc_out[8]     ; 2.5 V        ; 0 in              ; 0 H/in                  ; 0 F/in                  ; short         ; -                   ; open           ; open             ; open   ; 0 in             ; 0 H/in                 ; 0 F/in                 ; short        ; open          ; open            ; open  ; 0 V                 ; -                  ;
; pc_out[7]     ; 2.5 V        ; 0 in              ; 0 H/in                  ; 0 F/in                  ; short         ; -                   ; open           ; open             ; open   ; 0 in             ; 0 H/in                 ; 0 F/in                 ; short        ; open          ; open            ; open  ; 0 V                 ; -                  ;
; pc_out[6]     ; 2.5 V        ; 0 in              ; 0 H/in                  ; 0 F/in                  ; short         ; -                   ; open           ; open             ; open   ; 0 in             ; 0 H/in                 ; 0 F/in                 ; short        ; open          ; open            ; open  ; 0 V                 ; -                  ;
; pc_out[5]     ; 2.5 V        ; 0 in              ; 0 H/in                  ; 0 F/in                  ; short         ; -                   ; open           ; open             ; open   ; 0 in             ; 0 H/in                 ; 0 F/in                 ; short        ; open          ; open            ; open  ; 0 V                 ; -                  ;
; pc_out[4]     ; 2.5 V        ; 0 in              ; 0 H/in                  ; 0 F/in                  ; short         ; -                   ; open           ; open             ; open   ; 0 in             ; 0 H/in                 ; 0 F/in                 ; short        ; open          ; open            ; open  ; 0 V                 ; -                  ;
; pc_out[3]     ; 2.5 V        ; 0 in              ; 0 H/in                  ; 0 F/in                  ; short         ; -                   ; open           ; open             ; open   ; 0 in             ; 0 H/in                 ; 0 F/in                 ; short        ; open          ; open            ; open  ; 0 V                 ; -                  ;
; pc_out[2]     ; 2.5 V        ; 0 in              ; 0 H/in                  ; 0 F/in                  ; short         ; -                   ; open           ; open             ; open   ; 0 in             ; 0 H/in                 ; 0 F/in                 ; short        ; open          ; open            ; open  ; 0 V                 ; -                  ;
; pc_out[1]     ; 2.5 V        ; 0 in              ; 0 H/in                  ; 0 F/in                  ; short         ; -                   ; open           ; open             ; open   ; 0 in             ; 0 H/in                 ; 0 F/in                 ; short        ; open          ; open            ; open  ; 0 V                 ; -                  ;
; pc_out[0]     ; 2.5 V        ; 0 in              ; 0 H/in                  ; 0 F/in                  ; short         ; -                   ; open           ; open             ; open   ; 0 in             ; 0 H/in                 ; 0 F/in                 ; short        ; open          ; open            ; open  ; 0 V                 ; -                  ;
; pin_name12    ; 2.5 V        ; 0 in              ; 0 H/in                  ; 0 F/in                  ; short         ; -                   ; open           ; open             ; open   ; 0 in             ; 0 H/in                 ; 0 F/in                 ; short        ; open          ; open            ; open  ; 0 V                 ; -                  ;
; pin_name13    ; 2.5 V        ; 0 in              ; 0 H/in                  ; 0 F/in                  ; short         ; -                   ; open           ; open             ; open   ; 0 in             ; 0 H/in                 ; 0 F/in                 ; short        ; open          ; open            ; open  ; 0 V                 ; -                  ;
; alu_out[31]   ; 2.5 V        ; 0 in              ; 0 H/in                  ; 0 F/in                  ; short         ; -                   ; open           ; open             ; open   ; 0 in             ; 0 H/in                 ; 0 F/in                 ; short        ; open          ; open            ; open  ; 0 V                 ; -                  ;
; alu_out[30]   ; 2.5 V        ; 0 in              ; 0 H/in                  ; 0 F/in                  ; short         ; -                   ; open           ; open             ; open   ; 0 in             ; 0 H/in                 ; 0 F/in                 ; short        ; open          ; open            ; open  ; 0 V                 ; -                  ;
; alu_out[29]   ; 2.5 V        ; 0 in              ; 0 H/in                  ; 0 F/in                  ; short         ; -                   ; open           ; open             ; open   ; 0 in             ; 0 H/in                 ; 0 F/in                 ; short        ; open          ; open            ; open  ; 0 V                 ; -                  ;
; alu_out[28]   ; 2.5 V        ; 0 in              ; 0 H/in                  ; 0 F/in                  ; short         ; -                   ; open           ; open             ; open   ; 0 in             ; 0 H/in                 ; 0 F/in                 ; short        ; open          ; open            ; open  ; 0 V                 ; -                  ;
; alu_out[27]   ; 2.5 V        ; 0 in              ; 0 H/in                  ; 0 F/in                  ; short         ; -                   ; open           ; open             ; open   ; 0 in             ; 0 H/in                 ; 0 F/in                 ; short        ; open          ; open            ; open  ; 0 V                 ; -                  ;
; alu_out[26]   ; 2.5 V        ; 0 in              ; 0 H/in                  ; 0 F/in                  ; short         ; -                   ; open           ; open             ; open   ; 0 in             ; 0 H/in                 ; 0 F/in                 ; short        ; open          ; open            ; open  ; 0 V                 ; -                  ;
; alu_out[25]   ; 2.5 V        ; 0 in              ; 0 H/in                  ; 0 F/in                  ; short         ; -                   ; open           ; open             ; open   ; 0 in             ; 0 H/in                 ; 0 F/in                 ; short        ; open          ; open            ; open  ; 0 V                 ; -                  ;
; alu_out[24]   ; 2.5 V        ; 0 in              ; 0 H/in                  ; 0 F/in                  ; short         ; -                   ; open           ; open             ; open   ; 0 in             ; 0 H/in                 ; 0 F/in                 ; short        ; open          ; open            ; open  ; 0 V                 ; -                  ;
; alu_out[23]   ; 2.5 V        ; 0 in              ; 0 H/in                  ; 0 F/in                  ; short         ; -                   ; open           ; open             ; open   ; 0 in             ; 0 H/in                 ; 0 F/in                 ; short        ; open          ; open            ; open  ; 0 V                 ; -                  ;
; alu_out[22]   ; 2.5 V        ; 0 in              ; 0 H/in                  ; 0 F/in                  ; short         ; -                   ; open           ; open             ; open   ; 0 in             ; 0 H/in                 ; 0 F/in                 ; short        ; open          ; open            ; open  ; 0 V                 ; -                  ;
; alu_out[21]   ; 2.5 V        ; 0 in              ; 0 H/in                  ; 0 F/in                  ; short         ; -                   ; open           ; open             ; open   ; 0 in             ; 0 H/in                 ; 0 F/in                 ; short        ; open          ; open            ; open  ; 0 V                 ; -                  ;
; alu_out[20]   ; 2.5 V        ; 0 in              ; 0 H/in                  ; 0 F/in                  ; short         ; -                   ; open           ; open             ; open   ; 0 in             ; 0 H/in                 ; 0 F/in                 ; short        ; open          ; open            ; open  ; 0 V                 ; -                  ;
; alu_out[19]   ; 2.5 V        ; 0 in              ; 0 H/in                  ; 0 F/in                  ; short         ; -                   ; open           ; open             ; open   ; 0 in             ; 0 H/in                 ; 0 F/in                 ; short        ; open          ; open            ; open  ; 0 V                 ; -                  ;
; alu_out[18]   ; 2.5 V        ; 0 in              ; 0 H/in                  ; 0 F/in                  ; short         ; -                   ; open           ; open             ; open   ; 0 in             ; 0 H/in                 ; 0 F/in                 ; short        ; open          ; open            ; open  ; 0 V                 ; -                  ;
; alu_out[17]   ; 2.5 V        ; 0 in              ; 0 H/in                  ; 0 F/in                  ; short         ; -                   ; open           ; open             ; open   ; 0 in             ; 0 H/in                 ; 0 F/in                 ; short        ; open          ; open            ; open  ; 0 V                 ; -                  ;
; alu_out[16]   ; 2.5 V        ; 0 in              ; 0 H/in                  ; 0 F/in                  ; short         ; -                   ; open           ; open             ; open   ; 0 in             ; 0 H/in                 ; 0 F/in                 ; short        ; open          ; open            ; open  ; 0 V                 ; -                  ;
; alu_out[15]   ; 2.5 V        ; 0 in              ; 0 H/in                  ; 0 F/in                  ; short         ; -                   ; open           ; open             ; open   ; 0 in             ; 0 H/in                 ; 0 F/in                 ; short        ; open          ; open            ; open  ; 0 V                 ; -                  ;
; alu_out[14]   ; 2.5 V        ; 0 in              ; 0 H/in                  ; 0 F/in                  ; short         ; -                   ; open           ; open             ; open   ; 0 in             ; 0 H/in                 ; 0 F/in                 ; short        ; open          ; open            ; open  ; 0 V                 ; -                  ;
; alu_out[13]   ; 2.5 V        ; 0 in              ; 0 H/in                  ; 0 F/in                  ; short         ; -                   ; open           ; open             ; open   ; 0 in             ; 0 H/in                 ; 0 F/in                 ; short        ; open          ; open            ; open  ; 0 V                 ; -                  ;
; alu_out[12]   ; 2.5 V        ; 0 in              ; 0 H/in                  ; 0 F/in                  ; short         ; -                   ; open           ; open             ; open   ; 0 in             ; 0 H/in                 ; 0 F/in                 ; short        ; open          ; open            ; open  ; 0 V                 ; -                  ;
; alu_out[11]   ; 2.5 V        ; 0 in              ; 0 H/in                  ; 0 F/in                  ; short         ; -                   ; open           ; open             ; open   ; 0 in             ; 0 H/in                 ; 0 F/in                 ; short        ; open          ; open            ; open  ; 0 V                 ; -                  ;
; alu_out[10]   ; 2.5 V        ; 0 in              ; 0 H/in                  ; 0 F/in                  ; short         ; -                   ; open           ; open             ; open   ; 0 in             ; 0 H/in                 ; 0 F/in                 ; short        ; open          ; open            ; open  ; 0 V                 ; -                  ;
; alu_out[9]    ; 2.5 V        ; 0 in              ; 0 H/in                  ; 0 F/in                  ; short         ; -                   ; open           ; open             ; open   ; 0 in             ; 0 H/in                 ; 0 F/in                 ; short        ; open          ; open            ; open  ; 0 V                 ; -                  ;
; alu_out[8]    ; 2.5 V        ; 0 in              ; 0 H/in                  ; 0 F/in                  ; short         ; -                   ; open           ; open             ; open   ; 0 in             ; 0 H/in                 ; 0 F/in                 ; short        ; open          ; open            ; open  ; 0 V                 ; -                  ;
; alu_out[7]    ; 2.5 V        ; 0 in              ; 0 H/in                  ; 0 F/in                  ; short         ; -                   ; open           ; open             ; open   ; 0 in             ; 0 H/in                 ; 0 F/in                 ; short        ; open          ; open            ; open  ; 0 V                 ; -                  ;
; alu_out[6]    ; 2.5 V        ; 0 in              ; 0 H/in                  ; 0 F/in                  ; short         ; -                   ; open           ; open             ; open   ; 0 in             ; 0 H/in                 ; 0 F/in                 ; short        ; open          ; open            ; open  ; 0 V                 ; -                  ;
; alu_out[5]    ; 2.5 V        ; 0 in              ; 0 H/in                  ; 0 F/in                  ; short         ; -                   ; open           ; open             ; open   ; 0 in             ; 0 H/in                 ; 0 F/in                 ; short        ; open          ; open            ; open  ; 0 V                 ; -                  ;
; alu_out[4]    ; 2.5 V        ; 0 in              ; 0 H/in                  ; 0 F/in                  ; short         ; -                   ; open           ; open             ; open   ; 0 in             ; 0 H/in                 ; 0 F/in                 ; short        ; open          ; open            ; open  ; 0 V                 ; -                  ;
; alu_out[3]    ; 2.5 V        ; 0 in              ; 0 H/in                  ; 0 F/in                  ; short         ; -                   ; open           ; open             ; open   ; 0 in             ; 0 H/in                 ; 0 F/in                 ; short        ; open          ; open            ; open  ; 0 V                 ; -                  ;
; alu_out[2]    ; 2.5 V        ; 0 in              ; 0 H/in                  ; 0 F/in                  ; short         ; -                   ; open           ; open             ; open   ; 0 in             ; 0 H/in                 ; 0 F/in                 ; short        ; open          ; open            ; open  ; 0 V                 ; -                  ;
; alu_out[1]    ; 2.5 V        ; 0 in              ; 0 H/in                  ; 0 F/in                  ; short         ; -                   ; open           ; open             ; open   ; 0 in             ; 0 H/in                 ; 0 F/in                 ; short        ; open          ; open            ; open  ; 0 V                 ; -                  ;
; alu_out[0]    ; 2.5 V        ; 0 in              ; 0 H/in                  ; 0 F/in                  ; short         ; -                   ; open           ; open             ; open   ; 0 in             ; 0 H/in                 ; 0 F/in                 ; short        ; open          ; open            ; open  ; 0 V                 ; -                  ;
; ~ALTERA_DCLK~ ; 2.5 V        ; 0 in              ; 0 H/in                  ; 0 F/in                  ; short         ; -                   ; open           ; open             ; open   ; 0 in             ; 0 H/in                 ; 0 F/in                 ; short        ; open          ; open            ; open  ; 0 V                 ; -                  ;
; ~ALTERA_nCEO~ ; 2.5 V        ; 0 in              ; 0 H/in                  ; 0 F/in                  ; short         ; -                   ; open           ; open             ; open   ; 0 in             ; 0 H/in                 ; 0 F/in                 ; short        ; open          ; open            ; open  ; 0 V                 ; -                  ;
+---------------+--------------+-------------------+-------------------------+-------------------------+---------------+---------------------+----------------+------------------+--------+------------------+------------------------+------------------------+--------------+---------------+-----------------+-------+---------------------+--------------------+


+----------------------------------------------------------------------------+
; Input Transition Times                                                     ;
+-------------------------+--------------+-----------------+-----------------+
; Pin                     ; I/O Standard ; 10-90 Rise Time ; 90-10 Fall Time ;
+-------------------------+--------------+-----------------+-----------------+
; clk                     ; 2.5 V        ; 2000 ps         ; 2000 ps         ;
; pc_clr                  ; 2.5 V        ; 2000 ps         ; 2000 ps         ;
; ~ALTERA_ASDO_DATA1~     ; 2.5 V        ; 2000 ps         ; 2000 ps         ;
; ~ALTERA_FLASH_nCE_nCSO~ ; 2.5 V        ; 2000 ps         ; 2000 ps         ;
; ~ALTERA_DATA0~          ; 2.5 V        ; 2000 ps         ; 2000 ps         ;
+-------------------------+--------------+-----------------+-----------------+


+--------------------------------------------------------------------------------------------------------------------------------------------------------------------------------------------------------------------------------------------------------------------------------------------------------------------------------------------------------------------------------------------------------------------------------------------------------------------------------------------------------------------------------------------------------------------------------------------------------------------------------------------------------------------------------------------+
; Slow Corner Signal Integrity Metrics                                                                                                                                                                                                                                                                                                                                                                                                                                                                                                                                                                                                                                                       ;
+---------------+--------------+---------------------+---------------------+------------------------------+------------------------------+---------------------+---------------------+--------------------------------------+--------------------------------------+-----------------------------+-----------------------------+----------------------------+----------------------------+-----------------------------+-----------------------------+--------------------+--------------------+-------------------------------------+-------------------------------------+----------------------------+----------------------------+---------------------------+---------------------------+
; Pin           ; I/O Standard ; Board Delay on Rise ; Board Delay on Fall ; Steady State Voh at FPGA Pin ; Steady State Vol at FPGA Pin ; Voh Max at FPGA Pin ; Vol Min at FPGA Pin ; Ringback Voltage on Rise at FPGA Pin ; Ringback Voltage on Fall at FPGA Pin ; 10-90 Rise Time at FPGA Pin ; 90-10 Fall Time at FPGA Pin ; Monotonic Rise at FPGA Pin ; Monotonic Fall at FPGA Pin ; Steady State Voh at Far-end ; Steady State Vol at Far-end ; Voh Max at Far-end ; Vol Min at Far-end ; Ringback Voltage on Rise at Far-end ; Ringback Voltage on Fall at Far-end ; 10-90 Rise Time at Far-end ; 90-10 Fall Time at Far-end ; Monotonic Rise at Far-end ; Monotonic Fall at Far-end ;
+---------------+--------------+---------------------+---------------------+------------------------------+------------------------------+---------------------+---------------------+--------------------------------------+--------------------------------------+-----------------------------+-----------------------------+----------------------------+----------------------------+-----------------------------+-----------------------------+--------------------+--------------------+-------------------------------------+-------------------------------------+----------------------------+----------------------------+---------------------------+---------------------------+
; pin_name      ; 2.5 V        ; 0 s                 ; 0 s                 ; 2.32 V                       ; 2.9e-007 V                   ; 2.35 V              ; -0.00108 V          ; 0.061 V                              ; 0.002 V                              ; 4.84e-010 s                 ; 4.97e-010 s                 ; Yes                        ; Yes                        ; 2.32 V                      ; 2.9e-007 V                  ; 2.35 V             ; -0.00108 V         ; 0.061 V                             ; 0.002 V                             ; 4.84e-010 s                ; 4.97e-010 s                ; Yes                       ; Yes                       ;
; pc_out[31]    ; 2.5 V        ; 0 s                 ; 0 s                 ; 2.32 V                       ; 2.9e-007 V                   ; 2.33 V              ; -0.00201 V          ; 0.092 V                              ; 0.05 V                               ; 3.78e-009 s                 ; 3.59e-009 s                 ; Yes                        ; Yes                        ; 2.32 V                      ; 2.9e-007 V                  ; 2.33 V             ; -0.00201 V         ; 0.092 V                             ; 0.05 V                              ; 3.78e-009 s                ; 3.59e-009 s                ; Yes                       ; Yes                       ;
; pc_out[30]    ; 2.5 V        ; 0 s                 ; 0 s                 ; 2.32 V                       ; 1.95e-007 V                  ; 2.34 V              ; -0.00548 V          ; 0.078 V                              ; 0.022 V                              ; 9.09e-010 s                 ; 8.84e-010 s                 ; Yes                        ; Yes                        ; 2.32 V                      ; 1.95e-007 V                 ; 2.34 V             ; -0.00548 V         ; 0.078 V                             ; 0.022 V                             ; 9.09e-010 s                ; 8.84e-010 s                ; Yes                       ; Yes                       ;
; pc_out[29]    ; 2.5 V        ; 0 s                 ; 0 s                 ; 2.32 V                       ; 1.95e-007 V                  ; 2.33 V              ; -0.00205 V          ; 0.092 V                              ; 0.051 V                              ; 3.98e-009 s                 ; 3.76e-009 s                 ; Yes                        ; Yes                        ; 2.32 V                      ; 1.95e-007 V                 ; 2.33 V             ; -0.00205 V         ; 0.092 V                             ; 0.051 V                             ; 3.98e-009 s                ; 3.76e-009 s                ; Yes                       ; Yes                       ;
; pc_out[28]    ; 2.5 V        ; 0 s                 ; 0 s                 ; 2.32 V                       ; 2.9e-007 V                   ; 2.35 V              ; -0.00108 V          ; 0.061 V                              ; 0.002 V                              ; 4.84e-010 s                 ; 4.97e-010 s                 ; Yes                        ; Yes                        ; 2.32 V                      ; 2.9e-007 V                  ; 2.35 V             ; -0.00108 V         ; 0.061 V                             ; 0.002 V                             ; 4.84e-010 s                ; 4.97e-010 s                ; Yes                       ; Yes                       ;
; pc_out[27]    ; 2.5 V        ; 0 s                 ; 0 s                 ; 2.32 V                       ; 2.9e-007 V                   ; 2.35 V              ; -0.00108 V          ; 0.061 V                              ; 0.002 V                              ; 4.84e-010 s                 ; 4.97e-010 s                 ; Yes                        ; Yes                        ; 2.32 V                      ; 2.9e-007 V                  ; 2.35 V             ; -0.00108 V         ; 0.061 V                             ; 0.002 V                             ; 4.84e-010 s                ; 4.97e-010 s                ; Yes                       ; Yes                       ;
; pc_out[26]    ; 2.5 V        ; 0 s                 ; 0 s                 ; 2.32 V                       ; 2.9e-007 V                   ; 2.33 V              ; -0.00201 V          ; 0.092 V                              ; 0.05 V                               ; 3.78e-009 s                 ; 3.59e-009 s                 ; Yes                        ; Yes                        ; 2.32 V                      ; 2.9e-007 V                  ; 2.33 V             ; -0.00201 V         ; 0.092 V                             ; 0.05 V                              ; 3.78e-009 s                ; 3.59e-009 s                ; Yes                       ; Yes                       ;
; pc_out[25]    ; 2.5 V        ; 0 s                 ; 0 s                 ; 2.32 V                       ; 2.9e-007 V                   ; 2.33 V              ; -0.00201 V          ; 0.092 V                              ; 0.05 V                               ; 3.78e-009 s                 ; 3.59e-009 s                 ; Yes                        ; Yes                        ; 2.32 V                      ; 2.9e-007 V                  ; 2.33 V             ; -0.00201 V         ; 0.092 V                             ; 0.05 V                              ; 3.78e-009 s                ; 3.59e-009 s                ; Yes                       ; Yes                       ;
; pc_out[24]    ; 2.5 V        ; 0 s                 ; 0 s                 ; 2.32 V                       ; 2.9e-007 V                   ; 2.35 V              ; -0.00108 V          ; 0.061 V                              ; 0.002 V                              ; 4.84e-010 s                 ; 4.97e-010 s                 ; Yes                        ; Yes                        ; 2.32 V                      ; 2.9e-007 V                  ; 2.35 V             ; -0.00108 V         ; 0.061 V                             ; 0.002 V                             ; 4.84e-010 s                ; 4.97e-010 s                ; Yes                       ; Yes                       ;
; pc_out[23]    ; 2.5 V        ; 0 s                 ; 0 s                 ; 2.32 V                       ; 2.9e-007 V                   ; 2.33 V              ; -0.00201 V          ; 0.092 V                              ; 0.05 V                               ; 3.78e-009 s                 ; 3.59e-009 s                 ; Yes                        ; Yes                        ; 2.32 V                      ; 2.9e-007 V                  ; 2.33 V             ; -0.00201 V         ; 0.092 V                             ; 0.05 V                              ; 3.78e-009 s                ; 3.59e-009 s                ; Yes                       ; Yes                       ;
; pc_out[22]    ; 2.5 V        ; 0 s                 ; 0 s                 ; 2.32 V                       ; 2.9e-007 V                   ; 2.35 V              ; -0.00108 V          ; 0.061 V                              ; 0.002 V                              ; 4.84e-010 s                 ; 4.97e-010 s                 ; Yes                        ; Yes                        ; 2.32 V                      ; 2.9e-007 V                  ; 2.35 V             ; -0.00108 V         ; 0.061 V                             ; 0.002 V                             ; 4.84e-010 s                ; 4.97e-010 s                ; Yes                       ; Yes                       ;
; pc_out[21]    ; 2.5 V        ; 0 s                 ; 0 s                 ; 2.32 V                       ; 2.9e-007 V                   ; 2.35 V              ; -0.00108 V          ; 0.061 V                              ; 0.002 V                              ; 4.84e-010 s                 ; 4.97e-010 s                 ; Yes                        ; Yes                        ; 2.32 V                      ; 2.9e-007 V                  ; 2.35 V             ; -0.00108 V         ; 0.061 V                             ; 0.002 V                             ; 4.84e-010 s                ; 4.97e-010 s                ; Yes                       ; Yes                       ;
; pc_out[20]    ; 2.5 V        ; 0 s                 ; 0 s                 ; 2.32 V                       ; 2.9e-007 V                   ; 2.33 V              ; -0.00201 V          ; 0.092 V                              ; 0.05 V                               ; 3.78e-009 s                 ; 3.59e-009 s                 ; Yes                        ; Yes                        ; 2.32 V                      ; 2.9e-007 V                  ; 2.33 V             ; -0.00201 V         ; 0.092 V                             ; 0.05 V                              ; 3.78e-009 s                ; 3.59e-009 s                ; Yes                       ; Yes                       ;
; pc_out[19]    ; 2.5 V        ; 0 s                 ; 0 s                 ; 2.32 V                       ; 2.9e-007 V                   ; 2.35 V              ; -0.00108 V          ; 0.061 V                              ; 0.002 V                              ; 4.84e-010 s                 ; 4.97e-010 s                 ; Yes                        ; Yes                        ; 2.32 V                      ; 2.9e-007 V                  ; 2.35 V             ; -0.00108 V         ; 0.061 V                             ; 0.002 V                             ; 4.84e-010 s                ; 4.97e-010 s                ; Yes                       ; Yes                       ;
; pc_out[18]    ; 2.5 V        ; 0 s                 ; 0 s                 ; 2.32 V                       ; 2.9e-007 V                   ; 2.35 V              ; -0.00108 V          ; 0.061 V                              ; 0.002 V                              ; 4.84e-010 s                 ; 4.97e-010 s                 ; Yes                        ; Yes                        ; 2.32 V                      ; 2.9e-007 V                  ; 2.35 V             ; -0.00108 V         ; 0.061 V                             ; 0.002 V                             ; 4.84e-010 s                ; 4.97e-010 s                ; Yes                       ; Yes                       ;
; pc_out[17]    ; 2.5 V        ; 0 s                 ; 0 s                 ; 2.32 V                       ; 2.9e-007 V                   ; 2.35 V              ; -0.00108 V          ; 0.061 V                              ; 0.002 V                              ; 4.84e-010 s                 ; 4.97e-010 s                 ; Yes                        ; Yes                        ; 2.32 V                      ; 2.9e-007 V                  ; 2.35 V             ; -0.00108 V         ; 0.061 V                             ; 0.002 V                             ; 4.84e-010 s                ; 4.97e-010 s                ; Yes                       ; Yes                       ;
; pc_out[16]    ; 2.5 V        ; 0 s                 ; 0 s                 ; 2.32 V                       ; 2.9e-007 V                   ; 2.35 V              ; -0.00108 V          ; 0.061 V                              ; 0.002 V                              ; 4.84e-010 s                 ; 4.97e-010 s                 ; Yes                        ; Yes                        ; 2.32 V                      ; 2.9e-007 V                  ; 2.35 V             ; -0.00108 V         ; 0.061 V                             ; 0.002 V                             ; 4.84e-010 s                ; 4.97e-010 s                ; Yes                       ; Yes                       ;
; pc_out[15]    ; 2.5 V        ; 0 s                 ; 0 s                 ; 2.32 V                       ; 2.9e-007 V                   ; 2.33 V              ; -0.00201 V          ; 0.092 V                              ; 0.05 V                               ; 3.78e-009 s                 ; 3.59e-009 s                 ; Yes                        ; Yes                        ; 2.32 V                      ; 2.9e-007 V                  ; 2.33 V             ; -0.00201 V         ; 0.092 V                             ; 0.05 V                              ; 3.78e-009 s                ; 3.59e-009 s                ; Yes                       ; Yes                       ;
; pc_out[14]    ; 2.5 V        ; 0 s                 ; 0 s                 ; 2.32 V                       ; 2.9e-007 V                   ; 2.35 V              ; -0.00108 V          ; 0.061 V                              ; 0.002 V                              ; 4.84e-010 s                 ; 4.97e-010 s                 ; Yes                        ; Yes                        ; 2.32 V                      ; 2.9e-007 V                  ; 2.35 V             ; -0.00108 V         ; 0.061 V                             ; 0.002 V                             ; 4.84e-010 s                ; 4.97e-010 s                ; Yes                       ; Yes                       ;
; pc_out[13]    ; 2.5 V        ; 0 s                 ; 0 s                 ; 2.32 V                       ; 2.9e-007 V                   ; 2.35 V              ; -0.00108 V          ; 0.061 V                              ; 0.002 V                              ; 4.84e-010 s                 ; 4.97e-010 s                 ; Yes                        ; Yes                        ; 2.32 V                      ; 2.9e-007 V                  ; 2.35 V             ; -0.00108 V         ; 0.061 V                             ; 0.002 V                             ; 4.84e-010 s                ; 4.97e-010 s                ; Yes                       ; Yes                       ;
; pc_out[12]    ; 2.5 V        ; 0 s                 ; 0 s                 ; 2.32 V                       ; 1.95e-007 V                  ; 2.34 V              ; -0.00548 V          ; 0.078 V                              ; 0.022 V                              ; 9.09e-010 s                 ; 8.84e-010 s                 ; Yes                        ; Yes                        ; 2.32 V                      ; 1.95e-007 V                 ; 2.34 V             ; -0.00548 V         ; 0.078 V                             ; 0.022 V                             ; 9.09e-010 s                ; 8.84e-010 s                ; Yes                       ; Yes                       ;
; pc_out[11]    ; 2.5 V        ; 0 s                 ; 0 s                 ; 2.32 V                       ; 1.95e-007 V                  ; 2.34 V              ; -0.00548 V          ; 0.078 V                              ; 0.022 V                              ; 9.09e-010 s                 ; 8.84e-010 s                 ; Yes                        ; Yes                        ; 2.32 V                      ; 1.95e-007 V                 ; 2.34 V             ; -0.00548 V         ; 0.078 V                             ; 0.022 V                             ; 9.09e-010 s                ; 8.84e-010 s                ; Yes                       ; Yes                       ;
; pc_out[10]    ; 2.5 V        ; 0 s                 ; 0 s                 ; 2.32 V                       ; 1.95e-007 V                  ; 2.34 V              ; -0.00548 V          ; 0.078 V                              ; 0.022 V                              ; 9.09e-010 s                 ; 8.84e-010 s                 ; Yes                        ; Yes                        ; 2.32 V                      ; 1.95e-007 V                 ; 2.34 V             ; -0.00548 V         ; 0.078 V                             ; 0.022 V                             ; 9.09e-010 s                ; 8.84e-010 s                ; Yes                       ; Yes                       ;
; pc_out[9]     ; 2.5 V        ; 0 s                 ; 0 s                 ; 2.32 V                       ; 2.9e-007 V                   ; 2.35 V              ; -0.00108 V          ; 0.061 V                              ; 0.002 V                              ; 4.84e-010 s                 ; 4.97e-010 s                 ; Yes                        ; Yes                        ; 2.32 V                      ; 2.9e-007 V                  ; 2.35 V             ; -0.00108 V         ; 0.061 V                             ; 0.002 V                             ; 4.84e-010 s                ; 4.97e-010 s                ; Yes                       ; Yes                       ;
; pc_out[8]     ; 2.5 V        ; 0 s                 ; 0 s                 ; 2.32 V                       ; 2.9e-007 V                   ; 2.35 V              ; -0.00108 V          ; 0.061 V                              ; 0.002 V                              ; 4.84e-010 s                 ; 4.97e-010 s                 ; Yes                        ; Yes                        ; 2.32 V                      ; 2.9e-007 V                  ; 2.35 V             ; -0.00108 V         ; 0.061 V                             ; 0.002 V                             ; 4.84e-010 s                ; 4.97e-010 s                ; Yes                       ; Yes                       ;
; pc_out[7]     ; 2.5 V        ; 0 s                 ; 0 s                 ; 2.32 V                       ; 1.95e-007 V                  ; 2.34 V              ; -0.00564 V          ; 0.066 V                              ; 0.016 V                              ; 6.89e-010 s                 ; 6.77e-010 s                 ; Yes                        ; Yes                        ; 2.32 V                      ; 1.95e-007 V                 ; 2.34 V             ; -0.00564 V         ; 0.066 V                             ; 0.016 V                             ; 6.89e-010 s                ; 6.77e-010 s                ; Yes                       ; Yes                       ;
; pc_out[6]     ; 2.5 V        ; 0 s                 ; 0 s                 ; 2.32 V                       ; 2.9e-007 V                   ; 2.35 V              ; -0.00108 V          ; 0.061 V                              ; 0.002 V                              ; 4.84e-010 s                 ; 4.97e-010 s                 ; Yes                        ; Yes                        ; 2.32 V                      ; 2.9e-007 V                  ; 2.35 V             ; -0.00108 V         ; 0.061 V                             ; 0.002 V                             ; 4.84e-010 s                ; 4.97e-010 s                ; Yes                       ; Yes                       ;
; pc_out[5]     ; 2.5 V        ; 0 s                 ; 0 s                 ; 2.32 V                       ; 2.9e-007 V                   ; 2.35 V              ; -0.00108 V          ; 0.061 V                              ; 0.002 V                              ; 4.84e-010 s                 ; 4.97e-010 s                 ; Yes                        ; Yes                        ; 2.32 V                      ; 2.9e-007 V                  ; 2.35 V             ; -0.00108 V         ; 0.061 V                             ; 0.002 V                             ; 4.84e-010 s                ; 4.97e-010 s                ; Yes                       ; Yes                       ;
; pc_out[4]     ; 2.5 V        ; 0 s                 ; 0 s                 ; 2.32 V                       ; 2.9e-007 V                   ; 2.33 V              ; -0.00201 V          ; 0.092 V                              ; 0.05 V                               ; 3.78e-009 s                 ; 3.59e-009 s                 ; Yes                        ; Yes                        ; 2.32 V                      ; 2.9e-007 V                  ; 2.33 V             ; -0.00201 V         ; 0.092 V                             ; 0.05 V                              ; 3.78e-009 s                ; 3.59e-009 s                ; Yes                       ; Yes                       ;
; pc_out[3]     ; 2.5 V        ; 0 s                 ; 0 s                 ; 2.32 V                       ; 1.95e-007 V                  ; 2.33 V              ; -0.00205 V          ; 0.092 V                              ; 0.051 V                              ; 3.98e-009 s                 ; 3.76e-009 s                 ; Yes                        ; Yes                        ; 2.32 V                      ; 1.95e-007 V                 ; 2.33 V             ; -0.00205 V         ; 0.092 V                             ; 0.051 V                             ; 3.98e-009 s                ; 3.76e-009 s                ; Yes                       ; Yes                       ;
; pc_out[2]     ; 2.5 V        ; 0 s                 ; 0 s                 ; 2.32 V                       ; 1.95e-007 V                  ; 2.34 V              ; -0.00548 V          ; 0.078 V                              ; 0.022 V                              ; 9.09e-010 s                 ; 8.84e-010 s                 ; Yes                        ; Yes                        ; 2.32 V                      ; 1.95e-007 V                 ; 2.34 V             ; -0.00548 V         ; 0.078 V                             ; 0.022 V                             ; 9.09e-010 s                ; 8.84e-010 s                ; Yes                       ; Yes                       ;
; pc_out[1]     ; 2.5 V        ; 0 s                 ; 0 s                 ; 2.32 V                       ; 1.95e-007 V                  ; 2.34 V              ; -0.00548 V          ; 0.078 V                              ; 0.022 V                              ; 9.09e-010 s                 ; 8.84e-010 s                 ; Yes                        ; Yes                        ; 2.32 V                      ; 1.95e-007 V                 ; 2.34 V             ; -0.00548 V         ; 0.078 V                             ; 0.022 V                             ; 9.09e-010 s                ; 8.84e-010 s                ; Yes                       ; Yes                       ;
; pc_out[0]     ; 2.5 V        ; 0 s                 ; 0 s                 ; 2.32 V                       ; 2.9e-007 V                   ; 2.35 V              ; -0.00108 V          ; 0.061 V                              ; 0.002 V                              ; 4.84e-010 s                 ; 4.97e-010 s                 ; Yes                        ; Yes                        ; 2.32 V                      ; 2.9e-007 V                  ; 2.35 V             ; -0.00108 V         ; 0.061 V                             ; 0.002 V                             ; 4.84e-010 s                ; 4.97e-010 s                ; Yes                       ; Yes                       ;
; pin_name12    ; 2.5 V        ; 0 s                 ; 0 s                 ; 2.32 V                       ; 2.9e-007 V                   ; 2.35 V              ; -0.00108 V          ; 0.061 V                              ; 0.002 V                              ; 4.84e-010 s                 ; 4.97e-010 s                 ; Yes                        ; Yes                        ; 2.32 V                      ; 2.9e-007 V                  ; 2.35 V             ; -0.00108 V         ; 0.061 V                             ; 0.002 V                             ; 4.84e-010 s                ; 4.97e-010 s                ; Yes                       ; Yes                       ;
; pin_name13    ; 2.5 V        ; 0 s                 ; 0 s                 ; 2.32 V                       ; 2.9e-007 V                   ; 2.35 V              ; -0.00108 V          ; 0.061 V                              ; 0.002 V                              ; 4.84e-010 s                 ; 4.97e-010 s                 ; Yes                        ; Yes                        ; 2.32 V                      ; 2.9e-007 V                  ; 2.35 V             ; -0.00108 V         ; 0.061 V                             ; 0.002 V                             ; 4.84e-010 s                ; 4.97e-010 s                ; Yes                       ; Yes                       ;
; alu_out[31]   ; 2.5 V        ; 0 s                 ; 0 s                 ; 2.32 V                       ; 1.95e-007 V                  ; 2.34 V              ; -0.00548 V          ; 0.078 V                              ; 0.022 V                              ; 9.09e-010 s                 ; 8.84e-010 s                 ; Yes                        ; Yes                        ; 2.32 V                      ; 1.95e-007 V                 ; 2.34 V             ; -0.00548 V         ; 0.078 V                             ; 0.022 V                             ; 9.09e-010 s                ; 8.84e-010 s                ; Yes                       ; Yes                       ;
; alu_out[30]   ; 2.5 V        ; 0 s                 ; 0 s                 ; 2.32 V                       ; 1.95e-007 V                  ; 2.34 V              ; -0.00548 V          ; 0.078 V                              ; 0.022 V                              ; 9.09e-010 s                 ; 8.84e-010 s                 ; Yes                        ; Yes                        ; 2.32 V                      ; 1.95e-007 V                 ; 2.34 V             ; -0.00548 V         ; 0.078 V                             ; 0.022 V                             ; 9.09e-010 s                ; 8.84e-010 s                ; Yes                       ; Yes                       ;
; alu_out[29]   ; 2.5 V        ; 0 s                 ; 0 s                 ; 2.32 V                       ; 1.95e-007 V                  ; 2.33 V              ; -0.00205 V          ; 0.092 V                              ; 0.051 V                              ; 3.98e-009 s                 ; 3.76e-009 s                 ; Yes                        ; Yes                        ; 2.32 V                      ; 1.95e-007 V                 ; 2.33 V             ; -0.00205 V         ; 0.092 V                             ; 0.051 V                             ; 3.98e-009 s                ; 3.76e-009 s                ; Yes                       ; Yes                       ;
; alu_out[28]   ; 2.5 V        ; 0 s                 ; 0 s                 ; 2.32 V                       ; 1.95e-007 V                  ; 2.34 V              ; -0.00548 V          ; 0.078 V                              ; 0.022 V                              ; 9.09e-010 s                 ; 8.84e-010 s                 ; Yes                        ; Yes                        ; 2.32 V                      ; 1.95e-007 V                 ; 2.34 V             ; -0.00548 V         ; 0.078 V                             ; 0.022 V                             ; 9.09e-010 s                ; 8.84e-010 s                ; Yes                       ; Yes                       ;
; alu_out[27]   ; 2.5 V        ; 0 s                 ; 0 s                 ; 2.32 V                       ; 1.95e-007 V                  ; 2.34 V              ; -0.00548 V          ; 0.078 V                              ; 0.022 V                              ; 9.09e-010 s                 ; 8.84e-010 s                 ; Yes                        ; Yes                        ; 2.32 V                      ; 1.95e-007 V                 ; 2.34 V             ; -0.00548 V         ; 0.078 V                             ; 0.022 V                             ; 9.09e-010 s                ; 8.84e-010 s                ; Yes                       ; Yes                       ;
; alu_out[26]   ; 2.5 V        ; 0 s                 ; 0 s                 ; 2.32 V                       ; 1.95e-007 V                  ; 2.34 V              ; -0.00548 V          ; 0.078 V                              ; 0.022 V                              ; 9.09e-010 s                 ; 8.84e-010 s                 ; Yes                        ; Yes                        ; 2.32 V                      ; 1.95e-007 V                 ; 2.34 V             ; -0.00548 V         ; 0.078 V                             ; 0.022 V                             ; 9.09e-010 s                ; 8.84e-010 s                ; Yes                       ; Yes                       ;
; alu_out[25]   ; 2.5 V        ; 0 s                 ; 0 s                 ; 2.32 V                       ; 1.95e-007 V                  ; 2.33 V              ; -0.00205 V          ; 0.092 V                              ; 0.051 V                              ; 3.98e-009 s                 ; 3.76e-009 s                 ; Yes                        ; Yes                        ; 2.32 V                      ; 1.95e-007 V                 ; 2.33 V             ; -0.00205 V         ; 0.092 V                             ; 0.051 V                             ; 3.98e-009 s                ; 3.76e-009 s                ; Yes                       ; Yes                       ;
; alu_out[24]   ; 2.5 V        ; 0 s                 ; 0 s                 ; 2.32 V                       ; 1.95e-007 V                  ; 2.33 V              ; -0.00205 V          ; 0.092 V                              ; 0.051 V                              ; 3.98e-009 s                 ; 3.76e-009 s                 ; Yes                        ; Yes                        ; 2.32 V                      ; 1.95e-007 V                 ; 2.33 V             ; -0.00205 V         ; 0.092 V                             ; 0.051 V                             ; 3.98e-009 s                ; 3.76e-009 s                ; Yes                       ; Yes                       ;
; alu_out[23]   ; 2.5 V        ; 0 s                 ; 0 s                 ; 2.32 V                       ; 1.95e-007 V                  ; 2.34 V              ; -0.00548 V          ; 0.078 V                              ; 0.022 V                              ; 9.09e-010 s                 ; 8.84e-010 s                 ; Yes                        ; Yes                        ; 2.32 V                      ; 1.95e-007 V                 ; 2.34 V             ; -0.00548 V         ; 0.078 V                             ; 0.022 V                             ; 9.09e-010 s                ; 8.84e-010 s                ; Yes                       ; Yes                       ;
; alu_out[22]   ; 2.5 V        ; 0 s                 ; 0 s                 ; 2.32 V                       ; 1.95e-007 V                  ; 2.34 V              ; -0.00548 V          ; 0.078 V                              ; 0.022 V                              ; 9.09e-010 s                 ; 8.84e-010 s                 ; Yes                        ; Yes                        ; 2.32 V                      ; 1.95e-007 V                 ; 2.34 V             ; -0.00548 V         ; 0.078 V                             ; 0.022 V                             ; 9.09e-010 s                ; 8.84e-010 s                ; Yes                       ; Yes                       ;
; alu_out[21]   ; 2.5 V        ; 0 s                 ; 0 s                 ; 2.32 V                       ; 1.95e-007 V                  ; 2.34 V              ; -0.00548 V          ; 0.078 V                              ; 0.022 V                              ; 9.09e-010 s                 ; 8.84e-010 s                 ; Yes                        ; Yes                        ; 2.32 V                      ; 1.95e-007 V                 ; 2.34 V             ; -0.00548 V         ; 0.078 V                             ; 0.022 V                             ; 9.09e-010 s                ; 8.84e-010 s                ; Yes                       ; Yes                       ;
; alu_out[20]   ; 2.5 V        ; 0 s                 ; 0 s                 ; 2.32 V                       ; 1.95e-007 V                  ; 2.33 V              ; -0.00205 V          ; 0.092 V                              ; 0.051 V                              ; 3.98e-009 s                 ; 3.76e-009 s                 ; Yes                        ; Yes                        ; 2.32 V                      ; 1.95e-007 V                 ; 2.33 V             ; -0.00205 V         ; 0.092 V                             ; 0.051 V                             ; 3.98e-009 s                ; 3.76e-009 s                ; Yes                       ; Yes                       ;
; alu_out[19]   ; 2.5 V        ; 0 s                 ; 0 s                 ; 2.32 V                       ; 1.95e-007 V                  ; 2.34 V              ; -0.00548 V          ; 0.078 V                              ; 0.022 V                              ; 9.09e-010 s                 ; 8.84e-010 s                 ; Yes                        ; Yes                        ; 2.32 V                      ; 1.95e-007 V                 ; 2.34 V             ; -0.00548 V         ; 0.078 V                             ; 0.022 V                             ; 9.09e-010 s                ; 8.84e-010 s                ; Yes                       ; Yes                       ;
; alu_out[18]   ; 2.5 V        ; 0 s                 ; 0 s                 ; 2.32 V                       ; 1.95e-007 V                  ; 2.34 V              ; -0.00548 V          ; 0.078 V                              ; 0.022 V                              ; 9.09e-010 s                 ; 8.84e-010 s                 ; Yes                        ; Yes                        ; 2.32 V                      ; 1.95e-007 V                 ; 2.34 V             ; -0.00548 V         ; 0.078 V                             ; 0.022 V                             ; 9.09e-010 s                ; 8.84e-010 s                ; Yes                       ; Yes                       ;
; alu_out[17]   ; 2.5 V        ; 0 s                 ; 0 s                 ; 2.32 V                       ; 1.95e-007 V                  ; 2.34 V              ; -0.00564 V          ; 0.066 V                              ; 0.016 V                              ; 6.89e-010 s                 ; 6.77e-010 s                 ; Yes                        ; Yes                        ; 2.32 V                      ; 1.95e-007 V                 ; 2.34 V             ; -0.00564 V         ; 0.066 V                             ; 0.016 V                             ; 6.89e-010 s                ; 6.77e-010 s                ; Yes                       ; Yes                       ;
; alu_out[16]   ; 2.5 V        ; 0 s                 ; 0 s                 ; 2.32 V                       ; 1.95e-007 V                  ; 2.34 V              ; -0.00564 V          ; 0.066 V                              ; 0.016 V                              ; 6.89e-010 s                 ; 6.77e-010 s                 ; Yes                        ; Yes                        ; 2.32 V                      ; 1.95e-007 V                 ; 2.34 V             ; -0.00564 V         ; 0.066 V                             ; 0.016 V                             ; 6.89e-010 s                ; 6.77e-010 s                ; Yes                       ; Yes                       ;
; alu_out[15]   ; 2.5 V        ; 0 s                 ; 0 s                 ; 2.32 V                       ; 1.95e-007 V                  ; 2.34 V              ; -0.00564 V          ; 0.066 V                              ; 0.016 V                              ; 6.89e-010 s                 ; 6.77e-010 s                 ; Yes                        ; Yes                        ; 2.32 V                      ; 1.95e-007 V                 ; 2.34 V             ; -0.00564 V         ; 0.066 V                             ; 0.016 V                             ; 6.89e-010 s                ; 6.77e-010 s                ; Yes                       ; Yes                       ;
; alu_out[14]   ; 2.5 V        ; 0 s                 ; 0 s                 ; 2.32 V                       ; 2.9e-007 V                   ; 2.35 V              ; -0.00108 V          ; 0.061 V                              ; 0.002 V                              ; 4.84e-010 s                 ; 4.97e-010 s                 ; Yes                        ; Yes                        ; 2.32 V                      ; 2.9e-007 V                  ; 2.35 V             ; -0.00108 V         ; 0.061 V                             ; 0.002 V                             ; 4.84e-010 s                ; 4.97e-010 s                ; Yes                       ; Yes                       ;
; alu_out[13]   ; 2.5 V        ; 0 s                 ; 0 s                 ; 2.32 V                       ; 2.9e-007 V                   ; 2.35 V              ; -0.00108 V          ; 0.061 V                              ; 0.002 V                              ; 4.84e-010 s                 ; 4.97e-010 s                 ; Yes                        ; Yes                        ; 2.32 V                      ; 2.9e-007 V                  ; 2.35 V             ; -0.00108 V         ; 0.061 V                             ; 0.002 V                             ; 4.84e-010 s                ; 4.97e-010 s                ; Yes                       ; Yes                       ;
; alu_out[12]   ; 2.5 V        ; 0 s                 ; 0 s                 ; 2.32 V                       ; 2.9e-007 V                   ; 2.33 V              ; -0.00201 V          ; 0.092 V                              ; 0.05 V                               ; 3.78e-009 s                 ; 3.59e-009 s                 ; Yes                        ; Yes                        ; 2.32 V                      ; 2.9e-007 V                  ; 2.33 V             ; -0.00201 V         ; 0.092 V                             ; 0.05 V                              ; 3.78e-009 s                ; 3.59e-009 s                ; Yes                       ; Yes                       ;
; alu_out[11]   ; 2.5 V        ; 0 s                 ; 0 s                 ; 2.32 V                       ; 2.9e-007 V                   ; 2.35 V              ; -0.00108 V          ; 0.061 V                              ; 0.002 V                              ; 4.84e-010 s                 ; 4.97e-010 s                 ; Yes                        ; Yes                        ; 2.32 V                      ; 2.9e-007 V                  ; 2.35 V             ; -0.00108 V         ; 0.061 V                             ; 0.002 V                             ; 4.84e-010 s                ; 4.97e-010 s                ; Yes                       ; Yes                       ;
; alu_out[10]   ; 2.5 V        ; 0 s                 ; 0 s                 ; 2.32 V                       ; 2.9e-007 V                   ; 2.35 V              ; -0.00108 V          ; 0.061 V                              ; 0.002 V                              ; 4.84e-010 s                 ; 4.97e-010 s                 ; Yes                        ; Yes                        ; 2.32 V                      ; 2.9e-007 V                  ; 2.35 V             ; -0.00108 V         ; 0.061 V                             ; 0.002 V                             ; 4.84e-010 s                ; 4.97e-010 s                ; Yes                       ; Yes                       ;
; alu_out[9]    ; 2.5 V        ; 0 s                 ; 0 s                 ; 2.32 V                       ; 2.9e-007 V                   ; 2.35 V              ; -0.00108 V          ; 0.061 V                              ; 0.002 V                              ; 4.84e-010 s                 ; 4.97e-010 s                 ; Yes                        ; Yes                        ; 2.32 V                      ; 2.9e-007 V                  ; 2.35 V             ; -0.00108 V         ; 0.061 V                             ; 0.002 V                             ; 4.84e-010 s                ; 4.97e-010 s                ; Yes                       ; Yes                       ;
; alu_out[8]    ; 2.5 V        ; 0 s                 ; 0 s                 ; 2.32 V                       ; 2.9e-007 V                   ; 2.35 V              ; -0.00108 V          ; 0.061 V                              ; 0.002 V                              ; 4.84e-010 s                 ; 4.97e-010 s                 ; Yes                        ; Yes                        ; 2.32 V                      ; 2.9e-007 V                  ; 2.35 V             ; -0.00108 V         ; 0.061 V                             ; 0.002 V                             ; 4.84e-010 s                ; 4.97e-010 s                ; Yes                       ; Yes                       ;
; alu_out[7]    ; 2.5 V        ; 0 s                 ; 0 s                 ; 2.32 V                       ; 2.9e-007 V                   ; 2.33 V              ; -0.00201 V          ; 0.092 V                              ; 0.05 V                               ; 3.78e-009 s                 ; 3.59e-009 s                 ; Yes                        ; Yes                        ; 2.32 V                      ; 2.9e-007 V                  ; 2.33 V             ; -0.00201 V         ; 0.092 V                             ; 0.05 V                              ; 3.78e-009 s                ; 3.59e-009 s                ; Yes                       ; Yes                       ;
; alu_out[6]    ; 2.5 V        ; 0 s                 ; 0 s                 ; 2.32 V                       ; 2.9e-007 V                   ; 2.33 V              ; -0.00201 V          ; 0.092 V                              ; 0.05 V                               ; 3.78e-009 s                 ; 3.59e-009 s                 ; Yes                        ; Yes                        ; 2.32 V                      ; 2.9e-007 V                  ; 2.33 V             ; -0.00201 V         ; 0.092 V                             ; 0.05 V                              ; 3.78e-009 s                ; 3.59e-009 s                ; Yes                       ; Yes                       ;
; alu_out[5]    ; 2.5 V        ; 0 s                 ; 0 s                 ; 2.32 V                       ; 2.9e-007 V                   ; 2.35 V              ; -0.00108 V          ; 0.061 V                              ; 0.002 V                              ; 4.84e-010 s                 ; 4.97e-010 s                 ; Yes                        ; Yes                        ; 2.32 V                      ; 2.9e-007 V                  ; 2.35 V             ; -0.00108 V         ; 0.061 V                             ; 0.002 V                             ; 4.84e-010 s                ; 4.97e-010 s                ; Yes                       ; Yes                       ;
; alu_out[4]    ; 2.5 V        ; 0 s                 ; 0 s                 ; 2.32 V                       ; 2.9e-007 V                   ; 2.35 V              ; -0.00108 V          ; 0.061 V                              ; 0.002 V                              ; 4.84e-010 s                 ; 4.97e-010 s                 ; Yes                        ; Yes                        ; 2.32 V                      ; 2.9e-007 V                  ; 2.35 V             ; -0.00108 V         ; 0.061 V                             ; 0.002 V                             ; 4.84e-010 s                ; 4.97e-010 s                ; Yes                       ; Yes                       ;
; alu_out[3]    ; 2.5 V        ; 0 s                 ; 0 s                 ; 2.32 V                       ; 2.9e-007 V                   ; 2.35 V              ; -0.00108 V          ; 0.061 V                              ; 0.002 V                              ; 4.84e-010 s                 ; 4.97e-010 s                 ; Yes                        ; Yes                        ; 2.32 V                      ; 2.9e-007 V                  ; 2.35 V             ; -0.00108 V         ; 0.061 V                             ; 0.002 V                             ; 4.84e-010 s                ; 4.97e-010 s                ; Yes                       ; Yes                       ;
; alu_out[2]    ; 2.5 V        ; 0 s                 ; 0 s                 ; 2.32 V                       ; 2.9e-007 V                   ; 2.33 V              ; -0.00201 V          ; 0.092 V                              ; 0.05 V                               ; 3.78e-009 s                 ; 3.59e-009 s                 ; Yes                        ; Yes                        ; 2.32 V                      ; 2.9e-007 V                  ; 2.33 V             ; -0.00201 V         ; 0.092 V                             ; 0.05 V                              ; 3.78e-009 s                ; 3.59e-009 s                ; Yes                       ; Yes                       ;
; alu_out[1]    ; 2.5 V        ; 0 s                 ; 0 s                 ; 2.32 V                       ; 1.95e-007 V                  ; 2.34 V              ; -0.00564 V          ; 0.066 V                              ; 0.016 V                              ; 6.89e-010 s                 ; 6.77e-010 s                 ; Yes                        ; Yes                        ; 2.32 V                      ; 1.95e-007 V                 ; 2.34 V             ; -0.00564 V         ; 0.066 V                             ; 0.016 V                             ; 6.89e-010 s                ; 6.77e-010 s                ; Yes                       ; Yes                       ;
; alu_out[0]    ; 2.5 V        ; 0 s                 ; 0 s                 ; 2.32 V                       ; 1.95e-007 V                  ; 2.33 V              ; -0.00205 V          ; 0.092 V                              ; 0.051 V                              ; 3.98e-009 s                 ; 3.76e-009 s                 ; Yes                        ; Yes                        ; 2.32 V                      ; 1.95e-007 V                 ; 2.33 V             ; -0.00205 V         ; 0.092 V                             ; 0.051 V                             ; 3.98e-009 s                ; 3.76e-009 s                ; Yes                       ; Yes                       ;
; ~ALTERA_DCLK~ ; 2.5 V        ; 0 s                 ; 0 s                 ; 2.32 V                       ; 1.53e-007 V                  ; 2.34 V              ; -0.00829 V          ; 0.106 V                              ; 0.016 V                              ; 6.53e-010 s                 ; 5.54e-010 s                 ; Yes                        ; Yes                        ; 2.32 V                      ; 1.53e-007 V                 ; 2.34 V             ; -0.00829 V         ; 0.106 V                             ; 0.016 V                             ; 6.53e-010 s                ; 5.54e-010 s                ; Yes                       ; Yes                       ;
; ~ALTERA_nCEO~ ; 2.5 V        ; 0 s                 ; 0 s                 ; 2.32 V                       ; 2.51e-007 V                  ; 2.34 V              ; -0.0032 V           ; 0.118 V                              ; 0.017 V                              ; 8.67e-010 s                 ; 1.08e-009 s                 ; Yes                        ; Yes                        ; 2.32 V                      ; 2.51e-007 V                 ; 2.34 V             ; -0.0032 V          ; 0.118 V                             ; 0.017 V                             ; 8.67e-010 s                ; 1.08e-009 s                ; Yes                       ; Yes                       ;
+---------------+--------------+---------------------+---------------------+------------------------------+------------------------------+---------------------+---------------------+--------------------------------------+--------------------------------------+-----------------------------+-----------------------------+----------------------------+----------------------------+-----------------------------+-----------------------------+--------------------+--------------------+-------------------------------------+-------------------------------------+----------------------------+----------------------------+---------------------------+---------------------------+


+--------------------------------------------------------------------------------------------------------------------------------------------------------------------------------------------------------------------------------------------------------------------------------------------------------------------------------------------------------------------------------------------------------------------------------------------------------------------------------------------------------------------------------------------------------------------------------------------------------------------------------------------------------------------------------------------+
; Fast Corner Signal Integrity Metrics                                                                                                                                                                                                                                                                                                                                                                                                                                                                                                                                                                                                                                                       ;
+---------------+--------------+---------------------+---------------------+------------------------------+------------------------------+---------------------+---------------------+--------------------------------------+--------------------------------------+-----------------------------+-----------------------------+----------------------------+----------------------------+-----------------------------+-----------------------------+--------------------+--------------------+-------------------------------------+-------------------------------------+----------------------------+----------------------------+---------------------------+---------------------------+
; Pin           ; I/O Standard ; Board Delay on Rise ; Board Delay on Fall ; Steady State Voh at FPGA Pin ; Steady State Vol at FPGA Pin ; Voh Max at FPGA Pin ; Vol Min at FPGA Pin ; Ringback Voltage on Rise at FPGA Pin ; Ringback Voltage on Fall at FPGA Pin ; 10-90 Rise Time at FPGA Pin ; 90-10 Fall Time at FPGA Pin ; Monotonic Rise at FPGA Pin ; Monotonic Fall at FPGA Pin ; Steady State Voh at Far-end ; Steady State Vol at Far-end ; Voh Max at Far-end ; Vol Min at Far-end ; Ringback Voltage on Rise at Far-end ; Ringback Voltage on Fall at Far-end ; 10-90 Rise Time at Far-end ; 90-10 Fall Time at Far-end ; Monotonic Rise at Far-end ; Monotonic Fall at Far-end ;
+---------------+--------------+---------------------+---------------------+------------------------------+------------------------------+---------------------+---------------------+--------------------------------------+--------------------------------------+-----------------------------+-----------------------------+----------------------------+----------------------------+-----------------------------+-----------------------------+--------------------+--------------------+-------------------------------------+-------------------------------------+----------------------------+----------------------------+---------------------------+---------------------------+
; pin_name      ; 2.5 V        ; 0 s                 ; 0 s                 ; 2.62 V                       ; 4.11e-008 V                  ; 2.73 V              ; -0.0567 V           ; 0.191 V                              ; 0.12 V                               ; 2.69e-010 s                 ; 2.76e-010 s                 ; Yes                        ; Yes                        ; 2.62 V                      ; 4.11e-008 V                 ; 2.73 V             ; -0.0567 V          ; 0.191 V                             ; 0.12 V                              ; 2.69e-010 s                ; 2.76e-010 s                ; Yes                       ; Yes                       ;
; pc_out[31]    ; 2.5 V        ; 0 s                 ; 0 s                 ; 2.62 V                       ; 4.11e-008 V                  ; 2.64 V              ; -0.011 V            ; 0.212 V                              ; 0.198 V                              ; 2.38e-009 s                 ; 2.29e-009 s                 ; No                         ; Yes                        ; 2.62 V                      ; 4.11e-008 V                 ; 2.64 V             ; -0.011 V           ; 0.212 V                             ; 0.198 V                             ; 2.38e-009 s                ; 2.29e-009 s                ; No                        ; Yes                       ;
; pc_out[30]    ; 2.5 V        ; 0 s                 ; 0 s                 ; 2.62 V                       ; 2.78e-008 V                  ; 2.71 V              ; -0.0352 V           ; 0.253 V                              ; 0.068 V                              ; 4.96e-010 s                 ; 5.19e-010 s                 ; No                         ; Yes                        ; 2.62 V                      ; 2.78e-008 V                 ; 2.71 V             ; -0.0352 V          ; 0.253 V                             ; 0.068 V                             ; 4.96e-010 s                ; 5.19e-010 s                ; No                        ; Yes                       ;
; pc_out[29]    ; 2.5 V        ; 0 s                 ; 0 s                 ; 2.62 V                       ; 2.78e-008 V                  ; 2.64 V              ; -0.0109 V           ; 0.244 V                              ; 0.16 V                               ; 2.42e-009 s                 ; 2.37e-009 s                 ; No                         ; Yes                        ; 2.62 V                      ; 2.78e-008 V                 ; 2.64 V             ; -0.0109 V          ; 0.244 V                             ; 0.16 V                              ; 2.42e-009 s                ; 2.37e-009 s                ; No                        ; Yes                       ;
; pc_out[28]    ; 2.5 V        ; 0 s                 ; 0 s                 ; 2.62 V                       ; 4.11e-008 V                  ; 2.73 V              ; -0.0567 V           ; 0.191 V                              ; 0.12 V                               ; 2.69e-010 s                 ; 2.76e-010 s                 ; Yes                        ; Yes                        ; 2.62 V                      ; 4.11e-008 V                 ; 2.73 V             ; -0.0567 V          ; 0.191 V                             ; 0.12 V                              ; 2.69e-010 s                ; 2.76e-010 s                ; Yes                       ; Yes                       ;
; pc_out[27]    ; 2.5 V        ; 0 s                 ; 0 s                 ; 2.62 V                       ; 4.11e-008 V                  ; 2.73 V              ; -0.0567 V           ; 0.191 V                              ; 0.12 V                               ; 2.69e-010 s                 ; 2.76e-010 s                 ; Yes                        ; Yes                        ; 2.62 V                      ; 4.11e-008 V                 ; 2.73 V             ; -0.0567 V          ; 0.191 V                             ; 0.12 V                              ; 2.69e-010 s                ; 2.76e-010 s                ; Yes                       ; Yes                       ;
; pc_out[26]    ; 2.5 V        ; 0 s                 ; 0 s                 ; 2.62 V                       ; 4.11e-008 V                  ; 2.64 V              ; -0.011 V            ; 0.212 V                              ; 0.198 V                              ; 2.38e-009 s                 ; 2.29e-009 s                 ; No                         ; Yes                        ; 2.62 V                      ; 4.11e-008 V                 ; 2.64 V             ; -0.011 V           ; 0.212 V                             ; 0.198 V                             ; 2.38e-009 s                ; 2.29e-009 s                ; No                        ; Yes                       ;
; pc_out[25]    ; 2.5 V        ; 0 s                 ; 0 s                 ; 2.62 V                       ; 4.11e-008 V                  ; 2.64 V              ; -0.011 V            ; 0.212 V                              ; 0.198 V                              ; 2.38e-009 s                 ; 2.29e-009 s                 ; No                         ; Yes                        ; 2.62 V                      ; 4.11e-008 V                 ; 2.64 V             ; -0.011 V           ; 0.212 V                             ; 0.198 V                             ; 2.38e-009 s                ; 2.29e-009 s                ; No                        ; Yes                       ;
; pc_out[24]    ; 2.5 V        ; 0 s                 ; 0 s                 ; 2.62 V                       ; 4.11e-008 V                  ; 2.73 V              ; -0.0567 V           ; 0.191 V                              ; 0.12 V                               ; 2.69e-010 s                 ; 2.76e-010 s                 ; Yes                        ; Yes                        ; 2.62 V                      ; 4.11e-008 V                 ; 2.73 V             ; -0.0567 V          ; 0.191 V                             ; 0.12 V                              ; 2.69e-010 s                ; 2.76e-010 s                ; Yes                       ; Yes                       ;
; pc_out[23]    ; 2.5 V        ; 0 s                 ; 0 s                 ; 2.62 V                       ; 4.11e-008 V                  ; 2.64 V              ; -0.011 V            ; 0.212 V                              ; 0.198 V                              ; 2.38e-009 s                 ; 2.29e-009 s                 ; No                         ; Yes                        ; 2.62 V                      ; 4.11e-008 V                 ; 2.64 V             ; -0.011 V           ; 0.212 V                             ; 0.198 V                             ; 2.38e-009 s                ; 2.29e-009 s                ; No                        ; Yes                       ;
; pc_out[22]    ; 2.5 V        ; 0 s                 ; 0 s                 ; 2.62 V                       ; 4.11e-008 V                  ; 2.73 V              ; -0.0567 V           ; 0.191 V                              ; 0.12 V                               ; 2.69e-010 s                 ; 2.76e-010 s                 ; Yes                        ; Yes                        ; 2.62 V                      ; 4.11e-008 V                 ; 2.73 V             ; -0.0567 V          ; 0.191 V                             ; 0.12 V                              ; 2.69e-010 s                ; 2.76e-010 s                ; Yes                       ; Yes                       ;
; pc_out[21]    ; 2.5 V        ; 0 s                 ; 0 s                 ; 2.62 V                       ; 4.11e-008 V                  ; 2.73 V              ; -0.0567 V           ; 0.191 V                              ; 0.12 V                               ; 2.69e-010 s                 ; 2.76e-010 s                 ; Yes                        ; Yes                        ; 2.62 V                      ; 4.11e-008 V                 ; 2.73 V             ; -0.0567 V          ; 0.191 V                             ; 0.12 V                              ; 2.69e-010 s                ; 2.76e-010 s                ; Yes                       ; Yes                       ;
; pc_out[20]    ; 2.5 V        ; 0 s                 ; 0 s                 ; 2.62 V                       ; 4.11e-008 V                  ; 2.64 V              ; -0.011 V            ; 0.212 V                              ; 0.198 V                              ; 2.38e-009 s                 ; 2.29e-009 s                 ; No                         ; Yes                        ; 2.62 V                      ; 4.11e-008 V                 ; 2.64 V             ; -0.011 V           ; 0.212 V                             ; 0.198 V                             ; 2.38e-009 s                ; 2.29e-009 s                ; No                        ; Yes                       ;
; pc_out[19]    ; 2.5 V        ; 0 s                 ; 0 s                 ; 2.62 V                       ; 4.11e-008 V                  ; 2.73 V              ; -0.0567 V           ; 0.191 V                              ; 0.12 V                               ; 2.69e-010 s                 ; 2.76e-010 s                 ; Yes                        ; Yes                        ; 2.62 V                      ; 4.11e-008 V                 ; 2.73 V             ; -0.0567 V          ; 0.191 V                             ; 0.12 V                              ; 2.69e-010 s                ; 2.76e-010 s                ; Yes                       ; Yes                       ;
; pc_out[18]    ; 2.5 V        ; 0 s                 ; 0 s                 ; 2.62 V                       ; 4.11e-008 V                  ; 2.73 V              ; -0.0567 V           ; 0.191 V                              ; 0.12 V                               ; 2.69e-010 s                 ; 2.76e-010 s                 ; Yes                        ; Yes                        ; 2.62 V                      ; 4.11e-008 V                 ; 2.73 V             ; -0.0567 V          ; 0.191 V                             ; 0.12 V                              ; 2.69e-010 s                ; 2.76e-010 s                ; Yes                       ; Yes                       ;
; pc_out[17]    ; 2.5 V        ; 0 s                 ; 0 s                 ; 2.62 V                       ; 4.11e-008 V                  ; 2.73 V              ; -0.0567 V           ; 0.191 V                              ; 0.12 V                               ; 2.69e-010 s                 ; 2.76e-010 s                 ; Yes                        ; Yes                        ; 2.62 V                      ; 4.11e-008 V                 ; 2.73 V             ; -0.0567 V          ; 0.191 V                             ; 0.12 V                              ; 2.69e-010 s                ; 2.76e-010 s                ; Yes                       ; Yes                       ;
; pc_out[16]    ; 2.5 V        ; 0 s                 ; 0 s                 ; 2.62 V                       ; 4.11e-008 V                  ; 2.73 V              ; -0.0567 V           ; 0.191 V                              ; 0.12 V                               ; 2.69e-010 s                 ; 2.76e-010 s                 ; Yes                        ; Yes                        ; 2.62 V                      ; 4.11e-008 V                 ; 2.73 V             ; -0.0567 V          ; 0.191 V                             ; 0.12 V                              ; 2.69e-010 s                ; 2.76e-010 s                ; Yes                       ; Yes                       ;
; pc_out[15]    ; 2.5 V        ; 0 s                 ; 0 s                 ; 2.62 V                       ; 4.11e-008 V                  ; 2.64 V              ; -0.011 V            ; 0.212 V                              ; 0.198 V                              ; 2.38e-009 s                 ; 2.29e-009 s                 ; No                         ; Yes                        ; 2.62 V                      ; 4.11e-008 V                 ; 2.64 V             ; -0.011 V           ; 0.212 V                             ; 0.198 V                             ; 2.38e-009 s                ; 2.29e-009 s                ; No                        ; Yes                       ;
; pc_out[14]    ; 2.5 V        ; 0 s                 ; 0 s                 ; 2.62 V                       ; 4.11e-008 V                  ; 2.73 V              ; -0.0567 V           ; 0.191 V                              ; 0.12 V                               ; 2.69e-010 s                 ; 2.76e-010 s                 ; Yes                        ; Yes                        ; 2.62 V                      ; 4.11e-008 V                 ; 2.73 V             ; -0.0567 V          ; 0.191 V                             ; 0.12 V                              ; 2.69e-010 s                ; 2.76e-010 s                ; Yes                       ; Yes                       ;
; pc_out[13]    ; 2.5 V        ; 0 s                 ; 0 s                 ; 2.62 V                       ; 4.11e-008 V                  ; 2.73 V              ; -0.0567 V           ; 0.191 V                              ; 0.12 V                               ; 2.69e-010 s                 ; 2.76e-010 s                 ; Yes                        ; Yes                        ; 2.62 V                      ; 4.11e-008 V                 ; 2.73 V             ; -0.0567 V          ; 0.191 V                             ; 0.12 V                              ; 2.69e-010 s                ; 2.76e-010 s                ; Yes                       ; Yes                       ;
; pc_out[12]    ; 2.5 V        ; 0 s                 ; 0 s                 ; 2.62 V                       ; 2.78e-008 V                  ; 2.71 V              ; -0.0352 V           ; 0.253 V                              ; 0.068 V                              ; 4.96e-010 s                 ; 5.19e-010 s                 ; No                         ; Yes                        ; 2.62 V                      ; 2.78e-008 V                 ; 2.71 V             ; -0.0352 V          ; 0.253 V                             ; 0.068 V                             ; 4.96e-010 s                ; 5.19e-010 s                ; No                        ; Yes                       ;
; pc_out[11]    ; 2.5 V        ; 0 s                 ; 0 s                 ; 2.62 V                       ; 2.78e-008 V                  ; 2.71 V              ; -0.0352 V           ; 0.253 V                              ; 0.068 V                              ; 4.96e-010 s                 ; 5.19e-010 s                 ; No                         ; Yes                        ; 2.62 V                      ; 2.78e-008 V                 ; 2.71 V             ; -0.0352 V          ; 0.253 V                             ; 0.068 V                             ; 4.96e-010 s                ; 5.19e-010 s                ; No                        ; Yes                       ;
; pc_out[10]    ; 2.5 V        ; 0 s                 ; 0 s                 ; 2.62 V                       ; 2.78e-008 V                  ; 2.71 V              ; -0.0352 V           ; 0.253 V                              ; 0.068 V                              ; 4.96e-010 s                 ; 5.19e-010 s                 ; No                         ; Yes                        ; 2.62 V                      ; 2.78e-008 V                 ; 2.71 V             ; -0.0352 V          ; 0.253 V                             ; 0.068 V                             ; 4.96e-010 s                ; 5.19e-010 s                ; No                        ; Yes                       ;
; pc_out[9]     ; 2.5 V        ; 0 s                 ; 0 s                 ; 2.62 V                       ; 4.11e-008 V                  ; 2.73 V              ; -0.0567 V           ; 0.191 V                              ; 0.12 V                               ; 2.69e-010 s                 ; 2.76e-010 s                 ; Yes                        ; Yes                        ; 2.62 V                      ; 4.11e-008 V                 ; 2.73 V             ; -0.0567 V          ; 0.191 V                             ; 0.12 V                              ; 2.69e-010 s                ; 2.76e-010 s                ; Yes                       ; Yes                       ;
; pc_out[8]     ; 2.5 V        ; 0 s                 ; 0 s                 ; 2.62 V                       ; 4.11e-008 V                  ; 2.73 V              ; -0.0567 V           ; 0.191 V                              ; 0.12 V                               ; 2.69e-010 s                 ; 2.76e-010 s                 ; Yes                        ; Yes                        ; 2.62 V                      ; 4.11e-008 V                 ; 2.73 V             ; -0.0567 V          ; 0.191 V                             ; 0.12 V                              ; 2.69e-010 s                ; 2.76e-010 s                ; Yes                       ; Yes                       ;
; pc_out[7]     ; 2.5 V        ; 0 s                 ; 0 s                 ; 2.62 V                       ; 2.78e-008 V                  ; 2.72 V              ; -0.0395 V           ; 0.163 V                              ; 0.079 V                              ; 4.51e-010 s                 ; 4.33e-010 s                 ; No                         ; Yes                        ; 2.62 V                      ; 2.78e-008 V                 ; 2.72 V             ; -0.0395 V          ; 0.163 V                             ; 0.079 V                             ; 4.51e-010 s                ; 4.33e-010 s                ; No                        ; Yes                       ;
; pc_out[6]     ; 2.5 V        ; 0 s                 ; 0 s                 ; 2.62 V                       ; 4.11e-008 V                  ; 2.73 V              ; -0.0567 V           ; 0.191 V                              ; 0.12 V                               ; 2.69e-010 s                 ; 2.76e-010 s                 ; Yes                        ; Yes                        ; 2.62 V                      ; 4.11e-008 V                 ; 2.73 V             ; -0.0567 V          ; 0.191 V                             ; 0.12 V                              ; 2.69e-010 s                ; 2.76e-010 s                ; Yes                       ; Yes                       ;
; pc_out[5]     ; 2.5 V        ; 0 s                 ; 0 s                 ; 2.62 V                       ; 4.11e-008 V                  ; 2.73 V              ; -0.0567 V           ; 0.191 V                              ; 0.12 V                               ; 2.69e-010 s                 ; 2.76e-010 s                 ; Yes                        ; Yes                        ; 2.62 V                      ; 4.11e-008 V                 ; 2.73 V             ; -0.0567 V          ; 0.191 V                             ; 0.12 V                              ; 2.69e-010 s                ; 2.76e-010 s                ; Yes                       ; Yes                       ;
; pc_out[4]     ; 2.5 V        ; 0 s                 ; 0 s                 ; 2.62 V                       ; 4.11e-008 V                  ; 2.64 V              ; -0.011 V            ; 0.212 V                              ; 0.198 V                              ; 2.38e-009 s                 ; 2.29e-009 s                 ; No                         ; Yes                        ; 2.62 V                      ; 4.11e-008 V                 ; 2.64 V             ; -0.011 V           ; 0.212 V                             ; 0.198 V                             ; 2.38e-009 s                ; 2.29e-009 s                ; No                        ; Yes                       ;
; pc_out[3]     ; 2.5 V        ; 0 s                 ; 0 s                 ; 2.62 V                       ; 2.78e-008 V                  ; 2.64 V              ; -0.0109 V           ; 0.244 V                              ; 0.16 V                               ; 2.42e-009 s                 ; 2.37e-009 s                 ; No                         ; Yes                        ; 2.62 V                      ; 2.78e-008 V                 ; 2.64 V             ; -0.0109 V          ; 0.244 V                             ; 0.16 V                              ; 2.42e-009 s                ; 2.37e-009 s                ; No                        ; Yes                       ;
; pc_out[2]     ; 2.5 V        ; 0 s                 ; 0 s                 ; 2.62 V                       ; 2.78e-008 V                  ; 2.71 V              ; -0.0352 V           ; 0.253 V                              ; 0.068 V                              ; 4.96e-010 s                 ; 5.19e-010 s                 ; No                         ; Yes                        ; 2.62 V                      ; 2.78e-008 V                 ; 2.71 V             ; -0.0352 V          ; 0.253 V                             ; 0.068 V                             ; 4.96e-010 s                ; 5.19e-010 s                ; No                        ; Yes                       ;
; pc_out[1]     ; 2.5 V        ; 0 s                 ; 0 s                 ; 2.62 V                       ; 2.78e-008 V                  ; 2.71 V              ; -0.0352 V           ; 0.253 V                              ; 0.068 V                              ; 4.96e-010 s                 ; 5.19e-010 s                 ; No                         ; Yes                        ; 2.62 V                      ; 2.78e-008 V                 ; 2.71 V             ; -0.0352 V          ; 0.253 V                             ; 0.068 V                             ; 4.96e-010 s                ; 5.19e-010 s                ; No                        ; Yes                       ;
; pc_out[0]     ; 2.5 V        ; 0 s                 ; 0 s                 ; 2.62 V                       ; 4.11e-008 V                  ; 2.73 V              ; -0.0567 V           ; 0.191 V                              ; 0.12 V                               ; 2.69e-010 s                 ; 2.76e-010 s                 ; Yes                        ; Yes                        ; 2.62 V                      ; 4.11e-008 V                 ; 2.73 V             ; -0.0567 V          ; 0.191 V                             ; 0.12 V                              ; 2.69e-010 s                ; 2.76e-010 s                ; Yes                       ; Yes                       ;
; pin_name12    ; 2.5 V        ; 0 s                 ; 0 s                 ; 2.62 V                       ; 4.11e-008 V                  ; 2.73 V              ; -0.0567 V           ; 0.191 V                              ; 0.12 V                               ; 2.69e-010 s                 ; 2.76e-010 s                 ; Yes                        ; Yes                        ; 2.62 V                      ; 4.11e-008 V                 ; 2.73 V             ; -0.0567 V          ; 0.191 V                             ; 0.12 V                              ; 2.69e-010 s                ; 2.76e-010 s                ; Yes                       ; Yes                       ;
; pin_name13    ; 2.5 V        ; 0 s                 ; 0 s                 ; 2.62 V                       ; 4.11e-008 V                  ; 2.73 V              ; -0.0567 V           ; 0.191 V                              ; 0.12 V                               ; 2.69e-010 s                 ; 2.76e-010 s                 ; Yes                        ; Yes                        ; 2.62 V                      ; 4.11e-008 V                 ; 2.73 V             ; -0.0567 V          ; 0.191 V                             ; 0.12 V                              ; 2.69e-010 s                ; 2.76e-010 s                ; Yes                       ; Yes                       ;
; alu_out[31]   ; 2.5 V        ; 0 s                 ; 0 s                 ; 2.62 V                       ; 2.78e-008 V                  ; 2.71 V              ; -0.0352 V           ; 0.253 V                              ; 0.068 V                              ; 4.96e-010 s                 ; 5.19e-010 s                 ; No                         ; Yes                        ; 2.62 V                      ; 2.78e-008 V                 ; 2.71 V             ; -0.0352 V          ; 0.253 V                             ; 0.068 V                             ; 4.96e-010 s                ; 5.19e-010 s                ; No                        ; Yes                       ;
; alu_out[30]   ; 2.5 V        ; 0 s                 ; 0 s                 ; 2.62 V                       ; 2.78e-008 V                  ; 2.71 V              ; -0.0352 V           ; 0.253 V                              ; 0.068 V                              ; 4.96e-010 s                 ; 5.19e-010 s                 ; No                         ; Yes                        ; 2.62 V                      ; 2.78e-008 V                 ; 2.71 V             ; -0.0352 V          ; 0.253 V                             ; 0.068 V                             ; 4.96e-010 s                ; 5.19e-010 s                ; No                        ; Yes                       ;
; alu_out[29]   ; 2.5 V        ; 0 s                 ; 0 s                 ; 2.62 V                       ; 2.78e-008 V                  ; 2.64 V              ; -0.0109 V           ; 0.244 V                              ; 0.16 V                               ; 2.42e-009 s                 ; 2.37e-009 s                 ; No                         ; Yes                        ; 2.62 V                      ; 2.78e-008 V                 ; 2.64 V             ; -0.0109 V          ; 0.244 V                             ; 0.16 V                              ; 2.42e-009 s                ; 2.37e-009 s                ; No                        ; Yes                       ;
; alu_out[28]   ; 2.5 V        ; 0 s                 ; 0 s                 ; 2.62 V                       ; 2.78e-008 V                  ; 2.71 V              ; -0.0352 V           ; 0.253 V                              ; 0.068 V                              ; 4.96e-010 s                 ; 5.19e-010 s                 ; No                         ; Yes                        ; 2.62 V                      ; 2.78e-008 V                 ; 2.71 V             ; -0.0352 V          ; 0.253 V                             ; 0.068 V                             ; 4.96e-010 s                ; 5.19e-010 s                ; No                        ; Yes                       ;
; alu_out[27]   ; 2.5 V        ; 0 s                 ; 0 s                 ; 2.62 V                       ; 2.78e-008 V                  ; 2.71 V              ; -0.0352 V           ; 0.253 V                              ; 0.068 V                              ; 4.96e-010 s                 ; 5.19e-010 s                 ; No                         ; Yes                        ; 2.62 V                      ; 2.78e-008 V                 ; 2.71 V             ; -0.0352 V          ; 0.253 V                             ; 0.068 V                             ; 4.96e-010 s                ; 5.19e-010 s                ; No                        ; Yes                       ;
; alu_out[26]   ; 2.5 V        ; 0 s                 ; 0 s                 ; 2.62 V                       ; 2.78e-008 V                  ; 2.71 V              ; -0.0352 V           ; 0.253 V                              ; 0.068 V                              ; 4.96e-010 s                 ; 5.19e-010 s                 ; No                         ; Yes                        ; 2.62 V                      ; 2.78e-008 V                 ; 2.71 V             ; -0.0352 V          ; 0.253 V                             ; 0.068 V                             ; 4.96e-010 s                ; 5.19e-010 s                ; No                        ; Yes                       ;
; alu_out[25]   ; 2.5 V        ; 0 s                 ; 0 s                 ; 2.62 V                       ; 2.78e-008 V                  ; 2.64 V              ; -0.0109 V           ; 0.244 V                              ; 0.16 V                               ; 2.42e-009 s                 ; 2.37e-009 s                 ; No                         ; Yes                        ; 2.62 V                      ; 2.78e-008 V                 ; 2.64 V             ; -0.0109 V          ; 0.244 V                             ; 0.16 V                              ; 2.42e-009 s                ; 2.37e-009 s                ; No                        ; Yes                       ;
; alu_out[24]   ; 2.5 V        ; 0 s                 ; 0 s                 ; 2.62 V                       ; 2.78e-008 V                  ; 2.64 V              ; -0.0109 V           ; 0.244 V                              ; 0.16 V                               ; 2.42e-009 s                 ; 2.37e-009 s                 ; No                         ; Yes                        ; 2.62 V                      ; 2.78e-008 V                 ; 2.64 V             ; -0.0109 V          ; 0.244 V                             ; 0.16 V                              ; 2.42e-009 s                ; 2.37e-009 s                ; No                        ; Yes                       ;
; alu_out[23]   ; 2.5 V        ; 0 s                 ; 0 s                 ; 2.62 V                       ; 2.78e-008 V                  ; 2.71 V              ; -0.0352 V           ; 0.253 V                              ; 0.068 V                              ; 4.96e-010 s                 ; 5.19e-010 s                 ; No                         ; Yes                        ; 2.62 V                      ; 2.78e-008 V                 ; 2.71 V             ; -0.0352 V          ; 0.253 V                             ; 0.068 V                             ; 4.96e-010 s                ; 5.19e-010 s                ; No                        ; Yes                       ;
; alu_out[22]   ; 2.5 V        ; 0 s                 ; 0 s                 ; 2.62 V                       ; 2.78e-008 V                  ; 2.71 V              ; -0.0352 V           ; 0.253 V                              ; 0.068 V                              ; 4.96e-010 s                 ; 5.19e-010 s                 ; No                         ; Yes                        ; 2.62 V                      ; 2.78e-008 V                 ; 2.71 V             ; -0.0352 V          ; 0.253 V                             ; 0.068 V                             ; 4.96e-010 s                ; 5.19e-010 s                ; No                        ; Yes                       ;
; alu_out[21]   ; 2.5 V        ; 0 s                 ; 0 s                 ; 2.62 V                       ; 2.78e-008 V                  ; 2.71 V              ; -0.0352 V           ; 0.253 V                              ; 0.068 V                              ; 4.96e-010 s                 ; 5.19e-010 s                 ; No                         ; Yes                        ; 2.62 V                      ; 2.78e-008 V                 ; 2.71 V             ; -0.0352 V          ; 0.253 V                             ; 0.068 V                             ; 4.96e-010 s                ; 5.19e-010 s                ; No                        ; Yes                       ;
; alu_out[20]   ; 2.5 V        ; 0 s                 ; 0 s                 ; 2.62 V                       ; 2.78e-008 V                  ; 2.64 V              ; -0.0109 V           ; 0.244 V                              ; 0.16 V                               ; 2.42e-009 s                 ; 2.37e-009 s                 ; No                         ; Yes                        ; 2.62 V                      ; 2.78e-008 V                 ; 2.64 V             ; -0.0109 V          ; 0.244 V                             ; 0.16 V                              ; 2.42e-009 s                ; 2.37e-009 s                ; No                        ; Yes                       ;
; alu_out[19]   ; 2.5 V        ; 0 s                 ; 0 s                 ; 2.62 V                       ; 2.78e-008 V                  ; 2.71 V              ; -0.0352 V           ; 0.253 V                              ; 0.068 V                              ; 4.96e-010 s                 ; 5.19e-010 s                 ; No                         ; Yes                        ; 2.62 V                      ; 2.78e-008 V                 ; 2.71 V             ; -0.0352 V          ; 0.253 V                             ; 0.068 V                             ; 4.96e-010 s                ; 5.19e-010 s                ; No                        ; Yes                       ;
; alu_out[18]   ; 2.5 V        ; 0 s                 ; 0 s                 ; 2.62 V                       ; 2.78e-008 V                  ; 2.71 V              ; -0.0352 V           ; 0.253 V                              ; 0.068 V                              ; 4.96e-010 s                 ; 5.19e-010 s                 ; No                         ; Yes                        ; 2.62 V                      ; 2.78e-008 V                 ; 2.71 V             ; -0.0352 V          ; 0.253 V                             ; 0.068 V                             ; 4.96e-010 s                ; 5.19e-010 s                ; No                        ; Yes                       ;
; alu_out[17]   ; 2.5 V        ; 0 s                 ; 0 s                 ; 2.62 V                       ; 2.78e-008 V                  ; 2.72 V              ; -0.0395 V           ; 0.163 V                              ; 0.079 V                              ; 4.51e-010 s                 ; 4.33e-010 s                 ; No                         ; Yes                        ; 2.62 V                      ; 2.78e-008 V                 ; 2.72 V             ; -0.0395 V          ; 0.163 V                             ; 0.079 V                             ; 4.51e-010 s                ; 4.33e-010 s                ; No                        ; Yes                       ;
; alu_out[16]   ; 2.5 V        ; 0 s                 ; 0 s                 ; 2.62 V                       ; 2.78e-008 V                  ; 2.72 V              ; -0.0395 V           ; 0.163 V                              ; 0.079 V                              ; 4.51e-010 s                 ; 4.33e-010 s                 ; No                         ; Yes                        ; 2.62 V                      ; 2.78e-008 V                 ; 2.72 V             ; -0.0395 V          ; 0.163 V                             ; 0.079 V                             ; 4.51e-010 s                ; 4.33e-010 s                ; No                        ; Yes                       ;
; alu_out[15]   ; 2.5 V        ; 0 s                 ; 0 s                 ; 2.62 V                       ; 2.78e-008 V                  ; 2.72 V              ; -0.0395 V           ; 0.163 V                              ; 0.079 V                              ; 4.51e-010 s                 ; 4.33e-010 s                 ; No                         ; Yes                        ; 2.62 V                      ; 2.78e-008 V                 ; 2.72 V             ; -0.0395 V          ; 0.163 V                             ; 0.079 V                             ; 4.51e-010 s                ; 4.33e-010 s                ; No                        ; Yes                       ;
; alu_out[14]   ; 2.5 V        ; 0 s                 ; 0 s                 ; 2.62 V                       ; 4.11e-008 V                  ; 2.73 V              ; -0.0567 V           ; 0.191 V                              ; 0.12 V                               ; 2.69e-010 s                 ; 2.76e-010 s                 ; Yes                        ; Yes                        ; 2.62 V                      ; 4.11e-008 V                 ; 2.73 V             ; -0.0567 V          ; 0.191 V                             ; 0.12 V                              ; 2.69e-010 s                ; 2.76e-010 s                ; Yes                       ; Yes                       ;
; alu_out[13]   ; 2.5 V        ; 0 s                 ; 0 s                 ; 2.62 V                       ; 4.11e-008 V                  ; 2.73 V              ; -0.0567 V           ; 0.191 V                              ; 0.12 V                               ; 2.69e-010 s                 ; 2.76e-010 s                 ; Yes                        ; Yes                        ; 2.62 V                      ; 4.11e-008 V                 ; 2.73 V             ; -0.0567 V          ; 0.191 V                             ; 0.12 V                              ; 2.69e-010 s                ; 2.76e-010 s                ; Yes                       ; Yes                       ;
; alu_out[12]   ; 2.5 V        ; 0 s                 ; 0 s                 ; 2.62 V                       ; 4.11e-008 V                  ; 2.64 V              ; -0.011 V            ; 0.212 V                              ; 0.198 V                              ; 2.38e-009 s                 ; 2.29e-009 s                 ; No                         ; Yes                        ; 2.62 V                      ; 4.11e-008 V                 ; 2.64 V             ; -0.011 V           ; 0.212 V                             ; 0.198 V                             ; 2.38e-009 s                ; 2.29e-009 s                ; No                        ; Yes                       ;
; alu_out[11]   ; 2.5 V        ; 0 s                 ; 0 s                 ; 2.62 V                       ; 4.11e-008 V                  ; 2.73 V              ; -0.0567 V           ; 0.191 V                              ; 0.12 V                               ; 2.69e-010 s                 ; 2.76e-010 s                 ; Yes                        ; Yes                        ; 2.62 V                      ; 4.11e-008 V                 ; 2.73 V             ; -0.0567 V          ; 0.191 V                             ; 0.12 V                              ; 2.69e-010 s                ; 2.76e-010 s                ; Yes                       ; Yes                       ;
; alu_out[10]   ; 2.5 V        ; 0 s                 ; 0 s                 ; 2.62 V                       ; 4.11e-008 V                  ; 2.73 V              ; -0.0567 V           ; 0.191 V                              ; 0.12 V                               ; 2.69e-010 s                 ; 2.76e-010 s                 ; Yes                        ; Yes                        ; 2.62 V                      ; 4.11e-008 V                 ; 2.73 V             ; -0.0567 V          ; 0.191 V                             ; 0.12 V                              ; 2.69e-010 s                ; 2.76e-010 s                ; Yes                       ; Yes                       ;
; alu_out[9]    ; 2.5 V        ; 0 s                 ; 0 s                 ; 2.62 V                       ; 4.11e-008 V                  ; 2.73 V              ; -0.0567 V           ; 0.191 V                              ; 0.12 V                               ; 2.69e-010 s                 ; 2.76e-010 s                 ; Yes                        ; Yes                        ; 2.62 V                      ; 4.11e-008 V                 ; 2.73 V             ; -0.0567 V          ; 0.191 V                             ; 0.12 V                              ; 2.69e-010 s                ; 2.76e-010 s                ; Yes                       ; Yes                       ;
; alu_out[8]    ; 2.5 V        ; 0 s                 ; 0 s                 ; 2.62 V                       ; 4.11e-008 V                  ; 2.73 V              ; -0.0567 V           ; 0.191 V                              ; 0.12 V                               ; 2.69e-010 s                 ; 2.76e-010 s                 ; Yes                        ; Yes                        ; 2.62 V                      ; 4.11e-008 V                 ; 2.73 V             ; -0.0567 V          ; 0.191 V                             ; 0.12 V                              ; 2.69e-010 s                ; 2.76e-010 s                ; Yes                       ; Yes                       ;
; alu_out[7]    ; 2.5 V        ; 0 s                 ; 0 s                 ; 2.62 V                       ; 4.11e-008 V                  ; 2.64 V              ; -0.011 V            ; 0.212 V                              ; 0.198 V                              ; 2.38e-009 s                 ; 2.29e-009 s                 ; No                         ; Yes                        ; 2.62 V                      ; 4.11e-008 V                 ; 2.64 V             ; -0.011 V           ; 0.212 V                             ; 0.198 V                             ; 2.38e-009 s                ; 2.29e-009 s                ; No                        ; Yes                       ;
; alu_out[6]    ; 2.5 V        ; 0 s                 ; 0 s                 ; 2.62 V                       ; 4.11e-008 V                  ; 2.64 V              ; -0.011 V            ; 0.212 V                              ; 0.198 V                              ; 2.38e-009 s                 ; 2.29e-009 s                 ; No                         ; Yes                        ; 2.62 V                      ; 4.11e-008 V                 ; 2.64 V             ; -0.011 V           ; 0.212 V                             ; 0.198 V                             ; 2.38e-009 s                ; 2.29e-009 s                ; No                        ; Yes                       ;
; alu_out[5]    ; 2.5 V        ; 0 s                 ; 0 s                 ; 2.62 V                       ; 4.11e-008 V                  ; 2.73 V              ; -0.0567 V           ; 0.191 V                              ; 0.12 V                               ; 2.69e-010 s                 ; 2.76e-010 s                 ; Yes                        ; Yes                        ; 2.62 V                      ; 4.11e-008 V                 ; 2.73 V             ; -0.0567 V          ; 0.191 V                             ; 0.12 V                              ; 2.69e-010 s                ; 2.76e-010 s                ; Yes                       ; Yes                       ;
; alu_out[4]    ; 2.5 V        ; 0 s                 ; 0 s                 ; 2.62 V                       ; 4.11e-008 V                  ; 2.73 V              ; -0.0567 V           ; 0.191 V                              ; 0.12 V                               ; 2.69e-010 s                 ; 2.76e-010 s                 ; Yes                        ; Yes                        ; 2.62 V                      ; 4.11e-008 V                 ; 2.73 V             ; -0.0567 V          ; 0.191 V                             ; 0.12 V                              ; 2.69e-010 s                ; 2.76e-010 s                ; Yes                       ; Yes                       ;
; alu_out[3]    ; 2.5 V        ; 0 s                 ; 0 s                 ; 2.62 V                       ; 4.11e-008 V                  ; 2.73 V              ; -0.0567 V           ; 0.191 V                              ; 0.12 V                               ; 2.69e-010 s                 ; 2.76e-010 s                 ; Yes                        ; Yes                        ; 2.62 V                      ; 4.11e-008 V                 ; 2.73 V             ; -0.0567 V          ; 0.191 V                             ; 0.12 V                              ; 2.69e-010 s                ; 2.76e-010 s                ; Yes                       ; Yes                       ;
; alu_out[2]    ; 2.5 V        ; 0 s                 ; 0 s                 ; 2.62 V                       ; 4.11e-008 V                  ; 2.64 V              ; -0.011 V            ; 0.212 V                              ; 0.198 V                              ; 2.38e-009 s                 ; 2.29e-009 s                 ; No                         ; Yes                        ; 2.62 V                      ; 4.11e-008 V                 ; 2.64 V             ; -0.011 V           ; 0.212 V                             ; 0.198 V                             ; 2.38e-009 s                ; 2.29e-009 s                ; No                        ; Yes                       ;
; alu_out[1]    ; 2.5 V        ; 0 s                 ; 0 s                 ; 2.62 V                       ; 2.78e-008 V                  ; 2.72 V              ; -0.0395 V           ; 0.163 V                              ; 0.079 V                              ; 4.51e-010 s                 ; 4.33e-010 s                 ; No                         ; Yes                        ; 2.62 V                      ; 2.78e-008 V                 ; 2.72 V             ; -0.0395 V          ; 0.163 V                             ; 0.079 V                             ; 4.51e-010 s                ; 4.33e-010 s                ; No                        ; Yes                       ;
; alu_out[0]    ; 2.5 V        ; 0 s                 ; 0 s                 ; 2.62 V                       ; 2.78e-008 V                  ; 2.64 V              ; -0.0109 V           ; 0.244 V                              ; 0.16 V                               ; 2.42e-009 s                 ; 2.37e-009 s                 ; No                         ; Yes                        ; 2.62 V                      ; 2.78e-008 V                 ; 2.64 V             ; -0.0109 V          ; 0.244 V                             ; 0.16 V                              ; 2.42e-009 s                ; 2.37e-009 s                ; No                        ; Yes                       ;
; ~ALTERA_DCLK~ ; 2.5 V        ; 0 s                 ; 0 s                 ; 2.62 V                       ; 2.19e-008 V                  ; 2.72 V              ; -0.0746 V           ; 0.28 V                               ; 0.169 V                              ; 3.1e-010 s                  ; 3.01e-010 s                 ; No                         ; Yes                        ; 2.62 V                      ; 2.19e-008 V                 ; 2.72 V             ; -0.0746 V          ; 0.28 V                              ; 0.169 V                             ; 3.1e-010 s                 ; 3.01e-010 s                ; No                        ; Yes                       ;
; ~ALTERA_nCEO~ ; 2.5 V        ; 0 s                 ; 0 s                 ; 2.62 V                       ; 3.53e-008 V                  ; 2.7 V               ; -0.021 V            ; 0.204 V                              ; 0.048 V                              ; 4.85e-010 s                 ; 6.74e-010 s                 ; No                         ; Yes                        ; 2.62 V                      ; 3.53e-008 V                 ; 2.7 V              ; -0.021 V           ; 0.204 V                             ; 0.048 V                             ; 4.85e-010 s                ; 6.74e-010 s                ; No                        ; Yes                       ;
+---------------+--------------+---------------------+---------------------+------------------------------+------------------------------+---------------------+---------------------+--------------------------------------+--------------------------------------+-----------------------------+-----------------------------+----------------------------+----------------------------+-----------------------------+-----------------------------+--------------------+--------------------+-------------------------------------+-------------------------------------+----------------------------+----------------------------+---------------------------+---------------------------+


+-------------------------------------------------------------------+
; Setup Transfers                                                   ;
+------------+----------+----------+----------+----------+----------+
; From Clock ; To Clock ; RR Paths ; FR Paths ; RF Paths ; FF Paths ;
+------------+----------+----------+----------+----------+----------+
; clk        ; clk      ; 78795    ; 0        ; 0        ; 0        ;
+------------+----------+----------+----------+----------+----------+
Entries labeled "false path" only account for clock-to-clock false paths and not path-based false paths. As a result, actual path counts may be lower than reported.


+-------------------------------------------------------------------+
; Hold Transfers                                                    ;
+------------+----------+----------+----------+----------+----------+
; From Clock ; To Clock ; RR Paths ; FR Paths ; RF Paths ; FF Paths ;
+------------+----------+----------+----------+----------+----------+
; clk        ; clk      ; 78795    ; 0        ; 0        ; 0        ;
+------------+----------+----------+----------+----------+----------+
Entries labeled "false path" only account for clock-to-clock false paths and not path-based false paths. As a result, actual path counts may be lower than reported.


---------------
; Report TCCS ;
---------------
No dedicated SERDES Transmitter circuitry present in device or used in design.


---------------
; Report RSKM ;
---------------
No dedicated SERDES Receiver circuitry present in device or used in design.


+------------------------------------------------+
; Unconstrained Paths                            ;
+---------------------------------+-------+------+
; Property                        ; Setup ; Hold ;
+---------------------------------+-------+------+
; Illegal Clocks                  ; 0     ; 0    ;
; Unconstrained Clocks            ; 0     ; 0    ;
; Unconstrained Input Ports       ; 1     ; 1    ;
; Unconstrained Input Port Paths  ; 30    ; 30   ;
; Unconstrained Output Ports      ; 62    ; 62   ;
; Unconstrained Output Port Paths ; 2966  ; 2966 ;
+---------------------------------+-------+------+


+------------------------------------+
; TimeQuest Timing Analyzer Messages ;
+------------------------------------+
Info: *******************************************************************
Info: Running Quartus II TimeQuest Timing Analyzer
    Info: Version 9.0 Build 132 02/25/2009 SJ Full Version
    Info: Processing started: Wed Oct 18 16:56:15 2023
Info: Command: quartus_sta risc5 -c risc5
Info: qsta_default_script.tcl version: #3
Info: Parallel compilation is enabled and will use 4 of the 4 processors detected
Info: Core supply voltage is 1.2V
Info: Low junction temperature is 0 degrees C
Info: High junction temperature is 85 degrees C
Critical Warning: Synopsys Design Constraints File file not found: 'risc5.sdc'. A Synopsys Design Constraints File is required by the TimeQuest Timing Analyzer to get proper timing constraints. Without it, the Compiler will not properly optimize the design.
Info: No user constrained base clocks found in the design. Calling "derive_clocks -period 1.0"
Info: Deriving Clocks
    Info: create_clock -period 1.000 -name clk clk
Critical Warning: The following clock transfers have no clock uncertainty assignment. For more accurate results, apply clock uncertainty assignments or use the derive_clock_uncertainty command.
    Critical Warning: From clk (Rise) to clk (Rise) (setup and hold)
Info: Analyzing Slow 1200mV 85C Model
Critical Warning: Timing requirements not met
Info: Worst-case setup slack is -10.899
    Info:     Slack End Point TNS Clock 
    Info: ========= ============= =====================
    Info:   -10.899     -1182.454 clk 
Info: Worst-case hold slack is 0.464
    Info:     Slack End Point TNS Clock 
    Info: ========= ============= =====================
    Info:     0.464         0.000 clk 
Info: No recovery paths to report
Info: No removal paths to report
Critical Warning: Found minimum pulse width or period violations. See Report Minimum Pulse Width for details.
Info: The Metastability Analysis global option is set to OFF.
Info: No synchronizer chains to report.
Info: Analyzing Slow 1200mV 0C Model
Info: Started post-fitting delay annotation
Info: Delay annotation completed successfully
Critical Warning: The following clock transfers have no clock uncertainty assignment. For more accurate results, apply clock uncertainty assignments or use the derive_clock_uncertainty command.
    Critical Warning: From clk (Rise) to clk (Rise) (setup and hold)
Critical Warning: Timing requirements not met
Info: Worst-case setup slack is -10.089
    Info:     Slack End Point TNS Clock 
    Info: ========= ============= =====================
    Info:   -10.089     -1100.249 clk 
Info: Worst-case hold slack is 0.415
    Info:     Slack End Point TNS Clock 
    Info: ========= ============= =====================
    Info:     0.415         0.000 clk 
Info: No recovery paths to report
Info: No removal paths to report
Critical Warning: Found minimum pulse width or period violations. See Report Minimum Pulse Width for details.
Info: The Metastability Analysis global option is set to OFF.
Info: No synchronizer chains to report.
Info: Analyzing Fast 1200mV 0C Model
Info: Started post-fitting delay annotation
Info: Delay annotation completed successfully
Critical Warning: The following clock transfers have no clock uncertainty assignment. For more accurate results, apply clock uncertainty assignments or use the derive_clock_uncertainty command.
    Critical Warning: From clk (Rise) to clk (Rise) (setup and hold)
Critical Warning: Timing requirements not met
Info: Worst-case setup slack is -4.136
    Info:     Slack End Point TNS Clock 
    Info: ========= ============= =====================
    Info:    -4.136      -423.305 clk 
Info: Worst-case hold slack is 0.193
    Info:     Slack End Point TNS Clock 
    Info: ========= ============= =====================
    Info:     0.193         0.000 clk 
Info: No recovery paths to report
Info: No removal paths to report
Critical Warning: Found minimum pulse width or period violations. See Report Minimum Pulse Width for details.
Info: The Metastability Analysis global option is set to OFF.
Info: No synchronizer chains to report.
Info: Design is not fully constrained for setup requirements
Info: Design is not fully constrained for hold requirements
Info: Quartus II TimeQuest Timing Analyzer was successful. 0 errors, 13 warnings
    Info: Peak virtual memory: 278 megabytes
    Info: Processing ended: Wed Oct 18 16:56:17 2023
    Info: Elapsed time: 00:00:02
    Info: Total CPU time (on all processors): 00:00:02


