Fitter report for risc5
Wed Oct 18 16:56:11 2023
Quartus II Version 9.0 Build 132 02/25/2009 SJ Full Version


---------------------
; Table of Contents ;
---------------------
  1. Legal Notice
  2. Fitter Summary
  3. Fitter Settings
  4. Parallel Compilation
  5. I/O Assignment Warnings
  6. Incremental Compilation Preservation Summary
  7. Incremental Compilation Partition Settings
  8. Incremental Compilation Placement Preservation
  9. Pin-Out File
 10. Fitter Resource Usage Summary
 11. Input Pins
 12. Output Pins
 13. Dual Purpose and Dedicated Pins
 14. I/O Bank Usage
 15. All Package Pins
 16. Output Pin Default Load For Reported TCO
 17. Fitter Resource Utilization by Entity
 18. Delay Chain Summary
 19. Pad To Core Delay Chain Fanout
 20. Control Signals
 21. Global & Other Fast Signals
 22. Non-Global High Fan-Out Signals
 23. Interconnect Usage Summary
 24. LAB Logic Elements
 25. LAB-wide Signals
 26. LAB Signals Sourced
 27. LAB Signals Sourced Out
 28. LAB Distinct Inputs
 29. I/O Rules Summary
 30. I/O Rules Details
 31. I/O Rules Matrix
 32. Fitter Device Options
 33. Operating Settings and Conditions
 34. Estimated Delay Added for Hold Timing
 35. Advanced Data - General
 36. Advanced Data - Placement Preparation
 37. Advanced Data - Placement
 38. Advanced Data - Routing
 39. Fitter Messages
 40. Fitter Suppressed Messages



----------------
; Legal Notice ;
----------------
Copyright (C) 1991-2009 Altera Corporation
Your use of Altera Corporation's design tools, logic functions 
and other software and tools, and its AMPP partner logic 
functions, and any output files from any of the foregoing 
(including device programming or simulation files), and any 
associated documentation or information are expressly subject 
to the terms and conditions of the Altera Program License 
Subscription Agreement, Altera MegaCore Function License 
Agreement, or other applicable license agreement, including, 
without limitation, that your use is for the sole purpose of 
programming logic devices manufactured by Altera and sold by 
Altera or its authorized distributors.  Please refer to the 
applicable agreement for further details.



+-------------------------------------------------------------------------------+
; Fitter Summary                                                                ;
+------------------------------------+------------------------------------------+
; Fitter Status                      ; Successful - Wed Oct 18 16:56:11 2023    ;
; Quartus II Version                 ; 9.0 Build 132 02/25/2009 SJ Full Version ;
; Revision Name                      ; risc5                                    ;
; Top-level Entity Name              ; risc5                                    ;
; Family                             ; Cyclone III                              ;
; Device                             ; EP3C40Q240C8                             ;
; Timing Models                      ; Final                                    ;
; Total logic elements               ; 271 / 39,600 ( < 1 % )                   ;
;     Total combinational functions  ; 246 / 39,600 ( < 1 % )                   ;
;     Dedicated logic registers      ; 158 / 39,600 ( < 1 % )                   ;
; Total registers                    ; 158                                      ;
; Total pins                         ; 69 / 129 ( 53 % )                        ;
; Total virtual pins                 ; 0                                        ;
; Total memory bits                  ; 0 / 1,161,216 ( 0 % )                    ;
; Embedded Multiplier 9-bit elements ; 0 / 252 ( 0 % )                          ;
; Total PLLs                         ; 0 / 4 ( 0 % )                            ;
+------------------------------------+------------------------------------------+


+----------------------------------------------------------------------------------------------------------------------------------------------------+
; Fitter Settings                                                                                                                                    ;
+--------------------------------------------------------------------+---------------------------------------+---------------------------------------+
; Option                                                             ; Setting                               ; Default Value                         ;
+--------------------------------------------------------------------+---------------------------------------+---------------------------------------+
; Device                                                             ; EP3C40Q240C8                          ;                                       ;
; Nominal Core Supply Voltage                                        ; 1.2V                                  ;                                       ;
; Minimum Core Junction Temperature                                  ; 0                                     ;                                       ;
; Maximum Core Junction Temperature                                  ; 85                                    ;                                       ;
; Fit Attempts to Skip                                               ; 0                                     ; 0.0                                   ;
; Device I/O Standard                                                ; 2.5 V                                 ;                                       ;
; Use smart compilation                                              ; Off                                   ; Off                                   ;
; Use TimeQuest Timing Analyzer                                      ; On                                    ; On                                    ;
; Router Timing Optimization Level                                   ; Normal                                ; Normal                                ;
; Placement Effort Multiplier                                        ; 1.0                                   ; 1.0                                   ;
; Router Effort Multiplier                                           ; 1.0                                   ; 1.0                                   ;
; Optimize Hold Timing                                               ; All Paths                             ; All Paths                             ;
; Optimize Multi-Corner Timing                                       ; Off                                   ; Off                                   ;
; PowerPlay Power Optimization                                       ; Normal compilation                    ; Normal compilation                    ;
; SSN Optimization                                                   ; Off                                   ; Off                                   ;
; Optimize Timing                                                    ; Normal compilation                    ; Normal compilation                    ;
; Optimize Timing for ECOs                                           ; Off                                   ; Off                                   ;
; Regenerate full fit report during ECO compiles                     ; Off                                   ; Off                                   ;
; Optimize IOC Register Placement for Timing                         ; On                                    ; On                                    ;
; Limit to One Fitting Attempt                                       ; Off                                   ; Off                                   ;
; Final Placement Optimizations                                      ; Automatically                         ; Automatically                         ;
; Fitter Aggressive Routability Optimizations                        ; Automatically                         ; Automatically                         ;
; Fitter Initial Placement Seed                                      ; 1                                     ; 1                                     ;
; PCI I/O                                                            ; Off                                   ; Off                                   ;
; Weak Pull-Up Resistor                                              ; Off                                   ; Off                                   ;
; Enable Bus-Hold Circuitry                                          ; Off                                   ; Off                                   ;
; Auto Packed Registers                                              ; Auto                                  ; Auto                                  ;
; Auto Delay Chains                                                  ; On                                    ; On                                    ;
; Allow Single-ended Buffer for Differential-XSTL Input              ; Off                                   ; Off                                   ;
; Treat Bidirectional Pin as Output Pin                              ; Off                                   ; Off                                   ;
; Auto Merge PLLs                                                    ; On                                    ; On                                    ;
; Perform Physical Synthesis for Combinational Logic for Fitting     ; Off                                   ; Off                                   ;
; Perform Physical Synthesis for Combinational Logic for Performance ; Off                                   ; Off                                   ;
; Perform Register Duplication for Performance                       ; Off                                   ; Off                                   ;
; Perform Logic to Memory Mapping for Fitting                        ; Off                                   ; Off                                   ;
; Perform Register Retiming for Performance                          ; Off                                   ; Off                                   ;
; Perform Asynchronous Signal Pipelining                             ; Off                                   ; Off                                   ;
; Fitter Effort                                                      ; Auto Fit                              ; Auto Fit                              ;
; Physical Synthesis Effort Level                                    ; Normal                                ; Normal                                ;
; Logic Cell Insertion - Logic Duplication                           ; Auto                                  ; Auto                                  ;
; Auto Register Duplication                                          ; Auto                                  ; Auto                                  ;
; Auto Global Clock                                                  ; On                                    ; On                                    ;
; Auto Global Register Control Signals                               ; On                                    ; On                                    ;
; Reserve all unused pins                                            ; As input tri-stated with weak pull-up ; As input tri-stated with weak pull-up ;
; Stop After Congestion Map Generation                               ; Off                                   ; Off                                   ;
; Save Intermediate Fitting Results                                  ; Off                                   ; Off                                   ;
; Synchronizer Identification                                        ; Off                                   ; Off                                   ;
; Enable Beneficial Skew Optimization                                ; On                                    ; On                                    ;
; Optimize Design for Metastability                                  ; On                                    ; On                                    ;
; Force Fitter to Avoid Periphery Placement Warnings                 ; Off                                   ; Off                                   ;
+--------------------------------------------------------------------+---------------------------------------+---------------------------------------+


+------------------------------------------+
; Parallel Compilation                     ;
+----------------------------+-------------+
; Processors                 ; Number      ;
+----------------------------+-------------+
; Number detected on machine ; 4           ;
; Maximum allowed            ; 4           ;
;                            ;             ;
; Average used               ; 1.00        ;
; Maximum used               ; 4           ;
;                            ;             ;
; Usage by Processor         ; % Time Used ;
;     1 processor            ; 100.0%      ;
;     2-4 processors         ; < 0.1%      ;
+----------------------------+-------------+


+----------------------------------------------------+
; I/O Assignment Warnings                            ;
+-------------+--------------------------------------+
; Pin Name    ; Reason                               ;
+-------------+--------------------------------------+
; pin_name    ; Missing drive strength and slew rate ;
; pc_out[31]  ; Missing drive strength and slew rate ;
; pc_out[30]  ; Missing drive strength and slew rate ;
; pc_out[29]  ; Missing drive strength and slew rate ;
; pc_out[28]  ; Missing drive strength and slew rate ;
; pc_out[27]  ; Missing drive strength and slew rate ;
; pc_out[26]  ; Missing drive strength and slew rate ;
; pc_out[25]  ; Missing drive strength and slew rate ;
; pc_out[24]  ; Missing drive strength and slew rate ;
; pc_out[23]  ; Missing drive strength and slew rate ;
; pc_out[22]  ; Missing drive strength and slew rate ;
; pc_out[21]  ; Missing drive strength and slew rate ;
; pc_out[20]  ; Missing drive strength and slew rate ;
; pc_out[19]  ; Missing drive strength and slew rate ;
; pc_out[18]  ; Missing drive strength and slew rate ;
; pc_out[17]  ; Missing drive strength and slew rate ;
; pc_out[16]  ; Missing drive strength and slew rate ;
; pc_out[15]  ; Missing drive strength and slew rate ;
; pc_out[14]  ; Missing drive strength and slew rate ;
; pc_out[13]  ; Missing drive strength and slew rate ;
; pc_out[12]  ; Missing drive strength and slew rate ;
; pc_out[11]  ; Missing drive strength and slew rate ;
; pc_out[10]  ; Missing drive strength and slew rate ;
; pc_out[9]   ; Missing drive strength and slew rate ;
; pc_out[8]   ; Missing drive strength and slew rate ;
; pc_out[7]   ; Missing drive strength and slew rate ;
; pc_out[6]   ; Missing drive strength and slew rate ;
; pc_out[5]   ; Missing drive strength and slew rate ;
; pc_out[4]   ; Missing drive strength and slew rate ;
; pc_out[3]   ; Missing drive strength and slew rate ;
; pc_out[2]   ; Missing drive strength and slew rate ;
; pc_out[1]   ; Missing drive strength and slew rate ;
; pc_out[0]   ; Missing drive strength and slew rate ;
; pin_name12  ; Missing drive strength and slew rate ;
; pin_name13  ; Missing drive strength and slew rate ;
; alu_out[31] ; Missing drive strength and slew rate ;
; alu_out[30] ; Missing drive strength and slew rate ;
; alu_out[29] ; Missing drive strength and slew rate ;
; alu_out[28] ; Missing drive strength and slew rate ;
; alu_out[27] ; Missing drive strength and slew rate ;
; alu_out[26] ; Missing drive strength and slew rate ;
; alu_out[25] ; Missing drive strength and slew rate ;
; alu_out[24] ; Missing drive strength and slew rate ;
; alu_out[23] ; Missing drive strength and slew rate ;
; alu_out[22] ; Missing drive strength and slew rate ;
; alu_out[21] ; Missing drive strength and slew rate ;
; alu_out[20] ; Missing drive strength and slew rate ;
; alu_out[19] ; Missing drive strength and slew rate ;
; alu_out[18] ; Missing drive strength and slew rate ;
; alu_out[17] ; Missing drive strength and slew rate ;
; alu_out[16] ; Missing drive strength and slew rate ;
; alu_out[15] ; Missing drive strength and slew rate ;
; alu_out[14] ; Missing drive strength and slew rate ;
; alu_out[13] ; Missing drive strength and slew rate ;
; alu_out[12] ; Missing drive strength and slew rate ;
; alu_out[11] ; Missing drive strength and slew rate ;
; alu_out[10] ; Missing drive strength and slew rate ;
; alu_out[9]  ; Missing drive strength and slew rate ;
; alu_out[8]  ; Missing drive strength and slew rate ;
; alu_out[7]  ; Missing drive strength and slew rate ;
; alu_out[6]  ; Missing drive strength and slew rate ;
; alu_out[5]  ; Missing drive strength and slew rate ;
; alu_out[4]  ; Missing drive strength and slew rate ;
; alu_out[3]  ; Missing drive strength and slew rate ;
; alu_out[2]  ; Missing drive strength and slew rate ;
; alu_out[1]  ; Missing drive strength and slew rate ;
; alu_out[0]  ; Missing drive strength and slew rate ;
+-------------+--------------------------------------+


+----------------------------------------------+
; Incremental Compilation Preservation Summary ;
+-------------------------+--------------------+
; Type                    ; Value              ;
+-------------------------+--------------------+
; Placement               ;                    ;
;     -- Requested        ; 0 / 542 ( 0.00 % ) ;
;     -- Achieved         ; 0 / 542 ( 0.00 % ) ;
;                         ;                    ;
; Routing (by Connection) ;                    ;
;     -- Requested        ; 0 / 0 ( 0.00 % )   ;
;     -- Achieved         ; 0 / 0 ( 0.00 % )   ;
+-------------------------+--------------------+


+--------------------------------------------------------------------------------------------------------------------------------------------------+
; Incremental Compilation Partition Settings                                                                                                       ;
+----------------+----------------+-------------------+-------------------------+------------------------+------------------------------+----------+
; Partition Name ; Partition Type ; Netlist Type Used ; Preservation Level Used ; Netlist Type Requested ; Preservation Level Requested ; Contents ;
+----------------+----------------+-------------------+-------------------------+------------------------+------------------------------+----------+
; Top            ; User-created   ; Source File       ; N/A                     ; Source File            ; N/A                          ;          ;
+----------------+----------------+-------------------+-------------------------+------------------------+------------------------------+----------+


+--------------------------------------------------------------------------------------------+
; Incremental Compilation Placement Preservation                                             ;
+----------------+---------+-------------------+-------------------------+-------------------+
; Partition Name ; # Nodes ; # Preserved Nodes ; Preservation Level Used ; Netlist Type Used ;
+----------------+---------+-------------------+-------------------------+-------------------+
; Top            ; 542     ; 0                 ; N/A                     ; Source File       ;
+----------------+---------+-------------------+-------------------------+-------------------+


+--------------+
; Pin-Out File ;
+--------------+
The pin-out file can be found in F:/210063002026/lab3/lab3_skel/risc5.pin.


+----------------------------------------------------------------------------------------------+
; Fitter Resource Usage Summary                                                                ;
+---------------------------------------------+------------------------------------------------+
; Resource                                    ; Usage                                          ;
+---------------------------------------------+------------------------------------------------+
; Total logic elements                        ; 271 / 39,600 ( < 1 % )                         ;
;     -- Combinational with no register       ; 113                                            ;
;     -- Register only                        ; 25                                             ;
;     -- Combinational with a register        ; 133                                            ;
;                                             ;                                                ;
; Logic element usage by number of LUT inputs ;                                                ;
;     -- 4 input functions                    ; 133                                            ;
;     -- 3 input functions                    ; 55                                             ;
;     -- <=2 input functions                  ; 58                                             ;
;     -- Register only                        ; 25                                             ;
;                                             ;                                                ;
; Logic elements by mode                      ;                                                ;
;     -- normal mode                          ; 187                                            ;
;     -- arithmetic mode                      ; 59                                             ;
;                                             ;                                                ;
; Total registers*                            ; 158 / 40,170 ( < 1 % )                         ;
;     -- Dedicated logic registers            ; 158 / 39,600 ( < 1 % )                         ;
;     -- I/O registers                        ; 0 / 570 ( 0 % )                                ;
;                                             ;                                                ;
; Total LABs:  partially or completely used   ; 20 / 2,475 ( < 1 % )                           ;
; User inserted logic elements                ; 0                                              ;
; Virtual pins                                ; 0                                              ;
; I/O pins                                    ; 69 / 129 ( 53 % )                              ;
;     -- Clock pins                           ; 0 / 8 ( 0 % )                                  ;
;     -- Dedicated input pins                 ; 0 / 9 ( 0 % )                                  ;
; Global signals                              ; 2                                              ;
; M9Ks                                        ; 0 / 126 ( 0 % )                                ;
; Total block memory bits                     ; 0 / 1,161,216 ( 0 % )                          ;
; Total block memory implementation bits      ; 0 / 1,161,216 ( 0 % )                          ;
; Embedded Multiplier 9-bit elements          ; 0 / 252 ( 0 % )                                ;
; PLLs                                        ; 0 / 4 ( 0 % )                                  ;
; Global clocks                               ; 2 / 20 ( 10 % )                                ;
; JTAGs                                       ; 0 / 1 ( 0 % )                                  ;
; CRC blocks                                  ; 0 / 1 ( 0 % )                                  ;
; ASMI blocks                                 ; 0 / 1 ( 0 % )                                  ;
; Impedance control blocks                    ; 0 / 4 ( 0 % )                                  ;
; Average interconnect usage (total/H/V)      ; 0% / 0% / 0%                                   ;
; Peak interconnect usage (total/H/V)         ; 4% / 4% / 6%                                   ;
; Maximum fan-out node                        ; clk~inputclkctrl                               ;
; Maximum fan-out                             ; 158                                            ;
; Highest non-global fan-out signal           ; lpm_dff2:inst2|lpm_ff:lpm_ff_component|dffs[5] ;
; Highest non-global fan-out                  ; 82                                             ;
; Total fan-out                               ; 1435                                           ;
; Average fan-out                             ; 2.54                                           ;
+---------------------------------------------+------------------------------------------------+
*  Register count does not include registers inside RAM blocks or DSP blocks.



+-----------------------------------------------------------------------------------------------------------------------------------------------------------------------------------------------------------------------------------------------------------------------------+
; Input Pins                                                                                                                                                                                                                                                                  ;
+--------+-------+----------+--------------+--------------+--------------+-----------------------+--------------------+--------+----------------+---------------+-----------------+----------+--------------+--------------+---------------------------+----------------------+
; Name   ; Pin # ; I/O Bank ; X coordinate ; Y coordinate ; Z coordinate ; Combinational Fan-Out ; Registered Fan-Out ; Global ; Input Register ; Power Up High ; PCI I/O Enabled ; Bus Hold ; Weak Pull Up ; I/O Standard ; Termination Control Block ; Location assigned by ;
+--------+-------+----------+--------------+--------------+--------------+-----------------------+--------------------+--------+----------------+---------------+-----------------+----------+--------------+--------------+---------------------------+----------------------+
; clk    ; 43    ; 2        ; 0            ; 16           ; 7            ; 158                   ; 0                  ; yes    ; no             ; no            ; yes             ; no       ; Off          ; 2.5 V        ; --                        ; User                 ;
; pc_clr ; 22    ; 1        ; 0            ; 28           ; 7            ; 30                    ; 0                  ; yes    ; no             ; no            ; yes             ; no       ; Off          ; 2.5 V        ; --                        ; User                 ;
+--------+-------+----------+--------------+--------------+--------------+-----------------------+--------------------+--------+----------------+---------------+-----------------+----------+--------------+--------------+---------------------------+----------------------+


+------------------------------------------------------------------------------------------------------------------------------------------------------------------------------------------------------------------------------------------------------------------------------------------------------------------------------------------------------------------------------------------------------------------------+
; Output Pins                                                                                                                                                                                                                                                                                                                                                                                                            ;
+-------------+-------+----------+--------------+--------------+--------------+-----------------+------------------------+---------------+-----------+-----------------+------------+---------------+----------+--------------+--------------+------------------+-----------------------------------+---------------------------+----------------------------+-----------------------------+----------------------+------+
; Name        ; Pin # ; I/O Bank ; X coordinate ; Y coordinate ; Z coordinate ; Output Register ; Output Enable Register ; Power Up High ; Slew Rate ; PCI I/O Enabled ; Open Drain ; TRI Primitive ; Bus Hold ; Weak Pull Up ; I/O Standard ; Current Strength ; Termination                       ; Termination Control Block ; Output Buffer Pre-emphasis ; Voltage Output Differential ; Location assigned by ; Load ;
+-------------+-------+----------+--------------+--------------+--------------+-----------------+------------------------+---------------+-----------+-----------------+------------+---------------+----------+--------------+--------------+------------------+-----------------------------------+---------------------------+----------------------------+-----------------------------+----------------------+------+
; alu_out[0]  ; 56    ; 2        ; 0            ; 4            ; 21           ; no              ; no                     ; no            ; 2         ; no              ; no         ; no            ; no       ; Off          ; 2.5 V        ; Default          ; Series 50 Ohm without Calibration ; --                        ; no                         ; no                          ; User                 ; 0 pF ;
; alu_out[10] ; 112   ; 4        ; 59           ; 0            ; 28           ; no              ; no                     ; no            ; 2         ; no              ; no         ; no            ; no       ; Off          ; 2.5 V        ; Default          ; Series 50 Ohm without Calibration ; --                        ; no                         ; no                          ; User                 ; 0 pF ;
; alu_out[11] ; 113   ; 4        ; 61           ; 0            ; 28           ; no              ; no                     ; no            ; 2         ; no              ; no         ; no            ; no       ; Off          ; 2.5 V        ; Default          ; Series 50 Ohm without Calibration ; --                        ; no                         ; no                          ; User                 ; 0 pF ;
; alu_out[12] ; 114   ; 4        ; 61           ; 0            ; 7            ; no              ; no                     ; no            ; 2         ; no              ; no         ; no            ; no       ; Off          ; 2.5 V        ; Default          ; Series 50 Ohm without Calibration ; --                        ; no                         ; no                          ; User                 ; 0 pF ;
; alu_out[13] ; 117   ; 4        ; 63           ; 0            ; 7            ; no              ; no                     ; no            ; 2         ; no              ; no         ; no            ; no       ; Off          ; 2.5 V        ; Default          ; Series 50 Ohm without Calibration ; --                        ; no                         ; no                          ; User                 ; 0 pF ;
; alu_out[14] ; 118   ; 4        ; 63           ; 0            ; 0            ; no              ; no                     ; no            ; 2         ; no              ; no         ; no            ; no       ; Off          ; 2.5 V        ; Default          ; Series 50 Ohm without Calibration ; --                        ; no                         ; no                          ; User                 ; 0 pF ;
; alu_out[15] ; 126   ; 5        ; 67           ; 3            ; 21           ; no              ; no                     ; no            ; 2         ; no              ; no         ; no            ; no       ; Off          ; 2.5 V        ; Default          ; Series 50 Ohm without Calibration ; --                        ; no                         ; no                          ; User                 ; 0 pF ;
; alu_out[16] ; 127   ; 5        ; 67           ; 3            ; 14           ; no              ; no                     ; no            ; 2         ; no              ; no         ; no            ; no       ; Off          ; 2.5 V        ; Default          ; Series 50 Ohm without Calibration ; --                        ; no                         ; no                          ; User                 ; 0 pF ;
; alu_out[17] ; 128   ; 5        ; 67           ; 3            ; 0            ; no              ; no                     ; no            ; 2         ; no              ; no         ; no            ; no       ; Off          ; 2.5 V        ; Default          ; Series 50 Ohm without Calibration ; --                        ; no                         ; no                          ; User                 ; 0 pF ;
; alu_out[18] ; 131   ; 5        ; 67           ; 5            ; 21           ; no              ; no                     ; no            ; 2         ; no              ; no         ; no            ; no       ; Off          ; 2.5 V        ; Default          ; Series 50 Ohm without Calibration ; --                        ; no                         ; no                          ; User                 ; 0 pF ;
; alu_out[19] ; 132   ; 5        ; 67           ; 5            ; 14           ; no              ; no                     ; no            ; 2         ; no              ; no         ; no            ; no       ; Off          ; 2.5 V        ; Default          ; Series 50 Ohm without Calibration ; --                        ; no                         ; no                          ; User                 ; 0 pF ;
; alu_out[1]  ; 57    ; 2        ; 0            ; 3            ; 0            ; no              ; no                     ; no            ; 2         ; no              ; no         ; no            ; no       ; Off          ; 2.5 V        ; Default          ; Series 50 Ohm without Calibration ; --                        ; no                         ; no                          ; User                 ; 0 pF ;
; alu_out[20] ; 133   ; 5        ; 67           ; 5            ; 7            ; no              ; no                     ; no            ; 2         ; no              ; no         ; no            ; no       ; Off          ; 2.5 V        ; Default          ; Series 50 Ohm without Calibration ; --                        ; no                         ; no                          ; User                 ; 0 pF ;
; alu_out[21] ; 134   ; 5        ; 67           ; 6            ; 14           ; no              ; no                     ; no            ; 2         ; no              ; no         ; no            ; no       ; Off          ; 2.5 V        ; Default          ; Series 50 Ohm without Calibration ; --                        ; no                         ; no                          ; User                 ; 0 pF ;
; alu_out[22] ; 135   ; 5        ; 67           ; 7            ; 21           ; no              ; no                     ; no            ; 2         ; no              ; no         ; no            ; no       ; Off          ; 2.5 V        ; Default          ; Series 50 Ohm without Calibration ; --                        ; no                         ; no                          ; User                 ; 0 pF ;
; alu_out[23] ; 137   ; 5        ; 67           ; 9            ; 7            ; no              ; no                     ; no            ; 2         ; no              ; no         ; no            ; no       ; Off          ; 2.5 V        ; Default          ; Series 50 Ohm without Calibration ; --                        ; no                         ; no                          ; User                 ; 0 pF ;
; alu_out[24] ; 139   ; 5        ; 67           ; 10           ; 21           ; no              ; no                     ; no            ; 2         ; no              ; no         ; no            ; no       ; Off          ; 2.5 V        ; Default          ; Series 50 Ohm without Calibration ; --                        ; no                         ; no                          ; User                 ; 0 pF ;
; alu_out[25] ; 142   ; 5        ; 67           ; 14           ; 21           ; no              ; no                     ; no            ; 2         ; no              ; no         ; no            ; no       ; Off          ; 2.5 V        ; Default          ; Series 50 Ohm without Calibration ; --                        ; no                         ; no                          ; User                 ; 0 pF ;
; alu_out[26] ; 143   ; 5        ; 67           ; 17           ; 14           ; no              ; no                     ; no            ; 2         ; no              ; no         ; no            ; no       ; Off          ; 2.5 V        ; Default          ; Series 50 Ohm without Calibration ; --                        ; no                         ; no                          ; User                 ; 0 pF ;
; alu_out[27] ; 144   ; 5        ; 67           ; 18           ; 21           ; no              ; no                     ; no            ; 2         ; no              ; no         ; no            ; no       ; Off          ; 2.5 V        ; Default          ; Series 50 Ohm without Calibration ; --                        ; no                         ; no                          ; User                 ; 0 pF ;
; alu_out[28] ; 145   ; 5        ; 67           ; 18           ; 14           ; no              ; no                     ; no            ; 2         ; no              ; no         ; no            ; no       ; Off          ; 2.5 V        ; Default          ; Series 50 Ohm without Calibration ; --                        ; no                         ; no                          ; User                 ; 0 pF ;
; alu_out[29] ; 146   ; 5        ; 67           ; 19           ; 7            ; no              ; no                     ; no            ; 2         ; no              ; no         ; no            ; no       ; Off          ; 2.5 V        ; Default          ; Series 50 Ohm without Calibration ; --                        ; no                         ; no                          ; User                 ; 0 pF ;
; alu_out[2]  ; 63    ; 3        ; 3            ; 0            ; 14           ; no              ; no                     ; no            ; 2         ; no              ; no         ; no            ; no       ; Off          ; 2.5 V        ; Default          ; Series 50 Ohm without Calibration ; --                        ; no                         ; no                          ; User                 ; 0 pF ;
; alu_out[30] ; 159   ; 6        ; 67           ; 25           ; 21           ; no              ; no                     ; no            ; 2         ; no              ; no         ; no            ; no       ; Off          ; 2.5 V        ; Default          ; Series 50 Ohm without Calibration ; --                        ; no                         ; no                          ; User                 ; 0 pF ;
; alu_out[31] ; 160   ; 6        ; 67           ; 25           ; 14           ; no              ; no                     ; no            ; 2         ; no              ; no         ; no            ; no       ; Off          ; 2.5 V        ; Default          ; Series 50 Ohm without Calibration ; --                        ; no                         ; no                          ; User                 ; 0 pF ;
; alu_out[3]  ; 68    ; 3        ; 5            ; 0            ; 14           ; no              ; no                     ; no            ; 2         ; no              ; no         ; no            ; no       ; Off          ; 2.5 V        ; Default          ; Series 50 Ohm without Calibration ; --                        ; no                         ; no                          ; User                 ; 0 pF ;
; alu_out[4]  ; 69    ; 3        ; 7            ; 0            ; 28           ; no              ; no                     ; no            ; 2         ; no              ; no         ; no            ; no       ; Off          ; 2.5 V        ; Default          ; Series 50 Ohm without Calibration ; --                        ; no                         ; no                          ; User                 ; 0 pF ;
; alu_out[5]  ; 70    ; 3        ; 7            ; 0            ; 21           ; no              ; no                     ; no            ; 2         ; no              ; no         ; no            ; no       ; Off          ; 2.5 V        ; Default          ; Series 50 Ohm without Calibration ; --                        ; no                         ; no                          ; User                 ; 0 pF ;
; alu_out[6]  ; 73    ; 3        ; 9            ; 0            ; 21           ; no              ; no                     ; no            ; 2         ; no              ; no         ; no            ; no       ; Off          ; 2.5 V        ; Default          ; Series 50 Ohm without Calibration ; --                        ; no                         ; no                          ; User                 ; 0 pF ;
; alu_out[7]  ; 76    ; 3        ; 20           ; 0            ; 21           ; no              ; no                     ; no            ; 2         ; no              ; no         ; no            ; no       ; Off          ; 2.5 V        ; Default          ; Series 50 Ohm without Calibration ; --                        ; no                         ; no                          ; User                 ; 0 pF ;
; alu_out[8]  ; 78    ; 3        ; 20           ; 0            ; 14           ; no              ; no                     ; no            ; 2         ; no              ; no         ; no            ; no       ; Off          ; 2.5 V        ; Default          ; Series 50 Ohm without Calibration ; --                        ; no                         ; no                          ; User                 ; 0 pF ;
; alu_out[9]  ; 80    ; 3        ; 22           ; 0            ; 14           ; no              ; no                     ; no            ; 2         ; no              ; no         ; no            ; no       ; Off          ; 2.5 V        ; Default          ; Series 50 Ohm without Calibration ; --                        ; no                         ; no                          ; User                 ; 0 pF ;
; pc_out[0]   ; 217   ; 8        ; 27           ; 43           ; 0            ; no              ; no                     ; no            ; 2         ; no              ; no         ; no            ; no       ; Off          ; 2.5 V        ; Default          ; Series 50 Ohm without Calibration ; --                        ; no                         ; no                          ; Fitter               ; 0 pF ;
; pc_out[10]  ; 37    ; 2        ; 0            ; 19           ; 0            ; no              ; no                     ; no            ; 2         ; no              ; no         ; no            ; no       ; Off          ; 2.5 V        ; Default          ; Series 50 Ohm without Calibration ; --                        ; no                         ; no                          ; Fitter               ; 0 pF ;
; pc_out[11]  ; 166   ; 6        ; 67           ; 28           ; 21           ; no              ; no                     ; no            ; 2         ; no              ; no         ; no            ; no       ; Off          ; 2.5 V        ; Default          ; Series 50 Ohm without Calibration ; --                        ; no                         ; no                          ; Fitter               ; 0 pF ;
; pc_out[12]  ; 38    ; 2        ; 0            ; 19           ; 7            ; no              ; no                     ; no            ; 2         ; no              ; no         ; no            ; no       ; Off          ; 2.5 V        ; Default          ; Series 50 Ohm without Calibration ; --                        ; no                         ; no                          ; Fitter               ; 0 pF ;
; pc_out[13]  ; 197   ; 7        ; 48           ; 43           ; 14           ; no              ; no                     ; no            ; 2         ; no              ; no         ; no            ; no       ; Off          ; 2.5 V        ; Default          ; Series 50 Ohm without Calibration ; --                        ; no                         ; no                          ; Fitter               ; 0 pF ;
; pc_out[14]  ; 188   ; 7        ; 56           ; 43           ; 21           ; no              ; no                     ; no            ; 2         ; no              ; no         ; no            ; no       ; Off          ; 2.5 V        ; Default          ; Series 50 Ohm without Calibration ; --                        ; no                         ; no                          ; Fitter               ; 0 pF ;
; pc_out[15]  ; 107   ; 4        ; 48           ; 0            ; 21           ; no              ; no                     ; no            ; 2         ; no              ; no         ; no            ; no       ; Off          ; 2.5 V        ; Default          ; Series 50 Ohm without Calibration ; --                        ; no                         ; no                          ; Fitter               ; 0 pF ;
; pc_out[16]  ; 200   ; 7        ; 45           ; 43           ; 0            ; no              ; no                     ; no            ; 2         ; no              ; no         ; no            ; no       ; Off          ; 2.5 V        ; Default          ; Series 50 Ohm without Calibration ; --                        ; no                         ; no                          ; Fitter               ; 0 pF ;
; pc_out[17]  ; 106   ; 4        ; 48           ; 0            ; 28           ; no              ; no                     ; no            ; 2         ; no              ; no         ; no            ; no       ; Off          ; 2.5 V        ; Default          ; Series 50 Ohm without Calibration ; --                        ; no                         ; no                          ; Fitter               ; 0 pF ;
; pc_out[18]  ; 201   ; 7        ; 45           ; 43           ; 7            ; no              ; no                     ; no            ; 2         ; no              ; no         ; no            ; no       ; Off          ; 2.5 V        ; Default          ; Series 50 Ohm without Calibration ; --                        ; no                         ; no                          ; Fitter               ; 0 pF ;
; pc_out[19]  ; 98    ; 4        ; 43           ; 0            ; 28           ; no              ; no                     ; no            ; 2         ; no              ; no         ; no            ; no       ; Off          ; 2.5 V        ; Default          ; Series 50 Ohm without Calibration ; --                        ; no                         ; no                          ; Fitter               ; 0 pF ;
; pc_out[1]   ; 45    ; 2        ; 0            ; 15           ; 0            ; no              ; no                     ; no            ; 2         ; no              ; no         ; no            ; no       ; Off          ; 2.5 V        ; Default          ; Series 50 Ohm without Calibration ; --                        ; no                         ; no                          ; Fitter               ; 0 pF ;
; pc_out[20]  ; 110   ; 4        ; 54           ; 0            ; 14           ; no              ; no                     ; no            ; 2         ; no              ; no         ; no            ; no       ; Off          ; 2.5 V        ; Default          ; Series 50 Ohm without Calibration ; --                        ; no                         ; no                          ; Fitter               ; 0 pF ;
; pc_out[21]  ; 202   ; 7        ; 45           ; 43           ; 14           ; no              ; no                     ; no            ; 2         ; no              ; no         ; no            ; no       ; Off          ; 2.5 V        ; Default          ; Series 50 Ohm without Calibration ; --                        ; no                         ; no                          ; Fitter               ; 0 pF ;
; pc_out[22]  ; 196   ; 7        ; 48           ; 43           ; 7            ; no              ; no                     ; no            ; 2         ; no              ; no         ; no            ; no       ; Off          ; 2.5 V        ; Default          ; Series 50 Ohm without Calibration ; --                        ; no                         ; no                          ; Fitter               ; 0 pF ;
; pc_out[23]  ; 195   ; 7        ; 50           ; 43           ; 21           ; no              ; no                     ; no            ; 2         ; no              ; no         ; no            ; no       ; Off          ; 2.5 V        ; Default          ; Series 50 Ohm without Calibration ; --                        ; no                         ; no                          ; Fitter               ; 0 pF ;
; pc_out[24]  ; 207   ; 7        ; 38           ; 43           ; 28           ; no              ; no                     ; no            ; 2         ; no              ; no         ; no            ; no       ; Off          ; 2.5 V        ; Default          ; Series 50 Ohm without Calibration ; --                        ; no                         ; no                          ; Fitter               ; 0 pF ;
; pc_out[25]  ; 95    ; 4        ; 41           ; 0            ; 28           ; no              ; no                     ; no            ; 2         ; no              ; no         ; no            ; no       ; Off          ; 2.5 V        ; Default          ; Series 50 Ohm without Calibration ; --                        ; no                         ; no                          ; Fitter               ; 0 pF ;
; pc_out[26]  ; 216   ; 8        ; 29           ; 43           ; 21           ; no              ; no                     ; no            ; 2         ; no              ; no         ; no            ; no       ; Off          ; 2.5 V        ; Default          ; Series 50 Ohm without Calibration ; --                        ; no                         ; no                          ; Fitter               ; 0 pF ;
; pc_out[27]  ; 187   ; 7        ; 56           ; 43           ; 14           ; no              ; no                     ; no            ; 2         ; no              ; no         ; no            ; no       ; Off          ; 2.5 V        ; Default          ; Series 50 Ohm without Calibration ; --                        ; no                         ; no                          ; Fitter               ; 0 pF ;
; pc_out[28]  ; 103   ; 4        ; 45           ; 0            ; 21           ; no              ; no                     ; no            ; 2         ; no              ; no         ; no            ; no       ; Off          ; 2.5 V        ; Default          ; Series 50 Ohm without Calibration ; --                        ; no                         ; no                          ; Fitter               ; 0 pF ;
; pc_out[29]  ; 39    ; 2        ; 0            ; 18           ; 14           ; no              ; no                     ; no            ; 2         ; no              ; no         ; no            ; no       ; Off          ; 2.5 V        ; Default          ; Series 50 Ohm without Calibration ; --                        ; no                         ; no                          ; Fitter               ; 0 pF ;
; pc_out[2]   ; 164   ; 6        ; 67           ; 27           ; 14           ; no              ; no                     ; no            ; 2         ; no              ; no         ; no            ; no       ; Off          ; 2.5 V        ; Default          ; Series 50 Ohm without Calibration ; --                        ; no                         ; no                          ; Fitter               ; 0 pF ;
; pc_out[30]  ; 41    ; 2        ; 0            ; 17           ; 14           ; no              ; no                     ; no            ; 2         ; no              ; no         ; no            ; no       ; Off          ; 2.5 V        ; Default          ; Series 50 Ohm without Calibration ; --                        ; no                         ; no                          ; Fitter               ; 0 pF ;
; pc_out[31]  ; 203   ; 7        ; 41           ; 43           ; 7            ; no              ; no                     ; no            ; 2         ; no              ; no         ; no            ; no       ; Off          ; 2.5 V        ; Default          ; Series 50 Ohm without Calibration ; --                        ; no                         ; no                          ; Fitter               ; 0 pF ;
; pc_out[3]   ; 161   ; 6        ; 67           ; 26           ; 21           ; no              ; no                     ; no            ; 2         ; no              ; no         ; no            ; no       ; Off          ; 2.5 V        ; Default          ; Series 50 Ohm without Calibration ; --                        ; no                         ; no                          ; Fitter               ; 0 pF ;
; pc_out[4]   ; 189   ; 7        ; 54           ; 43           ; 14           ; no              ; no                     ; no            ; 2         ; no              ; no         ; no            ; no       ; Off          ; 2.5 V        ; Default          ; Series 50 Ohm without Calibration ; --                        ; no                         ; no                          ; Fitter               ; 0 pF ;
; pc_out[5]   ; 194   ; 7        ; 50           ; 43           ; 0            ; no              ; no                     ; no            ; 2         ; no              ; no         ; no            ; no       ; Off          ; 2.5 V        ; Default          ; Series 50 Ohm without Calibration ; --                        ; no                         ; no                          ; Fitter               ; 0 pF ;
; pc_out[6]   ; 100   ; 4        ; 43           ; 0            ; 0            ; no              ; no                     ; no            ; 2         ; no              ; no         ; no            ; no       ; Off          ; 2.5 V        ; Default          ; Series 50 Ohm without Calibration ; --                        ; no                         ; no                          ; Fitter               ; 0 pF ;
; pc_out[7]   ; 21    ; 1        ; 0            ; 29           ; 14           ; no              ; no                     ; no            ; 2         ; no              ; no         ; no            ; no       ; Off          ; 2.5 V        ; Default          ; Series 50 Ohm without Calibration ; --                        ; no                         ; no                          ; Fitter               ; 0 pF ;
; pc_out[8]   ; 87    ; 3        ; 34           ; 0            ; 7            ; no              ; no                     ; no            ; 2         ; no              ; no         ; no            ; no       ; Off          ; 2.5 V        ; Default          ; Series 50 Ohm without Calibration ; --                        ; no                         ; no                          ; Fitter               ; 0 pF ;
; pc_out[9]   ; 99    ; 4        ; 43           ; 0            ; 21           ; no              ; no                     ; no            ; 2         ; no              ; no         ; no            ; no       ; Off          ; 2.5 V        ; Default          ; Series 50 Ohm without Calibration ; --                        ; no                         ; no                          ; Fitter               ; 0 pF ;
; pin_name    ; 93    ; 4        ; 38           ; 0            ; 28           ; no              ; no                     ; no            ; 2         ; no              ; no         ; no            ; no       ; Off          ; 2.5 V        ; Default          ; Series 50 Ohm without Calibration ; --                        ; no                         ; no                          ; Fitter               ; 0 pF ;
; pin_name12  ; 221   ; 8        ; 25           ; 43           ; 21           ; no              ; no                     ; no            ; 2         ; no              ; no         ; no            ; no       ; Off          ; 2.5 V        ; Default          ; Series 50 Ohm without Calibration ; --                        ; no                         ; no                          ; Fitter               ; 0 pF ;
; pin_name13  ; 239   ; 8        ; 1            ; 43           ; 14           ; no              ; no                     ; no            ; 2         ; no              ; no         ; no            ; no       ; Off          ; 2.5 V        ; Default          ; Series 50 Ohm without Calibration ; --                        ; no                         ; no                          ; Fitter               ; 0 pF ;
+-------------+-------+----------+--------------+--------------+--------------+-----------------+------------------------+---------------+-----------+-----------------+------------+---------------+----------+--------------+--------------+------------------+-----------------------------------+---------------------------+----------------------------+-----------------------------+----------------------+------+


+-------------------------------------------------------------------------------------------------------------------------------------+
; Dual Purpose and Dedicated Pins                                                                                                     ;
+----------+----------------------------------------+---------------------------+-------------------------+---------------------------+
; Location ; Pin Name                               ; Reserved As               ; User Signal Name        ; Pin Type                  ;
+----------+----------------------------------------+---------------------------+-------------------------+---------------------------+
; 12       ; DIFFIO_L8n, DATA1, ASDO                ; As input tri-stated       ; ~ALTERA_ASDO_DATA1~     ; Dual Purpose Pin          ;
; 14       ; DIFFIO_L10p, FLASH_nCE, nCSO           ; As input tri-stated       ; ~ALTERA_FLASH_nCE_nCSO~ ; Dual Purpose Pin          ;
; 17       ; nSTATUS                                ; -                         ; -                       ; Dedicated Programming Pin ;
; 24       ; DATA0                                  ; As input tri-stated       ; ~ALTERA_DATA0~          ; Dual Purpose Pin          ;
; 25       ; nCONFIG                                ; -                         ; -                       ; Dedicated Programming Pin ;
; 30       ; nCE                                    ; -                         ; -                       ; Dedicated Programming Pin ;
; 144      ; DIFFIO_R32n, DEV_OE                    ; Use as general purpose IO ; alu_out[27]             ; Dual Purpose Pin          ;
; 145      ; DIFFIO_R32p, DEV_CLRn                  ; Use as general purpose IO ; alu_out[28]             ; Dual Purpose Pin          ;
; 153      ; CONF_DONE                              ; -                         ; -                       ; Dedicated Programming Pin ;
; 155      ; MSEL0                                  ; -                         ; -                       ; Dedicated Programming Pin ;
; 157      ; MSEL1                                  ; -                         ; -                       ; Dedicated Programming Pin ;
; 158      ; MSEL2                                  ; -                         ; -                       ; Dedicated Programming Pin ;
; 158      ; MSEL3                                  ; -                         ; -                       ; Dedicated Programming Pin ;
; 159      ; DIFFIO_R27n, INIT_DONE                 ; Use as general purpose IO ; alu_out[30]             ; Dual Purpose Pin          ;
; 160      ; DIFFIO_R27p, CRC_ERROR                 ; Use as general purpose IO ; alu_out[31]             ; Dual Purpose Pin          ;
; 162      ; DIFFIO_R24n, nCEO                      ; Use as programming pin    ; ~ALTERA_nCEO~           ; Dual Purpose Pin          ;
; 164      ; DIFFIO_R24p, CLKUSR                    ; Use as general purpose IO ; pc_out[2]               ; Dual Purpose Pin          ;
; 194      ; DIFFIO_T41p, PADD2                     ; Use as regular IO         ; pc_out[5]               ; Dual Purpose Pin          ;
; 196      ; DIFFIO_T38n, PADD3                     ; Use as regular IO         ; pc_out[22]              ; Dual Purpose Pin          ;
; 200      ; DIFFIO_T37p, PADD4, DQS2T/CQ3T,DPCLK8  ; Use as regular IO         ; pc_out[16]              ; Dual Purpose Pin          ;
; 201      ; DIFFIO_T36n, PADD5                     ; Use as regular IO         ; pc_out[18]              ; Dual Purpose Pin          ;
; 202      ; DIFFIO_T36p, PADD6                     ; Use as regular IO         ; pc_out[21]              ; Dual Purpose Pin          ;
; 207      ; DIFFIO_T29p, PADD12, DQS4T/CQ5T,DPCLK9 ; Use as regular IO         ; pc_out[24]              ; Dual Purpose Pin          ;
; 221      ; DIFFIO_T19p, DATA4                     ; Use as regular IO         ; pin_name12              ; Dual Purpose Pin          ;
+----------+----------------------------------------+---------------------------+-------------------------+---------------------------+


+------------------------------------------------------------+
; I/O Bank Usage                                             ;
+----------+------------------+---------------+--------------+
; I/O Bank ; Usage            ; VCCIO Voltage ; VREF Voltage ;
+----------+------------------+---------------+--------------+
; 1        ; 6 / 12 ( 50 % )  ; 2.5V          ; --           ;
; 2        ; 8 / 17 ( 47 % )  ; 2.5V          ; --           ;
; 3        ; 9 / 16 ( 56 % )  ; 2.5V          ; --           ;
; 4        ; 14 / 18 ( 78 % ) ; 2.5V          ; --           ;
; 5        ; 15 / 17 ( 88 % ) ; 2.5V          ; --           ;
; 6        ; 6 / 13 ( 46 % )  ; 2.5V          ; --           ;
; 7        ; 12 / 18 ( 67 % ) ; 2.5V          ; --           ;
; 8        ; 4 / 18 ( 22 % )  ; 2.5V          ; --           ;
+----------+------------------+---------------+--------------+


+-----------------------------------------------------------------------------------------------------------------------------------------------------------------------------------------+
; All Package Pins                                                                                                                                                                        ;
+----------+------------+----------+-----------------------------------------------------------+--------+--------------+---------+------------+-----------------+----------+--------------+
; Location ; Pad Number ; I/O Bank ; Pin Name/Usage                                            ; Dir.   ; I/O Standard ; Voltage ; I/O Type   ; User Assignment ; Bus Hold ; Weak Pull Up ;
+----------+------------+----------+-----------------------------------------------------------+--------+--------------+---------+------------+-----------------+----------+--------------+
; 1        ;            ;          ; VCCD_PLL3                                                 ; power  ;              ; 1.2V    ; --         ;                 ; --       ; --           ;
; 2        ;            ;          ; GNDA3                                                     ; gnd    ;              ;         ; --         ;                 ; --       ; --           ;
; 3        ;            ; --       ; VCCA3                                                     ; power  ;              ; 2.5V    ; --         ;                 ; --       ; --           ;
; 4        ;            ;          ; VCCINT                                                    ; power  ;              ; 1.2V    ; --         ;                 ; --       ; --           ;
; 5        ;            ;          ; GND                                                       ; gnd    ;              ;         ; --         ;                 ; --       ; --           ;
; 6        ; 5          ; 1        ; RESERVED_INPUT_WITH_WEAK_PULLUP                           ;        ;              ;         ; Row I/O    ;                 ; no       ; On           ;
; 7        ;            ; 1        ; VCCIO1                                                    ; power  ;              ; 2.5V    ; --         ;                 ; --       ; --           ;
; 8        ;            ;          ; GND                                                       ; gnd    ;              ;         ; --         ;                 ; --       ; --           ;
; 9        ; 14         ; 1        ; RESERVED_INPUT_WITH_WEAK_PULLUP                           ;        ;              ;         ; Row I/O    ;                 ; no       ; On           ;
; 10       ;            ;          ; VCCINT                                                    ; power  ;              ; 1.2V    ; --         ;                 ; --       ; --           ;
; 11       ;            ;          ; GND                                                       ; gnd    ;              ;         ; --         ;                 ; --       ; --           ;
; 12       ; 17         ; 1        ; ~ALTERA_ASDO_DATA1~ / RESERVED_INPUT_WITH_WEAK_PULLUP     ; input  ; 2.5 V        ;         ; Row I/O    ; N               ; no       ; On           ;
; 13       ; 18         ; 1        ; RESERVED_INPUT_WITH_WEAK_PULLUP                           ;        ;              ;         ; Row I/O    ;                 ; no       ; On           ;
; 14       ; 21         ; 1        ; ~ALTERA_FLASH_nCE_nCSO~ / RESERVED_INPUT_WITH_WEAK_PULLUP ; input  ; 2.5 V        ;         ; Row I/O    ; N               ; no       ; On           ;
; 15       ;            ; 1        ; VCCIO1                                                    ; power  ;              ; 2.5V    ; --         ;                 ; --       ; --           ;
; 16       ;            ;          ; GND                                                       ; gnd    ;              ;         ; --         ;                 ; --       ; --           ;
; 17       ; 41         ; 1        ; ^nSTATUS                                                  ;        ;              ;         ; --         ;                 ; --       ; --           ;
; 18       ; 42         ; 1        ; RESERVED_INPUT_WITH_WEAK_PULLUP                           ;        ;              ;         ; Row I/O    ;                 ; no       ; On           ;
; 19       ;            ;          ; VCCINT                                                    ; power  ;              ; 1.2V    ; --         ;                 ; --       ; --           ;
; 20       ;            ;          ; GND                                                       ; gnd    ;              ;         ; --         ;                 ; --       ; --           ;
; 21       ; 50         ; 1        ; pc_out[7]                                                 ; output ; 2.5 V        ;         ; Row I/O    ; N               ; no       ; Off          ;
; 22       ; 53         ; 1        ; pc_clr                                                    ; input  ; 2.5 V        ;         ; Row I/O    ; Y               ; no       ; Off          ;
; 23       ; 58         ; 1        ; ~ALTERA_DCLK~                                             ; output ; 2.5 V        ;         ; Row I/O    ; N               ; no       ; On           ;
; 24       ; 59         ; 1        ; ~ALTERA_DATA0~ / RESERVED_INPUT_WITH_WEAK_PULLUP          ; input  ; 2.5 V        ;         ; Row I/O    ; N               ; no       ; On           ;
; 25       ; 60         ; 1        ; ^nCONFIG                                                  ;        ;              ;         ; --         ;                 ; --       ; --           ;
; 26       ; 61         ; 1        ; #TDI                                                      ; input  ;              ;         ; --         ;                 ; --       ; --           ;
; 27       ; 62         ; 1        ; #TCK                                                      ; input  ;              ;         ; --         ;                 ; --       ; --           ;
; 28       ; 63         ; 1        ; #TMS                                                      ; input  ;              ;         ; --         ;                 ; --       ; --           ;
; 29       ; 64         ; 1        ; #TDO                                                      ; output ;              ;         ; --         ;                 ; --       ; --           ;
; 30       ; 65         ; 1        ; ^nCE                                                      ;        ;              ;         ; --         ;                 ; --       ; --           ;
; 31       ; 66         ; 1        ; GND+                                                      ;        ;              ;         ; Row I/O    ;                 ; --       ; --           ;
; 32       ; 67         ; 1        ; GND+                                                      ;        ;              ;         ; Row I/O    ;                 ; --       ; --           ;
; 33       ; 68         ; 2        ; GND+                                                      ;        ;              ;         ; Row I/O    ;                 ; --       ; --           ;
; 34       ; 69         ; 2        ; GND+                                                      ;        ;              ;         ; Row I/O    ;                 ; --       ; --           ;
; 35       ;            ; 2        ; VCCIO2                                                    ; power  ;              ; 2.5V    ; --         ;                 ; --       ; --           ;
; 36       ;            ;          ; GND                                                       ; gnd    ;              ;         ; --         ;                 ; --       ; --           ;
; 37       ; 74         ; 2        ; pc_out[10]                                                ; output ; 2.5 V        ;         ; Row I/O    ; N               ; no       ; Off          ;
; 38       ; 75         ; 2        ; pc_out[12]                                                ; output ; 2.5 V        ;         ; Row I/O    ; N               ; no       ; Off          ;
; 39       ; 80         ; 2        ; pc_out[29]                                                ; output ; 2.5 V        ;         ; Row I/O    ; N               ; no       ; Off          ;
; 40       ;            ;          ; VCCINT                                                    ; power  ;              ; 1.2V    ; --         ;                 ; --       ; --           ;
; 41       ; 83         ; 2        ; pc_out[30]                                                ; output ; 2.5 V        ;         ; Row I/O    ; N               ; no       ; Off          ;
; 42       ;            ;          ; GND                                                       ; gnd    ;              ;         ; --         ;                 ; --       ; --           ;
; 43       ; 86         ; 2        ; clk                                                       ; input  ; 2.5 V        ;         ; Row I/O    ; Y               ; no       ; Off          ;
; 44       ; 88         ; 2        ; RESERVED_INPUT_WITH_WEAK_PULLUP                           ;        ;              ;         ; Row I/O    ;                 ; no       ; On           ;
; 45       ; 89         ; 2        ; pc_out[1]                                                 ; output ; 2.5 V        ;         ; Row I/O    ; N               ; no       ; Off          ;
; 46       ; 103        ; 2        ; RESERVED_INPUT_WITH_WEAK_PULLUP                           ;        ;              ;         ; Row I/O    ;                 ; no       ; On           ;
; 47       ;            ; 2        ; VCCIO2                                                    ; power  ;              ; 2.5V    ; --         ;                 ; --       ; --           ;
; 48       ;            ;          ; GND                                                       ; gnd    ;              ;         ; --         ;                 ; --       ; --           ;
; 49       ; 110        ; 2        ; RESERVED_INPUT_WITH_WEAK_PULLUP                           ;        ;              ;         ; Row I/O    ;                 ; no       ; On           ;
; 50       ; 121        ; 2        ; RESERVED_INPUT_WITH_WEAK_PULLUP                           ;        ;              ;         ; Row I/O    ;                 ; no       ; On           ;
; 51       ; 129        ; 2        ; RESERVED_INPUT_WITH_WEAK_PULLUP                           ;        ;              ;         ; Row I/O    ;                 ; no       ; On           ;
; 52       ; 130        ; 2        ; RESERVED_INPUT_WITH_WEAK_PULLUP                           ;        ;              ;         ; Row I/O    ;                 ; no       ; On           ;
; 53       ;            ;          ; VCCINT                                                    ; power  ;              ; 1.2V    ; --         ;                 ; --       ; --           ;
; 54       ;            ;          ; GND                                                       ; gnd    ;              ;         ; --         ;                 ; --       ; --           ;
; 55       ; 134        ; 2        ; RESERVED_INPUT_WITH_WEAK_PULLUP                           ;        ;              ;         ; Row I/O    ;                 ; no       ; On           ;
; 56       ; 135        ; 2        ; alu_out[0]                                                ; output ; 2.5 V        ;         ; Row I/O    ; Y               ; no       ; Off          ;
; 57       ; 136        ; 2        ; alu_out[1]                                                ; output ; 2.5 V        ;         ; Row I/O    ; Y               ; no       ; Off          ;
; 58       ;            ; --       ; VCCA1                                                     ; power  ;              ; 2.5V    ; --         ;                 ; --       ; --           ;
; 59       ;            ;          ; GNDA1                                                     ; gnd    ;              ;         ; --         ;                 ; --       ; --           ;
; 60       ;            ;          ; VCCD_PLL1                                                 ; power  ;              ; 1.2V    ; --         ;                 ; --       ; --           ;
; 61       ;            ;          ; VCCINT                                                    ; power  ;              ; 1.2V    ; --         ;                 ; --       ; --           ;
; 62       ;            ;          ; GND                                                       ; gnd    ;              ;         ; --         ;                 ; --       ; --           ;
; 63       ; 147        ; 3        ; alu_out[2]                                                ; output ; 2.5 V        ;         ; Column I/O ; Y               ; no       ; Off          ;
; 64       ;            ;          ; VCCINT                                                    ; power  ;              ; 1.2V    ; --         ;                 ; --       ; --           ;
; 65       ;            ;          ; GND                                                       ; gnd    ;              ;         ; --         ;                 ; --       ; --           ;
; 66       ;            ; 3        ; VCCIO3                                                    ; power  ;              ; 2.5V    ; --         ;                 ; --       ; --           ;
; 67       ;            ;          ; GND                                                       ; gnd    ;              ;         ; --         ;                 ; --       ; --           ;
; 68       ; 152        ; 3        ; alu_out[3]                                                ; output ; 2.5 V        ;         ; Column I/O ; Y               ; no       ; Off          ;
; 69       ; 154        ; 3        ; alu_out[4]                                                ; output ; 2.5 V        ;         ; Column I/O ; Y               ; no       ; Off          ;
; 70       ; 155        ; 3        ; alu_out[5]                                                ; output ; 2.5 V        ;         ; Column I/O ; Y               ; no       ; Off          ;
; 71       ;            ;          ; VCCINT                                                    ; power  ;              ; 1.2V    ; --         ;                 ; --       ; --           ;
; 72       ;            ;          ; GND                                                       ; gnd    ;              ;         ; --         ;                 ; --       ; --           ;
; 73       ; 159        ; 3        ; alu_out[6]                                                ; output ; 2.5 V        ;         ; Column I/O ; Y               ; no       ; Off          ;
; 74       ;            ;          ; VCCINT                                                    ; power  ;              ; 1.2V    ; --         ;                 ; --       ; --           ;
; 75       ;            ;          ; GND                                                       ; gnd    ;              ;         ; --         ;                 ; --       ; --           ;
; 76       ; 178        ; 3        ; alu_out[7]                                                ; output ; 2.5 V        ;         ; Column I/O ; Y               ; no       ; Off          ;
; 77       ;            ; 3        ; VCCIO3                                                    ; power  ;              ; 2.5V    ; --         ;                 ; --       ; --           ;
; 78       ; 179        ; 3        ; alu_out[8]                                                ; output ; 2.5 V        ;         ; Column I/O ; Y               ; no       ; Off          ;
; 79       ;            ;          ; GND                                                       ; gnd    ;              ;         ; --         ;                 ; --       ; --           ;
; 80       ; 182        ; 3        ; alu_out[9]                                                ; output ; 2.5 V        ;         ; Column I/O ; Y               ; no       ; Off          ;
; 81       ; 183        ; 3        ; RESERVED_INPUT_WITH_WEAK_PULLUP                           ;        ;              ;         ; Column I/O ;                 ; no       ; On           ;
; 82       ; 184        ; 3        ; RESERVED_INPUT_WITH_WEAK_PULLUP                           ;        ;              ;         ; Column I/O ;                 ; no       ; On           ;
; 83       ; 190        ; 3        ; RESERVED_INPUT_WITH_WEAK_PULLUP                           ;        ;              ;         ; Column I/O ;                 ; no       ; On           ;
; 84       ; 191        ; 3        ; RESERVED_INPUT_WITH_WEAK_PULLUP                           ;        ;              ;         ; Column I/O ;                 ; no       ; On           ;
; 85       ;            ;          ; VCCINT                                                    ; power  ;              ; 1.2V    ; --         ;                 ; --       ; --           ;
; 86       ;            ;          ; GND                                                       ; gnd    ;              ;         ; --         ;                 ; --       ; --           ;
; 87       ; 202        ; 3        ; pc_out[8]                                                 ; output ; 2.5 V        ;         ; Column I/O ; N               ; no       ; Off          ;
; 88       ; 203        ; 3        ; RESERVED_INPUT_WITH_WEAK_PULLUP                           ;        ;              ;         ; Column I/O ;                 ; no       ; On           ;
; 89       ; 204        ; 3        ; GND+                                                      ;        ;              ;         ; Column I/O ;                 ; --       ; --           ;
; 90       ; 205        ; 3        ; GND+                                                      ;        ;              ;         ; Column I/O ;                 ; --       ; --           ;
; 91       ; 206        ; 4        ; GND+                                                      ;        ;              ;         ; Column I/O ;                 ; --       ; --           ;
; 92       ; 207        ; 4        ; GND+                                                      ;        ;              ;         ; Column I/O ;                 ; --       ; --           ;
; 93       ; 208        ; 4        ; pin_name                                                  ; output ; 2.5 V        ;         ; Column I/O ; N               ; no       ; Off          ;
; 94       ; 209        ; 4        ; RESERVED_INPUT_WITH_WEAK_PULLUP                           ;        ;              ;         ; Column I/O ;                 ; no       ; On           ;
; 95       ; 213        ; 4        ; pc_out[25]                                                ; output ; 2.5 V        ;         ; Column I/O ; N               ; no       ; Off          ;
; 96       ;            ; 4        ; VCCIO4                                                    ; power  ;              ; 2.5V    ; --         ;                 ; --       ; --           ;
; 97       ;            ;          ; GND                                                       ; gnd    ;              ;         ; --         ;                 ; --       ; --           ;
; 98       ; 218        ; 4        ; pc_out[19]                                                ; output ; 2.5 V        ;         ; Column I/O ; N               ; no       ; Off          ;
; 99       ; 219        ; 4        ; pc_out[9]                                                 ; output ; 2.5 V        ;         ; Column I/O ; N               ; no       ; Off          ;
; 100      ; 222        ; 4        ; pc_out[6]                                                 ; output ; 2.5 V        ;         ; Column I/O ; N               ; no       ; Off          ;
; 101      ;            ;          ; VCCINT                                                    ; power  ;              ; 1.2V    ; --         ;                 ; --       ; --           ;
; 102      ;            ;          ; GND                                                       ; gnd    ;              ;         ; --         ;                 ; --       ; --           ;
; 103      ; 224        ; 4        ; pc_out[28]                                                ; output ; 2.5 V        ;         ; Column I/O ; N               ; no       ; Off          ;
; 104      ;            ; 4        ; VCCIO4                                                    ; power  ;              ; 2.5V    ; --         ;                 ; --       ; --           ;
; 105      ;            ;          ; GND                                                       ; gnd    ;              ;         ; --         ;                 ; --       ; --           ;
; 106      ; 228        ; 4        ; pc_out[17]                                                ; output ; 2.5 V        ;         ; Column I/O ; N               ; no       ; Off          ;
; 107      ; 229        ; 4        ; pc_out[15]                                                ; output ; 2.5 V        ;         ; Column I/O ; N               ; no       ; Off          ;
; 108      ;            ;          ; VCCINT                                                    ; power  ;              ; 1.2V    ; --         ;                 ; --       ; --           ;
; 109      ;            ;          ; GND                                                       ; gnd    ;              ;         ; --         ;                 ; --       ; --           ;
; 110      ; 245        ; 4        ; pc_out[20]                                                ; output ; 2.5 V        ;         ; Column I/O ; N               ; no       ; Off          ;
; 111      ; 252        ; 4        ; RESERVED_INPUT_WITH_WEAK_PULLUP                           ;        ;              ;         ; Column I/O ;                 ; no       ; On           ;
; 112      ; 253        ; 4        ; alu_out[10]                                               ; output ; 2.5 V        ;         ; Column I/O ; Y               ; no       ; Off          ;
; 113      ; 258        ; 4        ; alu_out[11]                                               ; output ; 2.5 V        ;         ; Column I/O ; Y               ; no       ; Off          ;
; 114      ; 261        ; 4        ; alu_out[12]                                               ; output ; 2.5 V        ;         ; Column I/O ; Y               ; no       ; Off          ;
; 115      ;            ;          ; VCCINT                                                    ; power  ;              ; 1.2V    ; --         ;                 ; --       ; --           ;
; 116      ;            ;          ; GND                                                       ; gnd    ;              ;         ; --         ;                 ; --       ; --           ;
; 117      ; 266        ; 4        ; alu_out[13]                                               ; output ; 2.5 V        ;         ; Column I/O ; Y               ; no       ; Off          ;
; 118      ; 267        ; 4        ; alu_out[14]                                               ; output ; 2.5 V        ;         ; Column I/O ; Y               ; no       ; Off          ;
; 119      ;            ;          ; VCCINT                                                    ; power  ;              ; 1.2V    ; --         ;                 ; --       ; --           ;
; 120      ;            ;          ; GND                                                       ; gnd    ;              ;         ; --         ;                 ; --       ; --           ;
; 121      ;            ;          ; VCCD_PLL4                                                 ; power  ;              ; 1.2V    ; --         ;                 ; --       ; --           ;
; 122      ;            ;          ; GNDA4                                                     ; gnd    ;              ;         ; --         ;                 ; --       ; --           ;
; 123      ;            ; --       ; VCCA4                                                     ; power  ;              ; 2.5V    ; --         ;                 ; --       ; --           ;
; 124      ;            ; 5        ; VCCIO5                                                    ; power  ;              ; 2.5V    ; --         ;                 ; --       ; --           ;
; 125      ;            ;          ; GND                                                       ; gnd    ;              ;         ; --         ;                 ; --       ; --           ;
; 126      ; 277        ; 5        ; alu_out[15]                                               ; output ; 2.5 V        ;         ; Row I/O    ; Y               ; no       ; Off          ;
; 127      ; 278        ; 5        ; alu_out[16]                                               ; output ; 2.5 V        ;         ; Row I/O    ; Y               ; no       ; Off          ;
; 128      ; 280        ; 5        ; alu_out[17]                                               ; output ; 2.5 V        ;         ; Row I/O    ; Y               ; no       ; Off          ;
; 129      ;            ;          ; VCCINT                                                    ; power  ;              ; 1.2V    ; --         ;                 ; --       ; --           ;
; 130      ;            ;          ; GND                                                       ; gnd    ;              ;         ; --         ;                 ; --       ; --           ;
; 131      ; 283        ; 5        ; alu_out[18]                                               ; output ; 2.5 V        ;         ; Row I/O    ; Y               ; no       ; Off          ;
; 132      ; 284        ; 5        ; alu_out[19]                                               ; output ; 2.5 V        ;         ; Row I/O    ; Y               ; no       ; Off          ;
; 133      ; 285        ; 5        ; alu_out[20]                                               ; output ; 2.5 V        ;         ; Row I/O    ; Y               ; no       ; Off          ;
; 134      ; 288        ; 5        ; alu_out[21]                                               ; output ; 2.5 V        ;         ; Row I/O    ; Y               ; no       ; Off          ;
; 135      ; 289        ; 5        ; alu_out[22]                                               ; output ; 2.5 V        ;         ; Row I/O    ; Y               ; no       ; Off          ;
; 136      ;            ; 5        ; VCCIO5                                                    ; power  ;              ; 2.5V    ; --         ;                 ; --       ; --           ;
; 137      ; 299        ; 5        ; alu_out[23]                                               ; output ; 2.5 V        ;         ; Row I/O    ; Y               ; no       ; Off          ;
; 138      ;            ;          ; GND                                                       ; gnd    ;              ;         ; --         ;                 ; --       ; --           ;
; 139      ; 301        ; 5        ; alu_out[24]                                               ; output ; 2.5 V        ;         ; Row I/O    ; Y               ; no       ; Off          ;
; 140      ;            ;          ; VCCINT                                                    ; power  ;              ; 1.2V    ; --         ;                 ; --       ; --           ;
; 141      ;            ;          ; GND                                                       ; gnd    ;              ;         ; --         ;                 ; --       ; --           ;
; 142      ; 317        ; 5        ; alu_out[25]                                               ; output ; 2.5 V        ;         ; Row I/O    ; Y               ; no       ; Off          ;
; 143      ; 330        ; 5        ; alu_out[26]                                               ; output ; 2.5 V        ;         ; Row I/O    ; Y               ; no       ; Off          ;
; 144      ; 331        ; 5        ; alu_out[27]                                               ; output ; 2.5 V        ;         ; Row I/O    ; Y               ; no       ; Off          ;
; 145      ; 332        ; 5        ; alu_out[28]                                               ; output ; 2.5 V        ;         ; Row I/O    ; Y               ; no       ; Off          ;
; 146      ; 337        ; 5        ; alu_out[29]                                               ; output ; 2.5 V        ;         ; Row I/O    ; Y               ; no       ; Off          ;
; 147      ;            ;          ; VCCINT                                                    ; power  ;              ; 1.2V    ; --         ;                 ; --       ; --           ;
; 148      ;            ;          ; GND                                                       ; gnd    ;              ;         ; --         ;                 ; --       ; --           ;
; 149      ; 342        ; 5        ; GND+                                                      ;        ;              ;         ; Row I/O    ;                 ; --       ; --           ;
; 150      ; 343        ; 5        ; GND+                                                      ;        ;              ;         ; Row I/O    ;                 ; --       ; --           ;
; 151      ; 344        ; 6        ; GND+                                                      ;        ;              ;         ; Row I/O    ;                 ; --       ; --           ;
; 152      ; 345        ; 6        ; GND+                                                      ;        ;              ;         ; Row I/O    ;                 ; --       ; --           ;
; 153      ; 346        ; 6        ; ^CONF_DONE                                                ;        ;              ;         ; --         ;                 ; --       ; --           ;
; 154      ;            ; 6        ; VCCIO6                                                    ; power  ;              ; 2.5V    ; --         ;                 ; --       ; --           ;
; 155      ; 347        ; 6        ; ^MSEL0                                                    ;        ;              ;         ; --         ;                 ; --       ; --           ;
; 156      ;            ;          ; GND                                                       ; gnd    ;              ;         ; --         ;                 ; --       ; --           ;
; 157      ; 348        ; 6        ; ^MSEL1                                                    ;        ;              ;         ; --         ;                 ; --       ; --           ;
; 158      ; 349        ; 6        ; ^MSEL2                                                    ;        ;              ;         ; --         ;                 ; --       ; --           ;
; 158      ; 350        ; 6        ; ^MSEL3                                                    ;        ;              ;         ; --         ;                 ; --       ; --           ;
; 159      ; 353        ; 6        ; alu_out[30]                                               ; output ; 2.5 V        ;         ; Row I/O    ; Y               ; no       ; Off          ;
; 160      ; 354        ; 6        ; alu_out[31]                                               ; output ; 2.5 V        ;         ; Row I/O    ; Y               ; no       ; Off          ;
; 161      ; 357        ; 6        ; pc_out[3]                                                 ; output ; 2.5 V        ;         ; Row I/O    ; N               ; no       ; Off          ;
; 162      ; 360        ; 6        ; ~ALTERA_nCEO~ / RESERVED_OUTPUT_OPEN_DRAIN                ; output ; 2.5 V        ;         ; Row I/O    ; N               ; no       ; Off          ;
; 163      ;            ;          ; VCCINT                                                    ; power  ;              ; 1.2V    ; --         ;                 ; --       ; --           ;
; 164      ; 361        ; 6        ; pc_out[2]                                                 ; output ; 2.5 V        ;         ; Row I/O    ; N               ; no       ; Off          ;
; 165      ;            ;          ; GND                                                       ; gnd    ;              ;         ; --         ;                 ; --       ; --           ;
; 166      ; 362        ; 6        ; pc_out[11]                                                ; output ; 2.5 V        ;         ; Row I/O    ; N               ; no       ; Off          ;
; 167      ;            ;          ; VCCINT                                                    ; power  ;              ; 1.2V    ; --         ;                 ; --       ; --           ;
; 168      ;            ;          ; GND                                                       ; gnd    ;              ;         ; --         ;                 ; --       ; --           ;
; 169      ; 374        ; 6        ; RESERVED_INPUT_WITH_WEAK_PULLUP                           ;        ;              ;         ; Row I/O    ;                 ; no       ; On           ;
; 170      ;            ; 6        ; VCCIO6                                                    ; power  ;              ; 2.5V    ; --         ;                 ; --       ; --           ;
; 171      ; 387        ; 6        ; RESERVED_INPUT_WITH_WEAK_PULLUP                           ;        ;              ;         ; Row I/O    ;                 ; no       ; On           ;
; 172      ;            ;          ; GND                                                       ; gnd    ;              ;         ; --         ;                 ; --       ; --           ;
; 173      ; 391        ; 6        ; RESERVED_INPUT_WITH_WEAK_PULLUP                           ;        ;              ;         ; Row I/O    ;                 ; no       ; On           ;
; 174      ;            ;          ; VCCINT                                                    ; power  ;              ; 1.2V    ; --         ;                 ; --       ; --           ;
; 175      ;            ;          ; GND                                                       ; gnd    ;              ;         ; --         ;                 ; --       ; --           ;
; 176      ; 405        ; 6        ; RESERVED_INPUT_WITH_WEAK_PULLUP                           ;        ;              ;         ; Row I/O    ;                 ; no       ; On           ;
; 177      ; 407        ; 6        ; RESERVED_INPUT_WITH_WEAK_PULLUP                           ;        ;              ;         ; Row I/O    ;                 ; no       ; On           ;
; 178      ;            ; --       ; VCCA2                                                     ; power  ;              ; 2.5V    ; --         ;                 ; --       ; --           ;
; 179      ;            ;          ; GNDA2                                                     ; gnd    ;              ;         ; --         ;                 ; --       ; --           ;
; 180      ;            ;          ; VCCD_PLL2                                                 ; power  ;              ; 1.2V    ; --         ;                 ; --       ; --           ;
; 181      ;            ;          ; VCCINT                                                    ; power  ;              ; 1.2V    ; --         ;                 ; --       ; --           ;
; 182      ;            ;          ; GND                                                       ; gnd    ;              ;         ; --         ;                 ; --       ; --           ;
; 183      ; 423        ; 7        ; RESERVED_INPUT_WITH_WEAK_PULLUP                           ;        ;              ;         ; Column I/O ;                 ; no       ; On           ;
; 184      ; 426        ; 7        ; RESERVED_INPUT_WITH_WEAK_PULLUP                           ;        ;              ;         ; Column I/O ;                 ; no       ; On           ;
; 185      ; 430        ; 7        ; RESERVED_INPUT_WITH_WEAK_PULLUP                           ;        ;              ;         ; Column I/O ;                 ; no       ; On           ;
; 186      ; 431        ; 7        ; RESERVED_INPUT_WITH_WEAK_PULLUP                           ;        ;              ;         ; Column I/O ;                 ; no       ; On           ;
; 187      ; 434        ; 7        ; pc_out[27]                                                ; output ; 2.5 V        ;         ; Column I/O ; N               ; no       ; Off          ;
; 188      ; 435        ; 7        ; pc_out[14]                                                ; output ; 2.5 V        ;         ; Column I/O ; N               ; no       ; Off          ;
; 189      ; 439        ; 7        ; pc_out[4]                                                 ; output ; 2.5 V        ;         ; Column I/O ; N               ; no       ; Off          ;
; 190      ;            ;          ; VCCINT                                                    ; power  ;              ; 1.2V    ; --         ;                 ; --       ; --           ;
; 191      ;            ;          ; GND                                                       ; gnd    ;              ;         ; --         ;                 ; --       ; --           ;
; 192      ;            ; 7        ; VCCIO7                                                    ; power  ;              ; 2.5V    ; --         ;                 ; --       ; --           ;
; 193      ;            ;          ; GND                                                       ; gnd    ;              ;         ; --         ;                 ; --       ; --           ;
; 194      ; 447        ; 7        ; pc_out[5]                                                 ; output ; 2.5 V        ;         ; Column I/O ; N               ; no       ; Off          ;
; 195      ; 450        ; 7        ; pc_out[23]                                                ; output ; 2.5 V        ;         ; Column I/O ; N               ; no       ; Off          ;
; 196      ; 453        ; 7        ; pc_out[22]                                                ; output ; 2.5 V        ;         ; Column I/O ; N               ; no       ; Off          ;
; 197      ; 454        ; 7        ; pc_out[13]                                                ; output ; 2.5 V        ;         ; Column I/O ; N               ; no       ; Off          ;
; 198      ;            ;          ; VCCINT                                                    ; power  ;              ; 1.2V    ; --         ;                 ; --       ; --           ;
; 199      ;            ;          ; GND                                                       ; gnd    ;              ;         ; --         ;                 ; --       ; --           ;
; 200      ; 457        ; 7        ; pc_out[16]                                                ; output ; 2.5 V        ;         ; Column I/O ; N               ; no       ; Off          ;
; 201      ; 458        ; 7        ; pc_out[18]                                                ; output ; 2.5 V        ;         ; Column I/O ; N               ; no       ; Off          ;
; 202      ; 459        ; 7        ; pc_out[21]                                                ; output ; 2.5 V        ;         ; Column I/O ; N               ; no       ; Off          ;
; 203      ; 468        ; 7        ; pc_out[31]                                                ; output ; 2.5 V        ;         ; Column I/O ; N               ; no       ; Off          ;
; 204      ;            ;          ; VCCINT                                                    ; power  ;              ; 1.2V    ; --         ;                 ; --       ; --           ;
; 205      ;            ;          ; GND                                                       ; gnd    ;              ;         ; --         ;                 ; --       ; --           ;
; 206      ;            ; 7        ; VCCIO7                                                    ; power  ;              ; 2.5V    ; --         ;                 ; --       ; --           ;
; 207      ; 474        ; 7        ; pc_out[24]                                                ; output ; 2.5 V        ;         ; Column I/O ; N               ; no       ; Off          ;
; 208      ;            ;          ; GND                                                       ; gnd    ;              ;         ; --         ;                 ; --       ; --           ;
; 209      ; 479        ; 7        ; GND+                                                      ;        ;              ;         ; Column I/O ;                 ; --       ; --           ;
; 210      ; 480        ; 7        ; GND+                                                      ;        ;              ;         ; Column I/O ;                 ; --       ; --           ;
; 211      ; 481        ; 8        ; GND+                                                      ;        ;              ;         ; Column I/O ;                 ; --       ; --           ;
; 212      ; 482        ; 8        ; GND+                                                      ;        ;              ;         ; Column I/O ;                 ; --       ; --           ;
; 213      ;            ; 8        ; VCCIO8                                                    ; power  ;              ; 2.5V    ; --         ;                 ; --       ; --           ;
; 214      ; 488        ; 8        ; RESERVED_INPUT_WITH_WEAK_PULLUP                           ;        ;              ;         ; Column I/O ;                 ; no       ; On           ;
; 215      ;            ;          ; GND                                                       ; gnd    ;              ;         ; --         ;                 ; --       ; --           ;
; 216      ; 491        ; 8        ; pc_out[26]                                                ; output ; 2.5 V        ;         ; Column I/O ; N               ; no       ; Off          ;
; 217      ; 492        ; 8        ; pc_out[0]                                                 ; output ; 2.5 V        ;         ; Column I/O ; N               ; no       ; Off          ;
; 218      ; 497        ; 8        ; RESERVED_INPUT_WITH_WEAK_PULLUP                           ;        ;              ;         ; Column I/O ;                 ; no       ; On           ;
; 219      ; 498        ; 8        ; RESERVED_INPUT_WITH_WEAK_PULLUP                           ;        ;              ;         ; Column I/O ;                 ; no       ; On           ;
; 220      ;            ;          ; VCCINT                                                    ; power  ;              ; 1.2V    ; --         ;                 ; --       ; --           ;
; 221      ; 500        ; 8        ; pin_name12                                                ; output ; 2.5 V        ;         ; Column I/O ; N               ; no       ; Off          ;
; 222      ;            ;          ; GND                                                       ; gnd    ;              ;         ; --         ;                 ; --       ; --           ;
; 223      ; 506        ; 8        ; RESERVED_INPUT_WITH_WEAK_PULLUP                           ;        ;              ;         ; Column I/O ;                 ; no       ; On           ;
; 224      ; 507        ; 8        ; RESERVED_INPUT_WITH_WEAK_PULLUP                           ;        ;              ;         ; Column I/O ;                 ; no       ; On           ;
; 225      ;            ; 8        ; VCCIO8                                                    ; power  ;              ; 2.5V    ; --         ;                 ; --       ; --           ;
; 226      ; 518        ; 8        ; RESERVED_INPUT_WITH_WEAK_PULLUP                           ;        ;              ;         ; Column I/O ;                 ; no       ; On           ;
; 227      ;            ;          ; GND                                                       ; gnd    ;              ;         ; --         ;                 ; --       ; --           ;
; 228      ;            ;          ; VCCINT                                                    ; power  ;              ; 1.2V    ; --         ;                 ; --       ; --           ;
; 229      ;            ;          ; GND                                                       ; gnd    ;              ;         ; --         ;                 ; --       ; --           ;
; 230      ; 523        ; 8        ; RESERVED_INPUT_WITH_WEAK_PULLUP                           ;        ;              ;         ; Column I/O ;                 ; no       ; On           ;
; 231      ; 525        ; 8        ; RESERVED_INPUT_WITH_WEAK_PULLUP                           ;        ;              ;         ; Column I/O ;                 ; no       ; On           ;
; 232      ; 526        ; 8        ; RESERVED_INPUT_WITH_WEAK_PULLUP                           ;        ;              ;         ; Column I/O ;                 ; no       ; On           ;
; 233      ;            ;          ; VCCINT                                                    ; power  ;              ; 1.2V    ; --         ;                 ; --       ; --           ;
; 234      ;            ;          ; GND                                                       ; gnd    ;              ;         ; --         ;                 ; --       ; --           ;
; 235      ; 536        ; 8        ; RESERVED_INPUT_WITH_WEAK_PULLUP                           ;        ;              ;         ; Column I/O ;                 ; no       ; On           ;
; 236      ; 539        ; 8        ; RESERVED_INPUT_WITH_WEAK_PULLUP                           ;        ;              ;         ; Column I/O ;                 ; no       ; On           ;
; 237      ;            ;          ; VCCINT                                                    ; power  ;              ; 1.2V    ; --         ;                 ; --       ; --           ;
; 238      ;            ;          ; GND                                                       ; gnd    ;              ;         ; --         ;                 ; --       ; --           ;
; 239      ; 545        ; 8        ; pin_name13                                                ; output ; 2.5 V        ;         ; Column I/O ; N               ; no       ; Off          ;
; 240      ; 546        ; 8        ; RESERVED_INPUT_WITH_WEAK_PULLUP                           ;        ;              ;         ; Column I/O ;                 ; no       ; On           ;
+----------+------------+----------+-----------------------------------------------------------+--------+--------------+---------+------------+-----------------+----------+--------------+
Note: Pin directions (input, output or bidir) are based on device operating in user mode.


+-------------------------------------------------------------------------------+
; Output Pin Default Load For Reported TCO                                      ;
+----------------------------------+-------+------------------------------------+
; I/O Standard                     ; Load  ; Termination Resistance             ;
+----------------------------------+-------+------------------------------------+
; 3.0-V LVTTL                      ; 0 pF  ; Not Available                      ;
; 3.3-V LVTTL                      ; 0 pF  ; Not Available                      ;
; 3.0-V LVCMOS                     ; 0 pF  ; Not Available                      ;
; 3.3-V LVCMOS                     ; 0 pF  ; Not Available                      ;
; 3.0-V PCI                        ; 10 pF ; 25 Ohm (Parallel)                  ;
; 3.0-V PCI-X                      ; 10 pF ; 25 Ohm (Parallel)                  ;
; 2.5 V                            ; 0 pF  ; Not Available                      ;
; 1.8 V                            ; 0 pF  ; Not Available                      ;
; 1.5 V                            ; 0 pF  ; Not Available                      ;
; 1.2 V                            ; 0 pF  ; Not Available                      ;
; SSTL-2 Class I                   ; 0 pF  ; 50 Ohm (Parallel), 25 Ohm (Serial) ;
; Differential 2.5-V SSTL Class I  ; 0 pF  ; (See SSTL-2)                       ;
; SSTL-2 Class II                  ; 0 pF  ; 25 Ohm (Parallel), 25 Ohm (Serial) ;
; Differential 2.5-V SSTL Class II ; 0 pF  ; (See SSTL-2 Class II)              ;
; SSTL-18 Class I                  ; 0 pF  ; 50 Ohm (Parallel), 25 Ohm (Serial) ;
; Differential 1.8-V SSTL Class I  ; 0 pF  ; (See 1.8-V SSTL Class I)           ;
; SSTL-18 Class II                 ; 0 pF  ; 25 Ohm (Parallel), 25 Ohm (Serial) ;
; Differential 1.8-V SSTL Class II ; 0 pF  ; (See 1.8-V SSTL Class II)          ;
; 1.8-V HSTL Class I               ; 0 pF  ; 50 Ohm (Parallel)                  ;
; Differential 1.8-V HSTL Class I  ; 0 pF  ; (See 1.8-V HSTL Class I)           ;
; 1.8-V HSTL Class II              ; 0 pF  ; 25 Ohm (Parallel)                  ;
; Differential 1.8-V HSTL Class II ; 0 pF  ; (See 1.8-V HSTL Class II)          ;
; 1.5-V HSTL Class I               ; 0 pF  ; 50 Ohm (Parallel)                  ;
; Differential 1.5-V HSTL Class I  ; 0 pF  ; (See 1.5-V HSTL Class I)           ;
; 1.5-V HSTL Class II              ; 0 pF  ; 25 Ohm (Parallel)                  ;
; Differential 1.5-V HSTL Class II ; 0 pF  ; (See 1.5-V HSTL Class II)          ;
; 1.2-V HSTL Class I               ; 0 pF  ; Not Available                      ;
; Differential 1.2-V HSTL Class I  ; 0 pF  ; Not Available                      ;
; 1.2-V HSTL Class II              ; 0 pF  ; Not Available                      ;
; Differential 1.2-V HSTL Class II ; 0 pF  ; Not Available                      ;
; Differential LVPECL              ; 0 pF  ; 100 Ohm (Differential)             ;
; LVDS                             ; 0 pF  ; 100 Ohm (Differential)             ;
; LVDS_E_3R                        ; 0 pF  ; Not Available                      ;
; RSDS                             ; 0 pF  ; 100 Ohm (Differential)             ;
; RSDS_E_1R                        ; 0 pF  ; Not Available                      ;
; RSDS_E_3R                        ; 0 pF  ; Not Available                      ;
; mini-LVDS                        ; 0 pF  ; 100 Ohm (Differential)             ;
; mini-LVDS_E_3R                   ; 0 pF  ; Not Available                      ;
; PPDS                             ; 0 pF  ; Not Available                      ;
; PPDS_E_3R                        ; 0 pF  ; Not Available                      ;
; Bus LVDS                         ; 0 pF  ; Not Available                      ;
+----------------------------------+-------+------------------------------------+
Note: User assignments will override these defaults. The user specified values are listed in the Output Pins and Bidir Pins tables.


+------------------------------------------------------------------------------------------------------------------------------------------------------------------------------------------------------------------------------------------------------------------------------------------------+
; Fitter Resource Utilization by Entity                                                                                                                                                                                                                                                          ;
+---------------------------------+-------------+---------------------------+---------------+-------------+------+--------------+---------+-----------+------+--------------+--------------+-------------------+------------------+-----------------------------------------------+--------------+
; Compilation Hierarchy Node      ; Logic Cells ; Dedicated Logic Registers ; I/O Registers ; Memory Bits ; M9Ks ; DSP Elements ; DSP 9x9 ; DSP 18x18 ; Pins ; Virtual Pins ; LUT-Only LCs ; Register-Only LCs ; LUT/Register LCs ; Full Hierarchy Name                           ; Library Name ;
+---------------------------------+-------------+---------------------------+---------------+-------------+------+--------------+---------+-----------+------+--------------+--------------+-------------------+------------------+-----------------------------------------------+--------------+
; |risc5                          ; 271 (0)     ; 158 (0)                   ; 0 (0)         ; 0           ; 0    ; 0            ; 0       ; 0         ; 69   ; 0            ; 113 (0)      ; 25 (0)            ; 133 (0)          ; |risc5                                        ; work         ;
;    |alu32:inst6|                ; 88 (88)     ; 0 (0)                     ; 0 (0)         ; 0           ; 0    ; 0            ; 0       ; 0         ; 0    ; 0            ; 51 (51)      ; 0 (0)             ; 37 (37)          ; |risc5|alu32:inst6                            ; work         ;
;    |imem:inst|                  ; 6 (6)       ; 0 (0)                     ; 0 (0)         ; 0           ; 0    ; 0            ; 0       ; 0         ; 0    ; 0            ; 6 (6)        ; 0 (0)             ; 0 (0)            ; |risc5|imem:inst                              ; work         ;
;    |lpm_dff2:inst2|             ; 30 (0)      ; 30 (0)                    ; 0 (0)         ; 0           ; 0    ; 0            ; 0       ; 0         ; 0    ; 0            ; 0 (0)        ; 0 (0)             ; 30 (0)           ; |risc5|lpm_dff2:inst2                         ; work         ;
;       |lpm_ff:lpm_ff_component| ; 30 (30)     ; 30 (30)                   ; 0 (0)         ; 0           ; 0    ; 0            ; 0       ; 0         ; 0    ; 0            ; 0 (0)        ; 0 (0)             ; 30 (30)          ; |risc5|lpm_dff2:inst2|lpm_ff:lpm_ff_component ; work         ;
;    |regfile:inst5|              ; 184 (184)   ; 128 (128)                 ; 0 (0)         ; 0           ; 0    ; 0            ; 0       ; 0         ; 0    ; 0            ; 56 (56)      ; 25 (25)           ; 103 (103)        ; |risc5|regfile:inst5                          ; work         ;
+---------------------------------+-------------+---------------------------+---------------+-------------+------+--------------+---------+-----------+------+--------------+--------------+-------------------+------------------+-----------------------------------------------+--------------+
Note: For table entries with two numbers listed, the numbers in parentheses indicate the number of resources of the given type used by the specific entity alone. The numbers listed outside of parentheses indicate the total resources of the given type used by the specific entity and all of its sub-entities in the hierarchy.


+---------------------------------------------------------------------------------------------+
; Delay Chain Summary                                                                         ;
+-------------+----------+---------------+---------------+-----------------------+-----+------+
; Name        ; Pin Type ; Pad to Core 0 ; Pad to Core 1 ; Pad to Input Register ; TCO ; TCOE ;
+-------------+----------+---------------+---------------+-----------------------+-----+------+
; pin_name    ; Output   ; --            ; --            ; --                    ; --  ; --   ;
; pc_out[31]  ; Output   ; --            ; --            ; --                    ; --  ; --   ;
; pc_out[30]  ; Output   ; --            ; --            ; --                    ; --  ; --   ;
; pc_out[29]  ; Output   ; --            ; --            ; --                    ; --  ; --   ;
; pc_out[28]  ; Output   ; --            ; --            ; --                    ; --  ; --   ;
; pc_out[27]  ; Output   ; --            ; --            ; --                    ; --  ; --   ;
; pc_out[26]  ; Output   ; --            ; --            ; --                    ; --  ; --   ;
; pc_out[25]  ; Output   ; --            ; --            ; --                    ; --  ; --   ;
; pc_out[24]  ; Output   ; --            ; --            ; --                    ; --  ; --   ;
; pc_out[23]  ; Output   ; --            ; --            ; --                    ; --  ; --   ;
; pc_out[22]  ; Output   ; --            ; --            ; --                    ; --  ; --   ;
; pc_out[21]  ; Output   ; --            ; --            ; --                    ; --  ; --   ;
; pc_out[20]  ; Output   ; --            ; --            ; --                    ; --  ; --   ;
; pc_out[19]  ; Output   ; --            ; --            ; --                    ; --  ; --   ;
; pc_out[18]  ; Output   ; --            ; --            ; --                    ; --  ; --   ;
; pc_out[17]  ; Output   ; --            ; --            ; --                    ; --  ; --   ;
; pc_out[16]  ; Output   ; --            ; --            ; --                    ; --  ; --   ;
; pc_out[15]  ; Output   ; --            ; --            ; --                    ; --  ; --   ;
; pc_out[14]  ; Output   ; --            ; --            ; --                    ; --  ; --   ;
; pc_out[13]  ; Output   ; --            ; --            ; --                    ; --  ; --   ;
; pc_out[12]  ; Output   ; --            ; --            ; --                    ; --  ; --   ;
; pc_out[11]  ; Output   ; --            ; --            ; --                    ; --  ; --   ;
; pc_out[10]  ; Output   ; --            ; --            ; --                    ; --  ; --   ;
; pc_out[9]   ; Output   ; --            ; --            ; --                    ; --  ; --   ;
; pc_out[8]   ; Output   ; --            ; --            ; --                    ; --  ; --   ;
; pc_out[7]   ; Output   ; --            ; --            ; --                    ; --  ; --   ;
; pc_out[6]   ; Output   ; --            ; --            ; --                    ; --  ; --   ;
; pc_out[5]   ; Output   ; --            ; --            ; --                    ; --  ; --   ;
; pc_out[4]   ; Output   ; --            ; --            ; --                    ; --  ; --   ;
; pc_out[3]   ; Output   ; --            ; --            ; --                    ; --  ; --   ;
; pc_out[2]   ; Output   ; --            ; --            ; --                    ; --  ; --   ;
; pc_out[1]   ; Output   ; --            ; --            ; --                    ; --  ; --   ;
; pc_out[0]   ; Output   ; --            ; --            ; --                    ; --  ; --   ;
; pin_name12  ; Output   ; --            ; --            ; --                    ; --  ; --   ;
; pin_name13  ; Output   ; --            ; --            ; --                    ; --  ; --   ;
; alu_out[31] ; Output   ; --            ; --            ; --                    ; --  ; --   ;
; alu_out[30] ; Output   ; --            ; --            ; --                    ; --  ; --   ;
; alu_out[29] ; Output   ; --            ; --            ; --                    ; --  ; --   ;
; alu_out[28] ; Output   ; --            ; --            ; --                    ; --  ; --   ;
; alu_out[27] ; Output   ; --            ; --            ; --                    ; --  ; --   ;
; alu_out[26] ; Output   ; --            ; --            ; --                    ; --  ; --   ;
; alu_out[25] ; Output   ; --            ; --            ; --                    ; --  ; --   ;
; alu_out[24] ; Output   ; --            ; --            ; --                    ; --  ; --   ;
; alu_out[23] ; Output   ; --            ; --            ; --                    ; --  ; --   ;
; alu_out[22] ; Output   ; --            ; --            ; --                    ; --  ; --   ;
; alu_out[21] ; Output   ; --            ; --            ; --                    ; --  ; --   ;
; alu_out[20] ; Output   ; --            ; --            ; --                    ; --  ; --   ;
; alu_out[19] ; Output   ; --            ; --            ; --                    ; --  ; --   ;
; alu_out[18] ; Output   ; --            ; --            ; --                    ; --  ; --   ;
; alu_out[17] ; Output   ; --            ; --            ; --                    ; --  ; --   ;
; alu_out[16] ; Output   ; --            ; --            ; --                    ; --  ; --   ;
; alu_out[15] ; Output   ; --            ; --            ; --                    ; --  ; --   ;
; alu_out[14] ; Output   ; --            ; --            ; --                    ; --  ; --   ;
; alu_out[13] ; Output   ; --            ; --            ; --                    ; --  ; --   ;
; alu_out[12] ; Output   ; --            ; --            ; --                    ; --  ; --   ;
; alu_out[11] ; Output   ; --            ; --            ; --                    ; --  ; --   ;
; alu_out[10] ; Output   ; --            ; --            ; --                    ; --  ; --   ;
; alu_out[9]  ; Output   ; --            ; --            ; --                    ; --  ; --   ;
; alu_out[8]  ; Output   ; --            ; --            ; --                    ; --  ; --   ;
; alu_out[7]  ; Output   ; --            ; --            ; --                    ; --  ; --   ;
; alu_out[6]  ; Output   ; --            ; --            ; --                    ; --  ; --   ;
; alu_out[5]  ; Output   ; --            ; --            ; --                    ; --  ; --   ;
; alu_out[4]  ; Output   ; --            ; --            ; --                    ; --  ; --   ;
; alu_out[3]  ; Output   ; --            ; --            ; --                    ; --  ; --   ;
; alu_out[2]  ; Output   ; --            ; --            ; --                    ; --  ; --   ;
; alu_out[1]  ; Output   ; --            ; --            ; --                    ; --  ; --   ;
; alu_out[0]  ; Output   ; --            ; --            ; --                    ; --  ; --   ;
; clk         ; Input    ; --            ; 0             ; --                    ; --  ; --   ;
; pc_clr      ; Input    ; --            ; 0             ; --                    ; --  ; --   ;
+-------------+----------+---------------+---------------+-----------------------+-----+------+


+----------------------------------------------------------+
; Pad To Core Delay Chain Fanout                           ;
+----------------------------+-------------------+---------+
; Source Pin / Fanout        ; Pad To Core Index ; Setting ;
+----------------------------+-------------------+---------+
; clk                        ;                   ;         ;
;      - clk~inputclkctrl    ; 1                 ; 0       ;
; pc_clr                     ;                   ;         ;
;      - pc_clr~inputclkctrl ; 1                 ; 0       ;
+----------------------------+-------------------+---------+


+-----------------------------------------------------------------------------------------------------------------------------------------------------------+
; Control Signals                                                                                                                                           ;
+------------------------------+--------------------+---------+--------------+--------+----------------------+------------------+---------------------------+
; Name                         ; Location           ; Fan-Out ; Usage        ; Global ; Global Resource Used ; Global Line Name ; Enable Signal Source Name ;
+------------------------------+--------------------+---------+--------------+--------+----------------------+------------------+---------------------------+
; clk                          ; PIN_43             ; 158     ; Clock        ; yes    ; Global Clock         ; GCLK1            ; --                        ;
; pc_clr                       ; PIN_22             ; 30      ; Async. clear ; yes    ; Global Clock         ; GCLK0            ; --                        ;
; regfile:inst5|reg_array~1266 ; LCCOMB_X48_Y21_N24 ; 32      ; Clock enable ; no     ; --                   ; --               ; --                        ;
; regfile:inst5|reg_array~1267 ; LCCOMB_X51_Y21_N30 ; 32      ; Clock enable ; no     ; --                   ; --               ; --                        ;
; regfile:inst5|reg_array~1268 ; LCCOMB_X49_Y18_N6  ; 8       ; Clock enable ; no     ; --                   ; --               ; --                        ;
; regfile:inst5|reg_array~1277 ; LCCOMB_X49_Y18_N10 ; 8       ; Clock enable ; no     ; --                   ; --               ; --                        ;
; regfile:inst5|reg_array~1278 ; LCCOMB_X49_Y18_N28 ; 8       ; Clock enable ; no     ; --                   ; --               ; --                        ;
; regfile:inst5|reg_array~1279 ; LCCOMB_X49_Y19_N4  ; 8       ; Clock enable ; no     ; --                   ; --               ; --                        ;
; regfile:inst5|reg_array~1280 ; LCCOMB_X49_Y19_N30 ; 8       ; Clock enable ; no     ; --                   ; --               ; --                        ;
; regfile:inst5|reg_array~1281 ; LCCOMB_X49_Y19_N24 ; 8       ; Clock enable ; no     ; --                   ; --               ; --                        ;
; regfile:inst5|reg_array~1282 ; LCCOMB_X49_Y19_N26 ; 8       ; Clock enable ; no     ; --                   ; --               ; --                        ;
; regfile:inst5|reg_array~1283 ; LCCOMB_X49_Y19_N28 ; 8       ; Clock enable ; no     ; --                   ; --               ; --                        ;
+------------------------------+--------------------+---------+--------------+--------+----------------------+------------------+---------------------------+


+------------------------------------------------------------------------------------------------------------------------------------------+
; Global & Other Fast Signals                                                                                                              ;
+--------+----------+---------+--------------------------------------+----------------------+------------------+---------------------------+
; Name   ; Location ; Fan-Out ; Fan-Out Using Intentional Clock Skew ; Global Resource Used ; Global Line Name ; Enable Signal Source Name ;
+--------+----------+---------+--------------------------------------+----------------------+------------------+---------------------------+
; clk    ; PIN_43   ; 158     ; 0                                    ; Global Clock         ; GCLK1            ; --                        ;
; pc_clr ; PIN_22   ; 30      ; 0                                    ; Global Clock         ; GCLK0            ; --                        ;
+--------+----------+---------+--------------------------------------+----------------------+------------------+---------------------------+


+----------------------------------------------------------+
; Non-Global High Fan-Out Signals                          ;
+------------------------------------------------+---------+
; Name                                           ; Fan-Out ;
+------------------------------------------------+---------+
; lpm_dff2:inst2|lpm_ff:lpm_ff_component|dffs[5] ; 82      ;
; lpm_dff2:inst2|lpm_ff:lpm_ff_component|dffs[3] ; 75      ;
; lpm_dff2:inst2|lpm_ff:lpm_ff_component|dffs[4] ; 74      ;
; lpm_dff2:inst2|lpm_ff:lpm_ff_component|dffs[2] ; 51      ;
; imem:inst|WideOr1~0                            ; 39      ;
; imem:inst|WideOr2~0                            ; 34      ;
; regfile:inst5|reg_array~1267                   ; 32      ;
; regfile:inst5|reg_array~1266                   ; 32      ;
; imem:inst|inst[23]~3                           ; 15      ;
; imem:inst|WideOr0~0                            ; 13      ;
; imem:inst|Decoder0~0                           ; 11      ;
; alu32:inst6|Add0~245                           ; 11      ;
; alu32:inst6|Add0~243                           ; 11      ;
; alu32:inst6|Add0~241                           ; 11      ;
; alu32:inst6|Add0~233                           ; 11      ;
; alu32:inst6|Add0~231                           ; 11      ;
; alu32:inst6|Add0~229                           ; 11      ;
; alu32:inst6|Add0~227                           ; 11      ;
; alu32:inst6|Add0~225                           ; 11      ;
; regfile:inst5|reg_array~1214                   ; 10      ;
; regfile:inst5|reg_array~1283                   ; 8       ;
; regfile:inst5|reg_array~1282                   ; 8       ;
; regfile:inst5|reg_array~1281                   ; 8       ;
; regfile:inst5|reg_array~1280                   ; 8       ;
; regfile:inst5|reg_array~1279                   ; 8       ;
; regfile:inst5|reg_array~1278                   ; 8       ;
; regfile:inst5|reg_array~1277                   ; 8       ;
; regfile:inst5|reg_array~1080                   ; 8       ;
; regfile:inst5|reg_array~1268                   ; 8       ;
; regfile:inst5|Equal1~1                         ; 7       ;
; regfile:inst5|reg_array~1207                   ; 6       ;
; imem:inst|Decoder0~1                           ; 4       ;
; alu32:inst6|Add0~287                           ; 3       ;
; alu32:inst6|Add0~285                           ; 3       ;
; alu32:inst6|Add0~283                           ; 3       ;
; alu32:inst6|Add0~281                           ; 3       ;
; alu32:inst6|Add0~279                           ; 3       ;
; alu32:inst6|Add0~277                           ; 3       ;
; alu32:inst6|Add0~275                           ; 3       ;
; alu32:inst6|Add0~273                           ; 3       ;
; alu32:inst6|Add0~271                           ; 3       ;
; alu32:inst6|Add0~269                           ; 3       ;
; alu32:inst6|Add0~267                           ; 3       ;
; alu32:inst6|Add0~265                           ; 3       ;
; alu32:inst6|Add0~263                           ; 3       ;
; alu32:inst6|Add0~261                           ; 3       ;
; alu32:inst6|Add0~259                           ; 3       ;
; alu32:inst6|Add0~257                           ; 3       ;
; alu32:inst6|Add0~255                           ; 3       ;
; alu32:inst6|Add0~253                           ; 3       ;
+------------------------------------------------+---------+


+------------------------------------------------------+
; Interconnect Usage Summary                           ;
+----------------------------+-------------------------+
; Interconnect Resource Type ; Usage                   ;
+----------------------------+-------------------------+
; Block interconnects        ; 436 / 116,715 ( < 1 % ) ;
; C16 interconnects          ; 33 / 3,886 ( < 1 % )    ;
; C4 interconnects           ; 379 / 73,752 ( < 1 % )  ;
; Direct links               ; 64 / 116,715 ( < 1 % )  ;
; Global clocks              ; 2 / 20 ( 10 % )         ;
; Local interconnects        ; 95 / 39,600 ( < 1 % )   ;
; R24 interconnects          ; 42 / 3,777 ( 1 % )      ;
; R4 interconnects           ; 357 / 99,858 ( < 1 % )  ;
+----------------------------+-------------------------+


+----------------------------------------------------------------------------+
; LAB Logic Elements                                                         ;
+---------------------------------------------+------------------------------+
; Number of Logic Elements  (Average = 13.55) ; Number of LABs  (Total = 20) ;
+---------------------------------------------+------------------------------+
; 1                                           ; 2                            ;
; 2                                           ; 0                            ;
; 3                                           ; 1                            ;
; 4                                           ; 0                            ;
; 5                                           ; 0                            ;
; 6                                           ; 0                            ;
; 7                                           ; 0                            ;
; 8                                           ; 0                            ;
; 9                                           ; 0                            ;
; 10                                          ; 0                            ;
; 11                                          ; 0                            ;
; 12                                          ; 1                            ;
; 13                                          ; 0                            ;
; 14                                          ; 0                            ;
; 15                                          ; 2                            ;
; 16                                          ; 14                           ;
+---------------------------------------------+------------------------------+


+-------------------------------------------------------------------+
; LAB-wide Signals                                                  ;
+------------------------------------+------------------------------+
; LAB-wide Signals  (Average = 1.90) ; Number of LABs  (Total = 20) ;
+------------------------------------+------------------------------+
; 1 Async. clear                     ; 2                            ;
; 1 Clock                            ; 19                           ;
; 1 Clock enable                     ; 5                            ;
; 2 Clock enables                    ; 12                           ;
+------------------------------------+------------------------------+


+-----------------------------------------------------------------------------+
; LAB Signals Sourced                                                         ;
+----------------------------------------------+------------------------------+
; Number of Signals Sourced  (Average = 20.80) ; Number of LABs  (Total = 20) ;
+----------------------------------------------+------------------------------+
; 0                                            ; 0                            ;
; 1                                            ; 1                            ;
; 2                                            ; 1                            ;
; 3                                            ; 0                            ;
; 4                                            ; 1                            ;
; 5                                            ; 0                            ;
; 6                                            ; 0                            ;
; 7                                            ; 0                            ;
; 8                                            ; 0                            ;
; 9                                            ; 0                            ;
; 10                                           ; 0                            ;
; 11                                           ; 0                            ;
; 12                                           ; 0                            ;
; 13                                           ; 0                            ;
; 14                                           ; 0                            ;
; 15                                           ; 0                            ;
; 16                                           ; 0                            ;
; 17                                           ; 0                            ;
; 18                                           ; 1                            ;
; 19                                           ; 0                            ;
; 20                                           ; 1                            ;
; 21                                           ; 5                            ;
; 22                                           ; 2                            ;
; 23                                           ; 1                            ;
; 24                                           ; 0                            ;
; 25                                           ; 2                            ;
; 26                                           ; 1                            ;
; 27                                           ; 0                            ;
; 28                                           ; 0                            ;
; 29                                           ; 0                            ;
; 30                                           ; 2                            ;
; 31                                           ; 1                            ;
; 32                                           ; 1                            ;
+----------------------------------------------+------------------------------+


+---------------------------------------------------------------------------------+
; LAB Signals Sourced Out                                                         ;
+--------------------------------------------------+------------------------------+
; Number of Signals Sourced Out  (Average = 11.90) ; Number of LABs  (Total = 20) ;
+--------------------------------------------------+------------------------------+
; 0                                                ; 0                            ;
; 1                                                ; 2                            ;
; 2                                                ; 0                            ;
; 3                                                ; 1                            ;
; 4                                                ; 1                            ;
; 5                                                ; 0                            ;
; 6                                                ; 0                            ;
; 7                                                ; 0                            ;
; 8                                                ; 3                            ;
; 9                                                ; 0                            ;
; 10                                               ; 1                            ;
; 11                                               ; 2                            ;
; 12                                               ; 1                            ;
; 13                                               ; 1                            ;
; 14                                               ; 1                            ;
; 15                                               ; 3                            ;
; 16                                               ; 2                            ;
; 17                                               ; 0                            ;
; 18                                               ; 0                            ;
; 19                                               ; 0                            ;
; 20                                               ; 0                            ;
; 21                                               ; 0                            ;
; 22                                               ; 0                            ;
; 23                                               ; 0                            ;
; 24                                               ; 0                            ;
; 25                                               ; 1                            ;
; 26                                               ; 0                            ;
; 27                                               ; 0                            ;
; 28                                               ; 0                            ;
; 29                                               ; 0                            ;
; 30                                               ; 0                            ;
; 31                                               ; 0                            ;
; 32                                               ; 1                            ;
+--------------------------------------------------+------------------------------+


+-----------------------------------------------------------------------------+
; LAB Distinct Inputs                                                         ;
+----------------------------------------------+------------------------------+
; Number of Distinct Inputs  (Average = 18.00) ; Number of LABs  (Total = 20) ;
+----------------------------------------------+------------------------------+
; 0                                            ; 0                            ;
; 1                                            ; 0                            ;
; 2                                            ; 2                            ;
; 3                                            ; 1                            ;
; 4                                            ; 0                            ;
; 5                                            ; 0                            ;
; 6                                            ; 2                            ;
; 7                                            ; 0                            ;
; 8                                            ; 0                            ;
; 9                                            ; 0                            ;
; 10                                           ; 0                            ;
; 11                                           ; 0                            ;
; 12                                           ; 0                            ;
; 13                                           ; 0                            ;
; 14                                           ; 0                            ;
; 15                                           ; 1                            ;
; 16                                           ; 1                            ;
; 17                                           ; 0                            ;
; 18                                           ; 2                            ;
; 19                                           ; 2                            ;
; 20                                           ; 0                            ;
; 21                                           ; 2                            ;
; 22                                           ; 1                            ;
; 23                                           ; 1                            ;
; 24                                           ; 1                            ;
; 25                                           ; 1                            ;
; 26                                           ; 0                            ;
; 27                                           ; 0                            ;
; 28                                           ; 0                            ;
; 29                                           ; 1                            ;
; 30                                           ; 0                            ;
; 31                                           ; 0                            ;
; 32                                           ; 0                            ;
; 33                                           ; 0                            ;
; 34                                           ; 0                            ;
; 35                                           ; 1                            ;
; 36                                           ; 1                            ;
+----------------------------------------------+------------------------------+


+------------------------------------------+
; I/O Rules Summary                        ;
+----------------------------------+-------+
; I/O Rules Statistic              ; Total ;
+----------------------------------+-------+
; Total I/O Rules                  ; 30    ;
; Number of I/O Rules Passed       ; 12    ;
; Number of I/O Rules Failed       ; 0     ;
; Number of I/O Rules Unchecked    ; 0     ;
; Number of I/O Rules Inapplicable ; 18    ;
+----------------------------------+-------+


+-----------------------------------------------------------------------------------------------------------------------------------------------------------------------------------------------------------------------------------------------------------------------------------------------------+
; I/O Rules Details                                                                                                                                                                                                                                                                                   ;
+--------------+-----------+-----------------------------------+------------------------------------------------------------------------------------------------------+----------+--------------------------------------------------------------------------+---------------------+-------------------+
; Status       ; ID        ; Category                          ; Rule Description                                                                                     ; Severity ; Information                                                              ; Area                ; Extra Information ;
+--------------+-----------+-----------------------------------+------------------------------------------------------------------------------------------------------+----------+--------------------------------------------------------------------------+---------------------+-------------------+
; Pass         ; IO_000001 ; Capacity Checks                   ; Number of pins in an I/O bank should not exceed the number of locations available.                   ; Critical ; 0 such failures found.                                                   ; I/O                 ;                   ;
; Inapplicable ; IO_000002 ; Capacity Checks                   ; Number of clocks in an I/O bank should not exceed the number of clocks available.                    ; Critical ; No Global Signal assignments found.                                      ; I/O                 ;                   ;
; Pass         ; IO_000003 ; Capacity Checks                   ; Number of pins in a Vrefgroup should not exceed the number of locations available.                   ; Critical ; 0 such failures found.                                                   ; I/O                 ;                   ;
; Inapplicable ; IO_000004 ; Voltage Compatibility Checks      ; The I/O bank should support the requested VCCIO.                                                     ; Critical ; No IOBANK_VCCIO assignments found.                                       ; I/O                 ;                   ;
; Inapplicable ; IO_000005 ; Voltage Compatibility Checks      ; The I/O bank should not have competing VREF values.                                                  ; Critical ; No VREF I/O Standard assignments found.                                  ; I/O                 ;                   ;
; Pass         ; IO_000006 ; Voltage Compatibility Checks      ; The I/O bank should not have competing VCCIO values.                                                 ; Critical ; 0 such failures found.                                                   ; I/O                 ;                   ;
; Pass         ; IO_000007 ; Valid Location Checks             ; Checks for unavailable locations.                                                                    ; Critical ; 0 such failures found.                                                   ; I/O                 ;                   ;
; Inapplicable ; IO_000008 ; Valid Location Checks             ; Checks for reserved locations.                                                                       ; Critical ; No reserved LogicLock region found.                                      ; I/O                 ;                   ;
; Pass         ; IO_000009 ; I/O Properties Checks for One I/O ; The location should support the requested I/O standard.                                              ; Critical ; 0 such failures found.                                                   ; I/O                 ;                   ;
; Pass         ; IO_000010 ; I/O Properties Checks for One I/O ; The location should support the requested I/O direction.                                             ; Critical ; 0 such failures found.                                                   ; I/O                 ;                   ;
; Inapplicable ; IO_000011 ; I/O Properties Checks for One I/O ; The location should support the requested Current Strength.                                          ; Critical ; No Current Strength assignments found.                                   ; I/O                 ;                   ;
; Pass         ; IO_000012 ; I/O Properties Checks for One I/O ; The location should support the requested On Chip Termination value.                                 ; Critical ; 0 such failures found.                                                   ; I/O                 ;                   ;
; Inapplicable ; IO_000013 ; I/O Properties Checks for One I/O ; The location should support the requested Bus Hold value.                                            ; Critical ; No Enable Bus-Hold Circuitry assignments found.                          ; I/O                 ;                   ;
; Inapplicable ; IO_000014 ; I/O Properties Checks for One I/O ; The location should support the requested Weak Pull Up value.                                        ; Critical ; No Weak Pull-Up Resistor assignments found.                              ; I/O                 ;                   ;
; Pass         ; IO_000015 ; I/O Properties Checks for One I/O ; The location should support the requested PCI Clamp Diode.                                           ; Critical ; 0 such failures found.                                                   ; I/O                 ;                   ;
; Inapplicable ; IO_000018 ; I/O Properties Checks for One I/O ; The I/O standard should support the requested Current Strength.                                      ; Critical ; No Current Strength assignments found.                                   ; I/O                 ;                   ;
; Pass         ; IO_000019 ; I/O Properties Checks for One I/O ; The I/O standard should support the requested On Chip Termination value.                             ; Critical ; 0 such failures found.                                                   ; I/O                 ;                   ;
; Pass         ; IO_000020 ; I/O Properties Checks for One I/O ; The I/O standard should support the requested PCI Clamp Diode.                                       ; Critical ; 0 such failures found.                                                   ; I/O                 ;                   ;
; Inapplicable ; IO_000021 ; I/O Properties Checks for One I/O ; The I/O standard should support the requested Weak Pull Up value.                                    ; Critical ; No Weak Pull-Up Resistor assignments found.                              ; I/O                 ;                   ;
; Inapplicable ; IO_000022 ; I/O Properties Checks for One I/O ; The I/O standard should support the requested Bus Hold value.                                        ; Critical ; No Enable Bus-Hold Circuitry assignments found.                          ; I/O                 ;                   ;
; Inapplicable ; IO_000023 ; I/O Properties Checks for One I/O ; The I/O standard should support the Open Drain value.                                                ; Critical ; No open drain assignments found.                                         ; I/O                 ;                   ;
; Pass         ; IO_000024 ; I/O Properties Checks for One I/O ; The I/O direction should support the On Chip Termination value.                                      ; Critical ; 0 such failures found.                                                   ; I/O                 ;                   ;
; Inapplicable ; IO_000026 ; I/O Properties Checks for One I/O ; On Chip Termination and Current Strength should not be used at the same time.                        ; Critical ; No Current Strength assignments found.                                   ; I/O                 ;                   ;
; Inapplicable ; IO_000027 ; I/O Properties Checks for One I/O ; Weak Pull Up and Bus Hold should not be used at the same time.                                       ; Critical ; No Enable Bus-Hold Circuitry or Weak Pull-Up Resistor assignments found. ; I/O                 ;                   ;
; Inapplicable ; IO_000045 ; I/O Properties Checks for One I/O ; The I/O standard should support the requested Slew Rate value.                                       ; Critical ; No Slew Rate assignments found.                                          ; I/O                 ;                   ;
; Inapplicable ; IO_000046 ; I/O Properties Checks for One I/O ; The location should support the requested Slew Rate value.                                           ; Critical ; No Slew Rate assignments found.                                          ; I/O                 ;                   ;
; Inapplicable ; IO_000047 ; I/O Properties Checks for One I/O ; On Chip Termination and Slew Rate should not be used at the same time.                               ; Critical ; No Slew Rate assignments found.                                          ; I/O                 ;                   ;
; Pass         ; IO_000033 ; Electromigration Checks           ; Current density for consecutive I/Os should not exceed 240mA for row I/Os and 240mA for column I/Os. ; Critical ; 0 such failures found.                                                   ; I/O                 ;                   ;
; Inapplicable ; IO_000034 ; SI Related Distance Checks        ; Single-ended outputs should be 5 LAB row(s) away from a differential I/O.                            ; High     ; No Differential I/O Standard assignments found.                          ; I/O                 ;                   ;
; Inapplicable ; IO_000042 ; SI Related SSO Limit Checks       ; No more than 20 outputs are allowed in a VREF group when VREF is being read from.                    ; High     ; No VREF I/O Standard assignments found.                                  ; I/O                 ;                   ;
; ----         ; ----      ; Disclaimer                        ; OCT rules are checked but not reported.                                                              ; None     ; ----                                                                     ; On Chip Termination ;                   ;
+--------------+-----------+-----------------------------------+------------------------------------------------------------------------------------------------------+----------+--------------------------------------------------------------------------+---------------------+-------------------+


+--------------------------------------------------------------------------------------------------------------------------------------------------------------------------------------------------------------------------------------------------------------------------------------------------------------------------------------------------------------------------------------------------------------------------------------------------------------------------+
; I/O Rules Matrix                                                                                                                                                                                                                                                                                                                                                                                                                                                         ;
+--------------------+--------------+--------------+--------------+--------------+--------------+-----------+--------------+--------------+-----------+-----------+--------------+--------------+--------------+--------------+--------------+--------------+--------------+--------------+--------------+--------------+--------------+--------------+--------------+--------------+--------------+--------------+--------------+-----------+--------------+--------------+
; Pin/Rules          ; IO_000001    ; IO_000002    ; IO_000003    ; IO_000004    ; IO_000005    ; IO_000006 ; IO_000007    ; IO_000008    ; IO_000009 ; IO_000010 ; IO_000011    ; IO_000012    ; IO_000013    ; IO_000014    ; IO_000015    ; IO_000018    ; IO_000019    ; IO_000020    ; IO_000021    ; IO_000022    ; IO_000023    ; IO_000024    ; IO_000026    ; IO_000027    ; IO_000045    ; IO_000046    ; IO_000047    ; IO_000033 ; IO_000034    ; IO_000042    ;
+--------------------+--------------+--------------+--------------+--------------+--------------+-----------+--------------+--------------+-----------+-----------+--------------+--------------+--------------+--------------+--------------+--------------+--------------+--------------+--------------+--------------+--------------+--------------+--------------+--------------+--------------+--------------+--------------+-----------+--------------+--------------+
; Total Pass         ; 34           ; 0            ; 34           ; 0            ; 0            ; 69        ; 34           ; 0            ; 69        ; 69        ; 0            ; 67           ; 0            ; 0            ; 2            ; 0            ; 67           ; 2            ; 0            ; 0            ; 0            ; 67           ; 0            ; 0            ; 0            ; 0            ; 0            ; 69        ; 0            ; 0            ;
; Total Unchecked    ; 0            ; 0            ; 0            ; 0            ; 0            ; 0         ; 0            ; 0            ; 0         ; 0         ; 0            ; 0            ; 0            ; 0            ; 0            ; 0            ; 0            ; 0            ; 0            ; 0            ; 0            ; 0            ; 0            ; 0            ; 0            ; 0            ; 0            ; 0         ; 0            ; 0            ;
; Total Inapplicable ; 35           ; 69           ; 35           ; 69           ; 69           ; 0         ; 35           ; 69           ; 0         ; 0         ; 69           ; 2            ; 69           ; 69           ; 67           ; 69           ; 2            ; 67           ; 69           ; 69           ; 69           ; 2            ; 69           ; 69           ; 69           ; 69           ; 69           ; 0         ; 69           ; 69           ;
; Total Fail         ; 0            ; 0            ; 0            ; 0            ; 0            ; 0         ; 0            ; 0            ; 0         ; 0         ; 0            ; 0            ; 0            ; 0            ; 0            ; 0            ; 0            ; 0            ; 0            ; 0            ; 0            ; 0            ; 0            ; 0            ; 0            ; 0            ; 0            ; 0         ; 0            ; 0            ;
; pin_name           ; Inapplicable ; Inapplicable ; Inapplicable ; Inapplicable ; Inapplicable ; Pass      ; Inapplicable ; Inapplicable ; Pass      ; Pass      ; Inapplicable ; Pass         ; Inapplicable ; Inapplicable ; Inapplicable ; Inapplicable ; Pass         ; Inapplicable ; Inapplicable ; Inapplicable ; Inapplicable ; Pass         ; Inapplicable ; Inapplicable ; Inapplicable ; Inapplicable ; Inapplicable ; Pass      ; Inapplicable ; Inapplicable ;
; pc_out[31]         ; Inapplicable ; Inapplicable ; Inapplicable ; Inapplicable ; Inapplicable ; Pass      ; Inapplicable ; Inapplicable ; Pass      ; Pass      ; Inapplicable ; Pass         ; Inapplicable ; Inapplicable ; Inapplicable ; Inapplicable ; Pass         ; Inapplicable ; Inapplicable ; Inapplicable ; Inapplicable ; Pass         ; Inapplicable ; Inapplicable ; Inapplicable ; Inapplicable ; Inapplicable ; Pass      ; Inapplicable ; Inapplicable ;
; pc_out[30]         ; Inapplicable ; Inapplicable ; Inapplicable ; Inapplicable ; Inapplicable ; Pass      ; Inapplicable ; Inapplicable ; Pass      ; Pass      ; Inapplicable ; Pass         ; Inapplicable ; Inapplicable ; Inapplicable ; Inapplicable ; Pass         ; Inapplicable ; Inapplicable ; Inapplicable ; Inapplicable ; Pass         ; Inapplicable ; Inapplicable ; Inapplicable ; Inapplicable ; Inapplicable ; Pass      ; Inapplicable ; Inapplicable ;
; pc_out[29]         ; Inapplicable ; Inapplicable ; Inapplicable ; Inapplicable ; Inapplicable ; Pass      ; Inapplicable ; Inapplicable ; Pass      ; Pass      ; Inapplicable ; Pass         ; Inapplicable ; Inapplicable ; Inapplicable ; Inapplicable ; Pass         ; Inapplicable ; Inapplicable ; Inapplicable ; Inapplicable ; Pass         ; Inapplicable ; Inapplicable ; Inapplicable ; Inapplicable ; Inapplicable ; Pass      ; Inapplicable ; Inapplicable ;
; pc_out[28]         ; Inapplicable ; Inapplicable ; Inapplicable ; Inapplicable ; Inapplicable ; Pass      ; Inapplicable ; Inapplicable ; Pass      ; Pass      ; Inapplicable ; Pass         ; Inapplicable ; Inapplicable ; Inapplicable ; Inapplicable ; Pass         ; Inapplicable ; Inapplicable ; Inapplicable ; Inapplicable ; Pass         ; Inapplicable ; Inapplicable ; Inapplicable ; Inapplicable ; Inapplicable ; Pass      ; Inapplicable ; Inapplicable ;
; pc_out[27]         ; Inapplicable ; Inapplicable ; Inapplicable ; Inapplicable ; Inapplicable ; Pass      ; Inapplicable ; Inapplicable ; Pass      ; Pass      ; Inapplicable ; Pass         ; Inapplicable ; Inapplicable ; Inapplicable ; Inapplicable ; Pass         ; Inapplicable ; Inapplicable ; Inapplicable ; Inapplicable ; Pass         ; Inapplicable ; Inapplicable ; Inapplicable ; Inapplicable ; Inapplicable ; Pass      ; Inapplicable ; Inapplicable ;
; pc_out[26]         ; Inapplicable ; Inapplicable ; Inapplicable ; Inapplicable ; Inapplicable ; Pass      ; Inapplicable ; Inapplicable ; Pass      ; Pass      ; Inapplicable ; Pass         ; Inapplicable ; Inapplicable ; Inapplicable ; Inapplicable ; Pass         ; Inapplicable ; Inapplicable ; Inapplicable ; Inapplicable ; Pass         ; Inapplicable ; Inapplicable ; Inapplicable ; Inapplicable ; Inapplicable ; Pass      ; Inapplicable ; Inapplicable ;
; pc_out[25]         ; Inapplicable ; Inapplicable ; Inapplicable ; Inapplicable ; Inapplicable ; Pass      ; Inapplicable ; Inapplicable ; Pass      ; Pass      ; Inapplicable ; Pass         ; Inapplicable ; Inapplicable ; Inapplicable ; Inapplicable ; Pass         ; Inapplicable ; Inapplicable ; Inapplicable ; Inapplicable ; Pass         ; Inapplicable ; Inapplicable ; Inapplicable ; Inapplicable ; Inapplicable ; Pass      ; Inapplicable ; Inapplicable ;
; pc_out[24]         ; Inapplicable ; Inapplicable ; Inapplicable ; Inapplicable ; Inapplicable ; Pass      ; Inapplicable ; Inapplicable ; Pass      ; Pass      ; Inapplicable ; Pass         ; Inapplicable ; Inapplicable ; Inapplicable ; Inapplicable ; Pass         ; Inapplicable ; Inapplicable ; Inapplicable ; Inapplicable ; Pass         ; Inapplicable ; Inapplicable ; Inapplicable ; Inapplicable ; Inapplicable ; Pass      ; Inapplicable ; Inapplicable ;
; pc_out[23]         ; Inapplicable ; Inapplicable ; Inapplicable ; Inapplicable ; Inapplicable ; Pass      ; Inapplicable ; Inapplicable ; Pass      ; Pass      ; Inapplicable ; Pass         ; Inapplicable ; Inapplicable ; Inapplicable ; Inapplicable ; Pass         ; Inapplicable ; Inapplicable ; Inapplicable ; Inapplicable ; Pass         ; Inapplicable ; Inapplicable ; Inapplicable ; Inapplicable ; Inapplicable ; Pass      ; Inapplicable ; Inapplicable ;
; pc_out[22]         ; Inapplicable ; Inapplicable ; Inapplicable ; Inapplicable ; Inapplicable ; Pass      ; Inapplicable ; Inapplicable ; Pass      ; Pass      ; Inapplicable ; Pass         ; Inapplicable ; Inapplicable ; Inapplicable ; Inapplicable ; Pass         ; Inapplicable ; Inapplicable ; Inapplicable ; Inapplicable ; Pass         ; Inapplicable ; Inapplicable ; Inapplicable ; Inapplicable ; Inapplicable ; Pass      ; Inapplicable ; Inapplicable ;
; pc_out[21]         ; Inapplicable ; Inapplicable ; Inapplicable ; Inapplicable ; Inapplicable ; Pass      ; Inapplicable ; Inapplicable ; Pass      ; Pass      ; Inapplicable ; Pass         ; Inapplicable ; Inapplicable ; Inapplicable ; Inapplicable ; Pass         ; Inapplicable ; Inapplicable ; Inapplicable ; Inapplicable ; Pass         ; Inapplicable ; Inapplicable ; Inapplicable ; Inapplicable ; Inapplicable ; Pass      ; Inapplicable ; Inapplicable ;
; pc_out[20]         ; Inapplicable ; Inapplicable ; Inapplicable ; Inapplicable ; Inapplicable ; Pass      ; Inapplicable ; Inapplicable ; Pass      ; Pass      ; Inapplicable ; Pass         ; Inapplicable ; Inapplicable ; Inapplicable ; Inapplicable ; Pass         ; Inapplicable ; Inapplicable ; Inapplicable ; Inapplicable ; Pass         ; Inapplicable ; Inapplicable ; Inapplicable ; Inapplicable ; Inapplicable ; Pass      ; Inapplicable ; Inapplicable ;
; pc_out[19]         ; Inapplicable ; Inapplicable ; Inapplicable ; Inapplicable ; Inapplicable ; Pass      ; Inapplicable ; Inapplicable ; Pass      ; Pass      ; Inapplicable ; Pass         ; Inapplicable ; Inapplicable ; Inapplicable ; Inapplicable ; Pass         ; Inapplicable ; Inapplicable ; Inapplicable ; Inapplicable ; Pass         ; Inapplicable ; Inapplicable ; Inapplicable ; Inapplicable ; Inapplicable ; Pass      ; Inapplicable ; Inapplicable ;
; pc_out[18]         ; Inapplicable ; Inapplicable ; Inapplicable ; Inapplicable ; Inapplicable ; Pass      ; Inapplicable ; Inapplicable ; Pass      ; Pass      ; Inapplicable ; Pass         ; Inapplicable ; Inapplicable ; Inapplicable ; Inapplicable ; Pass         ; Inapplicable ; Inapplicable ; Inapplicable ; Inapplicable ; Pass         ; Inapplicable ; Inapplicable ; Inapplicable ; Inapplicable ; Inapplicable ; Pass      ; Inapplicable ; Inapplicable ;
; pc_out[17]         ; Inapplicable ; Inapplicable ; Inapplicable ; Inapplicable ; Inapplicable ; Pass      ; Inapplicable ; Inapplicable ; Pass      ; Pass      ; Inapplicable ; Pass         ; Inapplicable ; Inapplicable ; Inapplicable ; Inapplicable ; Pass         ; Inapplicable ; Inapplicable ; Inapplicable ; Inapplicable ; Pass         ; Inapplicable ; Inapplicable ; Inapplicable ; Inapplicable ; Inapplicable ; Pass      ; Inapplicable ; Inapplicable ;
; pc_out[16]         ; Inapplicable ; Inapplicable ; Inapplicable ; Inapplicable ; Inapplicable ; Pass      ; Inapplicable ; Inapplicable ; Pass      ; Pass      ; Inapplicable ; Pass         ; Inapplicable ; Inapplicable ; Inapplicable ; Inapplicable ; Pass         ; Inapplicable ; Inapplicable ; Inapplicable ; Inapplicable ; Pass         ; Inapplicable ; Inapplicable ; Inapplicable ; Inapplicable ; Inapplicable ; Pass      ; Inapplicable ; Inapplicable ;
; pc_out[15]         ; Inapplicable ; Inapplicable ; Inapplicable ; Inapplicable ; Inapplicable ; Pass      ; Inapplicable ; Inapplicable ; Pass      ; Pass      ; Inapplicable ; Pass         ; Inapplicable ; Inapplicable ; Inapplicable ; Inapplicable ; Pass         ; Inapplicable ; Inapplicable ; Inapplicable ; Inapplicable ; Pass         ; Inapplicable ; Inapplicable ; Inapplicable ; Inapplicable ; Inapplicable ; Pass      ; Inapplicable ; Inapplicable ;
; pc_out[14]         ; Inapplicable ; Inapplicable ; Inapplicable ; Inapplicable ; Inapplicable ; Pass      ; Inapplicable ; Inapplicable ; Pass      ; Pass      ; Inapplicable ; Pass         ; Inapplicable ; Inapplicable ; Inapplicable ; Inapplicable ; Pass         ; Inapplicable ; Inapplicable ; Inapplicable ; Inapplicable ; Pass         ; Inapplicable ; Inapplicable ; Inapplicable ; Inapplicable ; Inapplicable ; Pass      ; Inapplicable ; Inapplicable ;
; pc_out[13]         ; Inapplicable ; Inapplicable ; Inapplicable ; Inapplicable ; Inapplicable ; Pass      ; Inapplicable ; Inapplicable ; Pass      ; Pass      ; Inapplicable ; Pass         ; Inapplicable ; Inapplicable ; Inapplicable ; Inapplicable ; Pass         ; Inapplicable ; Inapplicable ; Inapplicable ; Inapplicable ; Pass         ; Inapplicable ; Inapplicable ; Inapplicable ; Inapplicable ; Inapplicable ; Pass      ; Inapplicable ; Inapplicable ;
; pc_out[12]         ; Inapplicable ; Inapplicable ; Inapplicable ; Inapplicable ; Inapplicable ; Pass      ; Inapplicable ; Inapplicable ; Pass      ; Pass      ; Inapplicable ; Pass         ; Inapplicable ; Inapplicable ; Inapplicable ; Inapplicable ; Pass         ; Inapplicable ; Inapplicable ; Inapplicable ; Inapplicable ; Pass         ; Inapplicable ; Inapplicable ; Inapplicable ; Inapplicable ; Inapplicable ; Pass      ; Inapplicable ; Inapplicable ;
; pc_out[11]         ; Inapplicable ; Inapplicable ; Inapplicable ; Inapplicable ; Inapplicable ; Pass      ; Inapplicable ; Inapplicable ; Pass      ; Pass      ; Inapplicable ; Pass         ; Inapplicable ; Inapplicable ; Inapplicable ; Inapplicable ; Pass         ; Inapplicable ; Inapplicable ; Inapplicable ; Inapplicable ; Pass         ; Inapplicable ; Inapplicable ; Inapplicable ; Inapplicable ; Inapplicable ; Pass      ; Inapplicable ; Inapplicable ;
; pc_out[10]         ; Inapplicable ; Inapplicable ; Inapplicable ; Inapplicable ; Inapplicable ; Pass      ; Inapplicable ; Inapplicable ; Pass      ; Pass      ; Inapplicable ; Pass         ; Inapplicable ; Inapplicable ; Inapplicable ; Inapplicable ; Pass         ; Inapplicable ; Inapplicable ; Inapplicable ; Inapplicable ; Pass         ; Inapplicable ; Inapplicable ; Inapplicable ; Inapplicable ; Inapplicable ; Pass      ; Inapplicable ; Inapplicable ;
; pc_out[9]          ; Inapplicable ; Inapplicable ; Inapplicable ; Inapplicable ; Inapplicable ; Pass      ; Inapplicable ; Inapplicable ; Pass      ; Pass      ; Inapplicable ; Pass         ; Inapplicable ; Inapplicable ; Inapplicable ; Inapplicable ; Pass         ; Inapplicable ; Inapplicable ; Inapplicable ; Inapplicable ; Pass         ; Inapplicable ; Inapplicable ; Inapplicable ; Inapplicable ; Inapplicable ; Pass      ; Inapplicable ; Inapplicable ;
; pc_out[8]          ; Inapplicable ; Inapplicable ; Inapplicable ; Inapplicable ; Inapplicable ; Pass      ; Inapplicable ; Inapplicable ; Pass      ; Pass      ; Inapplicable ; Pass         ; Inapplicable ; Inapplicable ; Inapplicable ; Inapplicable ; Pass         ; Inapplicable ; Inapplicable ; Inapplicable ; Inapplicable ; Pass         ; Inapplicable ; Inapplicable ; Inapplicable ; Inapplicable ; Inapplicable ; Pass      ; Inapplicable ; Inapplicable ;
; pc_out[7]          ; Inapplicable ; Inapplicable ; Inapplicable ; Inapplicable ; Inapplicable ; Pass      ; Inapplicable ; Inapplicable ; Pass      ; Pass      ; Inapplicable ; Pass         ; Inapplicable ; Inapplicable ; Inapplicable ; Inapplicable ; Pass         ; Inapplicable ; Inapplicable ; Inapplicable ; Inapplicable ; Pass         ; Inapplicable ; Inapplicable ; Inapplicable ; Inapplicable ; Inapplicable ; Pass      ; Inapplicable ; Inapplicable ;
; pc_out[6]          ; Inapplicable ; Inapplicable ; Inapplicable ; Inapplicable ; Inapplicable ; Pass      ; Inapplicable ; Inapplicable ; Pass      ; Pass      ; Inapplicable ; Pass         ; Inapplicable ; Inapplicable ; Inapplicable ; Inapplicable ; Pass         ; Inapplicable ; Inapplicable ; Inapplicable ; Inapplicable ; Pass         ; Inapplicable ; Inapplicable ; Inapplicable ; Inapplicable ; Inapplicable ; Pass      ; Inapplicable ; Inapplicable ;
; pc_out[5]          ; Inapplicable ; Inapplicable ; Inapplicable ; Inapplicable ; Inapplicable ; Pass      ; Inapplicable ; Inapplicable ; Pass      ; Pass      ; Inapplicable ; Pass         ; Inapplicable ; Inapplicable ; Inapplicable ; Inapplicable ; Pass         ; Inapplicable ; Inapplicable ; Inapplicable ; Inapplicable ; Pass         ; Inapplicable ; Inapplicable ; Inapplicable ; Inapplicable ; Inapplicable ; Pass      ; Inapplicable ; Inapplicable ;
; pc_out[4]          ; Inapplicable ; Inapplicable ; Inapplicable ; Inapplicable ; Inapplicable ; Pass      ; Inapplicable ; Inapplicable ; Pass      ; Pass      ; Inapplicable ; Pass         ; Inapplicable ; Inapplicable ; Inapplicable ; Inapplicable ; Pass         ; Inapplicable ; Inapplicable ; Inapplicable ; Inapplicable ; Pass         ; Inapplicable ; Inapplicable ; Inapplicable ; Inapplicable ; Inapplicable ; Pass      ; Inapplicable ; Inapplicable ;
; pc_out[3]          ; Inapplicable ; Inapplicable ; Inapplicable ; Inapplicable ; Inapplicable ; Pass      ; Inapplicable ; Inapplicable ; Pass      ; Pass      ; Inapplicable ; Pass         ; Inapplicable ; Inapplicable ; Inapplicable ; Inapplicable ; Pass         ; Inapplicable ; Inapplicable ; Inapplicable ; Inapplicable ; Pass         ; Inapplicable ; Inapplicable ; Inapplicable ; Inapplicable ; Inapplicable ; Pass      ; Inapplicable ; Inapplicable ;
; pc_out[2]          ; Inapplicable ; Inapplicable ; Inapplicable ; Inapplicable ; Inapplicable ; Pass      ; Inapplicable ; Inapplicable ; Pass      ; Pass      ; Inapplicable ; Pass         ; Inapplicable ; Inapplicable ; Inapplicable ; Inapplicable ; Pass         ; Inapplicable ; Inapplicable ; Inapplicable ; Inapplicable ; Pass         ; Inapplicable ; Inapplicable ; Inapplicable ; Inapplicable ; Inapplicable ; Pass      ; Inapplicable ; Inapplicable ;
; pc_out[1]          ; Inapplicable ; Inapplicable ; Inapplicable ; Inapplicable ; Inapplicable ; Pass      ; Inapplicable ; Inapplicable ; Pass      ; Pass      ; Inapplicable ; Pass         ; Inapplicable ; Inapplicable ; Inapplicable ; Inapplicable ; Pass         ; Inapplicable ; Inapplicable ; Inapplicable ; Inapplicable ; Pass         ; Inapplicable ; Inapplicable ; Inapplicable ; Inapplicable ; Inapplicable ; Pass      ; Inapplicable ; Inapplicable ;
; pc_out[0]          ; Inapplicable ; Inapplicable ; Inapplicable ; Inapplicable ; Inapplicable ; Pass      ; Inapplicable ; Inapplicable ; Pass      ; Pass      ; Inapplicable ; Pass         ; Inapplicable ; Inapplicable ; Inapplicable ; Inapplicable ; Pass         ; Inapplicable ; Inapplicable ; Inapplicable ; Inapplicable ; Pass         ; Inapplicable ; Inapplicable ; Inapplicable ; Inapplicable ; Inapplicable ; Pass      ; Inapplicable ; Inapplicable ;
; pin_name12         ; Inapplicable ; Inapplicable ; Inapplicable ; Inapplicable ; Inapplicable ; Pass      ; Inapplicable ; Inapplicable ; Pass      ; Pass      ; Inapplicable ; Pass         ; Inapplicable ; Inapplicable ; Inapplicable ; Inapplicable ; Pass         ; Inapplicable ; Inapplicable ; Inapplicable ; Inapplicable ; Pass         ; Inapplicable ; Inapplicable ; Inapplicable ; Inapplicable ; Inapplicable ; Pass      ; Inapplicable ; Inapplicable ;
; pin_name13         ; Inapplicable ; Inapplicable ; Inapplicable ; Inapplicable ; Inapplicable ; Pass      ; Inapplicable ; Inapplicable ; Pass      ; Pass      ; Inapplicable ; Pass         ; Inapplicable ; Inapplicable ; Inapplicable ; Inapplicable ; Pass         ; Inapplicable ; Inapplicable ; Inapplicable ; Inapplicable ; Pass         ; Inapplicable ; Inapplicable ; Inapplicable ; Inapplicable ; Inapplicable ; Pass      ; Inapplicable ; Inapplicable ;
; alu_out[31]        ; Pass         ; Inapplicable ; Pass         ; Inapplicable ; Inapplicable ; Pass      ; Pass         ; Inapplicable ; Pass      ; Pass      ; Inapplicable ; Pass         ; Inapplicable ; Inapplicable ; Inapplicable ; Inapplicable ; Pass         ; Inapplicable ; Inapplicable ; Inapplicable ; Inapplicable ; Pass         ; Inapplicable ; Inapplicable ; Inapplicable ; Inapplicable ; Inapplicable ; Pass      ; Inapplicable ; Inapplicable ;
; alu_out[30]        ; Pass         ; Inapplicable ; Pass         ; Inapplicable ; Inapplicable ; Pass      ; Pass         ; Inapplicable ; Pass      ; Pass      ; Inapplicable ; Pass         ; Inapplicable ; Inapplicable ; Inapplicable ; Inapplicable ; Pass         ; Inapplicable ; Inapplicable ; Inapplicable ; Inapplicable ; Pass         ; Inapplicable ; Inapplicable ; Inapplicable ; Inapplicable ; Inapplicable ; Pass      ; Inapplicable ; Inapplicable ;
; alu_out[29]        ; Pass         ; Inapplicable ; Pass         ; Inapplicable ; Inapplicable ; Pass      ; Pass         ; Inapplicable ; Pass      ; Pass      ; Inapplicable ; Pass         ; Inapplicable ; Inapplicable ; Inapplicable ; Inapplicable ; Pass         ; Inapplicable ; Inapplicable ; Inapplicable ; Inapplicable ; Pass         ; Inapplicable ; Inapplicable ; Inapplicable ; Inapplicable ; Inapplicable ; Pass      ; Inapplicable ; Inapplicable ;
; alu_out[28]        ; Pass         ; Inapplicable ; Pass         ; Inapplicable ; Inapplicable ; Pass      ; Pass         ; Inapplicable ; Pass      ; Pass      ; Inapplicable ; Pass         ; Inapplicable ; Inapplicable ; Inapplicable ; Inapplicable ; Pass         ; Inapplicable ; Inapplicable ; Inapplicable ; Inapplicable ; Pass         ; Inapplicable ; Inapplicable ; Inapplicable ; Inapplicable ; Inapplicable ; Pass      ; Inapplicable ; Inapplicable ;
; alu_out[27]        ; Pass         ; Inapplicable ; Pass         ; Inapplicable ; Inapplicable ; Pass      ; Pass         ; Inapplicable ; Pass      ; Pass      ; Inapplicable ; Pass         ; Inapplicable ; Inapplicable ; Inapplicable ; Inapplicable ; Pass         ; Inapplicable ; Inapplicable ; Inapplicable ; Inapplicable ; Pass         ; Inapplicable ; Inapplicable ; Inapplicable ; Inapplicable ; Inapplicable ; Pass      ; Inapplicable ; Inapplicable ;
; alu_out[26]        ; Pass         ; Inapplicable ; Pass         ; Inapplicable ; Inapplicable ; Pass      ; Pass         ; Inapplicable ; Pass      ; Pass      ; Inapplicable ; Pass         ; Inapplicable ; Inapplicable ; Inapplicable ; Inapplicable ; Pass         ; Inapplicable ; Inapplicable ; Inapplicable ; Inapplicable ; Pass         ; Inapplicable ; Inapplicable ; Inapplicable ; Inapplicable ; Inapplicable ; Pass      ; Inapplicable ; Inapplicable ;
; alu_out[25]        ; Pass         ; Inapplicable ; Pass         ; Inapplicable ; Inapplicable ; Pass      ; Pass         ; Inapplicable ; Pass      ; Pass      ; Inapplicable ; Pass         ; Inapplicable ; Inapplicable ; Inapplicable ; Inapplicable ; Pass         ; Inapplicable ; Inapplicable ; Inapplicable ; Inapplicable ; Pass         ; Inapplicable ; Inapplicable ; Inapplicable ; Inapplicable ; Inapplicable ; Pass      ; Inapplicable ; Inapplicable ;
; alu_out[24]        ; Pass         ; Inapplicable ; Pass         ; Inapplicable ; Inapplicable ; Pass      ; Pass         ; Inapplicable ; Pass      ; Pass      ; Inapplicable ; Pass         ; Inapplicable ; Inapplicable ; Inapplicable ; Inapplicable ; Pass         ; Inapplicable ; Inapplicable ; Inapplicable ; Inapplicable ; Pass         ; Inapplicable ; Inapplicable ; Inapplicable ; Inapplicable ; Inapplicable ; Pass      ; Inapplicable ; Inapplicable ;
; alu_out[23]        ; Pass         ; Inapplicable ; Pass         ; Inapplicable ; Inapplicable ; Pass      ; Pass         ; Inapplicable ; Pass      ; Pass      ; Inapplicable ; Pass         ; Inapplicable ; Inapplicable ; Inapplicable ; Inapplicable ; Pass         ; Inapplicable ; Inapplicable ; Inapplicable ; Inapplicable ; Pass         ; Inapplicable ; Inapplicable ; Inapplicable ; Inapplicable ; Inapplicable ; Pass      ; Inapplicable ; Inapplicable ;
; alu_out[22]        ; Pass         ; Inapplicable ; Pass         ; Inapplicable ; Inapplicable ; Pass      ; Pass         ; Inapplicable ; Pass      ; Pass      ; Inapplicable ; Pass         ; Inapplicable ; Inapplicable ; Inapplicable ; Inapplicable ; Pass         ; Inapplicable ; Inapplicable ; Inapplicable ; Inapplicable ; Pass         ; Inapplicable ; Inapplicable ; Inapplicable ; Inapplicable ; Inapplicable ; Pass      ; Inapplicable ; Inapplicable ;
; alu_out[21]        ; Pass         ; Inapplicable ; Pass         ; Inapplicable ; Inapplicable ; Pass      ; Pass         ; Inapplicable ; Pass      ; Pass      ; Inapplicable ; Pass         ; Inapplicable ; Inapplicable ; Inapplicable ; Inapplicable ; Pass         ; Inapplicable ; Inapplicable ; Inapplicable ; Inapplicable ; Pass         ; Inapplicable ; Inapplicable ; Inapplicable ; Inapplicable ; Inapplicable ; Pass      ; Inapplicable ; Inapplicable ;
; alu_out[20]        ; Pass         ; Inapplicable ; Pass         ; Inapplicable ; Inapplicable ; Pass      ; Pass         ; Inapplicable ; Pass      ; Pass      ; Inapplicable ; Pass         ; Inapplicable ; Inapplicable ; Inapplicable ; Inapplicable ; Pass         ; Inapplicable ; Inapplicable ; Inapplicable ; Inapplicable ; Pass         ; Inapplicable ; Inapplicable ; Inapplicable ; Inapplicable ; Inapplicable ; Pass      ; Inapplicable ; Inapplicable ;
; alu_out[19]        ; Pass         ; Inapplicable ; Pass         ; Inapplicable ; Inapplicable ; Pass      ; Pass         ; Inapplicable ; Pass      ; Pass      ; Inapplicable ; Pass         ; Inapplicable ; Inapplicable ; Inapplicable ; Inapplicable ; Pass         ; Inapplicable ; Inapplicable ; Inapplicable ; Inapplicable ; Pass         ; Inapplicable ; Inapplicable ; Inapplicable ; Inapplicable ; Inapplicable ; Pass      ; Inapplicable ; Inapplicable ;
; alu_out[18]        ; Pass         ; Inapplicable ; Pass         ; Inapplicable ; Inapplicable ; Pass      ; Pass         ; Inapplicable ; Pass      ; Pass      ; Inapplicable ; Pass         ; Inapplicable ; Inapplicable ; Inapplicable ; Inapplicable ; Pass         ; Inapplicable ; Inapplicable ; Inapplicable ; Inapplicable ; Pass         ; Inapplicable ; Inapplicable ; Inapplicable ; Inapplicable ; Inapplicable ; Pass      ; Inapplicable ; Inapplicable ;
; alu_out[17]        ; Pass         ; Inapplicable ; Pass         ; Inapplicable ; Inapplicable ; Pass      ; Pass         ; Inapplicable ; Pass      ; Pass      ; Inapplicable ; Pass         ; Inapplicable ; Inapplicable ; Inapplicable ; Inapplicable ; Pass         ; Inapplicable ; Inapplicable ; Inapplicable ; Inapplicable ; Pass         ; Inapplicable ; Inapplicable ; Inapplicable ; Inapplicable ; Inapplicable ; Pass      ; Inapplicable ; Inapplicable ;
; alu_out[16]        ; Pass         ; Inapplicable ; Pass         ; Inapplicable ; Inapplicable ; Pass      ; Pass         ; Inapplicable ; Pass      ; Pass      ; Inapplicable ; Pass         ; Inapplicable ; Inapplicable ; Inapplicable ; Inapplicable ; Pass         ; Inapplicable ; Inapplicable ; Inapplicable ; Inapplicable ; Pass         ; Inapplicable ; Inapplicable ; Inapplicable ; Inapplicable ; Inapplicable ; Pass      ; Inapplicable ; Inapplicable ;
; alu_out[15]        ; Pass         ; Inapplicable ; Pass         ; Inapplicable ; Inapplicable ; Pass      ; Pass         ; Inapplicable ; Pass      ; Pass      ; Inapplicable ; Pass         ; Inapplicable ; Inapplicable ; Inapplicable ; Inapplicable ; Pass         ; Inapplicable ; Inapplicable ; Inapplicable ; Inapplicable ; Pass         ; Inapplicable ; Inapplicable ; Inapplicable ; Inapplicable ; Inapplicable ; Pass      ; Inapplicable ; Inapplicable ;
; alu_out[14]        ; Pass         ; Inapplicable ; Pass         ; Inapplicable ; Inapplicable ; Pass      ; Pass         ; Inapplicable ; Pass      ; Pass      ; Inapplicable ; Pass         ; Inapplicable ; Inapplicable ; Inapplicable ; Inapplicable ; Pass         ; Inapplicable ; Inapplicable ; Inapplicable ; Inapplicable ; Pass         ; Inapplicable ; Inapplicable ; Inapplicable ; Inapplicable ; Inapplicable ; Pass      ; Inapplicable ; Inapplicable ;
; alu_out[13]        ; Pass         ; Inapplicable ; Pass         ; Inapplicable ; Inapplicable ; Pass      ; Pass         ; Inapplicable ; Pass      ; Pass      ; Inapplicable ; Pass         ; Inapplicable ; Inapplicable ; Inapplicable ; Inapplicable ; Pass         ; Inapplicable ; Inapplicable ; Inapplicable ; Inapplicable ; Pass         ; Inapplicable ; Inapplicable ; Inapplicable ; Inapplicable ; Inapplicable ; Pass      ; Inapplicable ; Inapplicable ;
; alu_out[12]        ; Pass         ; Inapplicable ; Pass         ; Inapplicable ; Inapplicable ; Pass      ; Pass         ; Inapplicable ; Pass      ; Pass      ; Inapplicable ; Pass         ; Inapplicable ; Inapplicable ; Inapplicable ; Inapplicable ; Pass         ; Inapplicable ; Inapplicable ; Inapplicable ; Inapplicable ; Pass         ; Inapplicable ; Inapplicable ; Inapplicable ; Inapplicable ; Inapplicable ; Pass      ; Inapplicable ; Inapplicable ;
; alu_out[11]        ; Pass         ; Inapplicable ; Pass         ; Inapplicable ; Inapplicable ; Pass      ; Pass         ; Inapplicable ; Pass      ; Pass      ; Inapplicable ; Pass         ; Inapplicable ; Inapplicable ; Inapplicable ; Inapplicable ; Pass         ; Inapplicable ; Inapplicable ; Inapplicable ; Inapplicable ; Pass         ; Inapplicable ; Inapplicable ; Inapplicable ; Inapplicable ; Inapplicable ; Pass      ; Inapplicable ; Inapplicable ;
; alu_out[10]        ; Pass         ; Inapplicable ; Pass         ; Inapplicable ; Inapplicable ; Pass      ; Pass         ; Inapplicable ; Pass      ; Pass      ; Inapplicable ; Pass         ; Inapplicable ; Inapplicable ; Inapplicable ; Inapplicable ; Pass         ; Inapplicable ; Inapplicable ; Inapplicable ; Inapplicable ; Pass         ; Inapplicable ; Inapplicable ; Inapplicable ; Inapplicable ; Inapplicable ; Pass      ; Inapplicable ; Inapplicable ;
; alu_out[9]         ; Pass         ; Inapplicable ; Pass         ; Inapplicable ; Inapplicable ; Pass      ; Pass         ; Inapplicable ; Pass      ; Pass      ; Inapplicable ; Pass         ; Inapplicable ; Inapplicable ; Inapplicable ; Inapplicable ; Pass         ; Inapplicable ; Inapplicable ; Inapplicable ; Inapplicable ; Pass         ; Inapplicable ; Inapplicable ; Inapplicable ; Inapplicable ; Inapplicable ; Pass      ; Inapplicable ; Inapplicable ;
; alu_out[8]         ; Pass         ; Inapplicable ; Pass         ; Inapplicable ; Inapplicable ; Pass      ; Pass         ; Inapplicable ; Pass      ; Pass      ; Inapplicable ; Pass         ; Inapplicable ; Inapplicable ; Inapplicable ; Inapplicable ; Pass         ; Inapplicable ; Inapplicable ; Inapplicable ; Inapplicable ; Pass         ; Inapplicable ; Inapplicable ; Inapplicable ; Inapplicable ; Inapplicable ; Pass      ; Inapplicable ; Inapplicable ;
; alu_out[7]         ; Pass         ; Inapplicable ; Pass         ; Inapplicable ; Inapplicable ; Pass      ; Pass         ; Inapplicable ; Pass      ; Pass      ; Inapplicable ; Pass         ; Inapplicable ; Inapplicable ; Inapplicable ; Inapplicable ; Pass         ; Inapplicable ; Inapplicable ; Inapplicable ; Inapplicable ; Pass         ; Inapplicable ; Inapplicable ; Inapplicable ; Inapplicable ; Inapplicable ; Pass      ; Inapplicable ; Inapplicable ;
; alu_out[6]         ; Pass         ; Inapplicable ; Pass         ; Inapplicable ; Inapplicable ; Pass      ; Pass         ; Inapplicable ; Pass      ; Pass      ; Inapplicable ; Pass         ; Inapplicable ; Inapplicable ; Inapplicable ; Inapplicable ; Pass         ; Inapplicable ; Inapplicable ; Inapplicable ; Inapplicable ; Pass         ; Inapplicable ; Inapplicable ; Inapplicable ; Inapplicable ; Inapplicable ; Pass      ; Inapplicable ; Inapplicable ;
; alu_out[5]         ; Pass         ; Inapplicable ; Pass         ; Inapplicable ; Inapplicable ; Pass      ; Pass         ; Inapplicable ; Pass      ; Pass      ; Inapplicable ; Pass         ; Inapplicable ; Inapplicable ; Inapplicable ; Inapplicable ; Pass         ; Inapplicable ; Inapplicable ; Inapplicable ; Inapplicable ; Pass         ; Inapplicable ; Inapplicable ; Inapplicable ; Inapplicable ; Inapplicable ; Pass      ; Inapplicable ; Inapplicable ;
; alu_out[4]         ; Pass         ; Inapplicable ; Pass         ; Inapplicable ; Inapplicable ; Pass      ; Pass         ; Inapplicable ; Pass      ; Pass      ; Inapplicable ; Pass         ; Inapplicable ; Inapplicable ; Inapplicable ; Inapplicable ; Pass         ; Inapplicable ; Inapplicable ; Inapplicable ; Inapplicable ; Pass         ; Inapplicable ; Inapplicable ; Inapplicable ; Inapplicable ; Inapplicable ; Pass      ; Inapplicable ; Inapplicable ;
; alu_out[3]         ; Pass         ; Inapplicable ; Pass         ; Inapplicable ; Inapplicable ; Pass      ; Pass         ; Inapplicable ; Pass      ; Pass      ; Inapplicable ; Pass         ; Inapplicable ; Inapplicable ; Inapplicable ; Inapplicable ; Pass         ; Inapplicable ; Inapplicable ; Inapplicable ; Inapplicable ; Pass         ; Inapplicable ; Inapplicable ; Inapplicable ; Inapplicable ; Inapplicable ; Pass      ; Inapplicable ; Inapplicable ;
; alu_out[2]         ; Pass         ; Inapplicable ; Pass         ; Inapplicable ; Inapplicable ; Pass      ; Pass         ; Inapplicable ; Pass      ; Pass      ; Inapplicable ; Pass         ; Inapplicable ; Inapplicable ; Inapplicable ; Inapplicable ; Pass         ; Inapplicable ; Inapplicable ; Inapplicable ; Inapplicable ; Pass         ; Inapplicable ; Inapplicable ; Inapplicable ; Inapplicable ; Inapplicable ; Pass      ; Inapplicable ; Inapplicable ;
; alu_out[1]         ; Pass         ; Inapplicable ; Pass         ; Inapplicable ; Inapplicable ; Pass      ; Pass         ; Inapplicable ; Pass      ; Pass      ; Inapplicable ; Pass         ; Inapplicable ; Inapplicable ; Inapplicable ; Inapplicable ; Pass         ; Inapplicable ; Inapplicable ; Inapplicable ; Inapplicable ; Pass         ; Inapplicable ; Inapplicable ; Inapplicable ; Inapplicable ; Inapplicable ; Pass      ; Inapplicable ; Inapplicable ;
; alu_out[0]         ; Pass         ; Inapplicable ; Pass         ; Inapplicable ; Inapplicable ; Pass      ; Pass         ; Inapplicable ; Pass      ; Pass      ; Inapplicable ; Pass         ; Inapplicable ; Inapplicable ; Inapplicable ; Inapplicable ; Pass         ; Inapplicable ; Inapplicable ; Inapplicable ; Inapplicable ; Pass         ; Inapplicable ; Inapplicable ; Inapplicable ; Inapplicable ; Inapplicable ; Pass      ; Inapplicable ; Inapplicable ;
; clk                ; Pass         ; Inapplicable ; Pass         ; Inapplicable ; Inapplicable ; Pass      ; Pass         ; Inapplicable ; Pass      ; Pass      ; Inapplicable ; Inapplicable ; Inapplicable ; Inapplicable ; Pass         ; Inapplicable ; Inapplicable ; Pass         ; Inapplicable ; Inapplicable ; Inapplicable ; Inapplicable ; Inapplicable ; Inapplicable ; Inapplicable ; Inapplicable ; Inapplicable ; Pass      ; Inapplicable ; Inapplicable ;
; pc_clr             ; Pass         ; Inapplicable ; Pass         ; Inapplicable ; Inapplicable ; Pass      ; Pass         ; Inapplicable ; Pass      ; Pass      ; Inapplicable ; Inapplicable ; Inapplicable ; Inapplicable ; Pass         ; Inapplicable ; Inapplicable ; Pass         ; Inapplicable ; Inapplicable ; Inapplicable ; Inapplicable ; Inapplicable ; Inapplicable ; Inapplicable ; Inapplicable ; Inapplicable ; Pass      ; Inapplicable ; Inapplicable ;
+--------------------+--------------+--------------+--------------+--------------+--------------+-----------+--------------+--------------+-----------+-----------+--------------+--------------+--------------+--------------+--------------+--------------+--------------+--------------+--------------+--------------+--------------+--------------+--------------+--------------+--------------+--------------+--------------+-----------+--------------+--------------+


+-------------------------------------------------------------------------+
; Fitter Device Options                                                   ;
+----------------------------------------------+--------------------------+
; Option                                       ; Setting                  ;
+----------------------------------------------+--------------------------+
; Enable user-supplied start-up clock (CLKUSR) ; Off                      ;
; Enable device-wide reset (DEV_CLRn)          ; Off                      ;
; Enable device-wide output enable (DEV_OE)    ; Off                      ;
; Enable INIT_DONE output                      ; Off                      ;
; Configuration scheme                         ; Active Serial            ;
; Error detection CRC                          ; Off                      ;
; Enable Open Drain on CRC Error pin           ; Off                      ;
; Configuration Voltage Level                  ; Auto                     ;
; Force Configuration Voltage Level            ; Off                      ;
; nCEO                                         ; As output driving ground ;
; Data[0]                                      ; As input tri-stated      ;
; Data[1]/ASDO                                 ; As input tri-stated      ;
; Data[7..2]                                   ; Unreserved               ;
; FLASH_nCE/nCSO                               ; As input tri-stated      ;
; Other Active Parallel pins                   ; Unreserved               ;
; DCLK                                         ; As output driving ground ;
; Base pin-out file on sameframe device        ; Off                      ;
+----------------------------------------------+--------------------------+


+------------------------------------+
; Operating Settings and Conditions  ;
+---------------------------+--------+
; Setting                   ; Value  ;
+---------------------------+--------+
; Nominal Core Voltage      ; 1.20 V ;
; Low Junction Temperature  ; 0 °C   ;
; High Junction Temperature ; 85 °C  ;
+---------------------------+--------+


+------------------------------------------------------------+
; Estimated Delay Added for Hold Timing                      ;
+-----------------+----------------------+-------------------+
; Source Clock(s) ; Destination Clock(s) ; Delay Added in ns ;
+-----------------+----------------------+-------------------+


+----------------------------+
; Advanced Data - General    ;
+--------------------+-------+
; Name               ; Value ;
+--------------------+-------+
; Status Code        ; 0     ;
; Desired User Slack ; 0     ;
; Fit Attempts       ; 1     ;
+--------------------+-------+


+-------------------------------------------------------------------------------------+
; Advanced Data - Placement Preparation                                               ;
+------------------------------------------------------------------+------------------+
; Name                                                             ; Value            ;
+------------------------------------------------------------------+------------------+
; Auto Fit Point 1 - Fit Attempt 1                                 ; ff               ;
; Mid Wire Use - Fit Attempt 1                                     ; 0                ;
; Mid Slack - Fit Attempt 1                                        ; -12159           ;
; Internal Atom Count - Fit Attempt 1                              ; 405              ;
; LE/ALM Count - Fit Attempt 1                                     ; 272              ;
; LAB Count - Fit Attempt 1                                        ; 21               ;
; Outputs per Lab - Fit Attempt 1                                  ; 11.333           ;
; Inputs per LAB - Fit Attempt 1                                   ; 16.048           ;
; Global Inputs per LAB - Fit Attempt 1                            ; 1.000            ;
; LAB Constraint 'non-global clock + sync load' - Fit Attempt 1    ; 0:21             ;
; LAB Constraint 'non-global controls' - Fit Attempt 1             ; 0:4;1:3;2:14     ;
; LAB Constraint 'non-global + aclr' - Fit Attempt 1               ; 0:2;1:5;2:14     ;
; LAB Constraint 'global non-clock non-aclr' - Fit Attempt 1       ; 0:21             ;
; LAB Constraint 'global controls' - Fit Attempt 1                 ; 0:2;1:17;2:2     ;
; LAB Constraint 'deterministic LABSMUXA/LABXMUXB' - Fit Attempt 1 ; 0:4;1:17         ;
; LAB Constraint 'deterministic LABSMUXC/LABXMUXD' - Fit Attempt 1 ; 0:4;1:17         ;
; LAB Constraint 'clock / ce pair constraint' - Fit Attempt 1      ; 0:2;1:5;2:14     ;
; LAB Constraint 'aclr constraint' - Fit Attempt 1                 ; 0:2;1:19         ;
; LAB Constraint 'true sload_sclear pair' - Fit Attempt 1          ; 0:6;1:15         ;
; LAB Constraint 'constant sload_sclear pair' - Fit Attempt 1      ; 0:21             ;
; LAB Constraint 'has placement constraint' - Fit Attempt 1        ; 0:17;1:4         ;
; LAB Constraint 'group hierarchy constraint' - Fit Attempt 1      ; 0:1;1:6;2:11;3:3 ;
; LEs in Chains - Fit Attempt 1                                    ; 61               ;
; LEs in Long Chains - Fit Attempt 1                               ; 61               ;
; LABs with Chains - Fit Attempt 1                                 ; 4                ;
; LABs with Multiple Chains - Fit Attempt 1                        ; 0                ;
; Time - Fit Attempt 1                                             ; 0                ;
+------------------------------------------------------------------+------------------+


+----------------------------------------------+
; Advanced Data - Placement                    ;
+-------------------------------------+--------+
; Name                                ; Value  ;
+-------------------------------------+--------+
; Auto Fit Point 2 - Fit Attempt 1    ; ff     ;
; Auto Fit Point 4 - Fit Attempt 1    ; f      ;
; Early Wire Use - Fit Attempt 1      ; 0      ;
; Early Slack - Fit Attempt 1         ; -12393 ;
; Auto Fit Point 4 - Fit Attempt 1    ; f      ;
; Auto Fit Point 5 - Fit Attempt 1    ; ff     ;
; Mid Wire Use - Fit Attempt 1        ; 1      ;
; Mid Slack - Fit Attempt 1           ; -10708 ;
; Auto Fit Point 6 - Fit Attempt 1    ; ff     ;
; Auto Fit Point 6 - Fit Attempt 1    ; ff     ;
; Auto Fit Point 6 - Fit Attempt 1    ; ff     ;
; Auto Fit Point 4 - Fit Attempt 1    ; f      ;
; Auto Fit Point 4 - Fit Attempt 1    ; f      ;
; Auto Fit Point 4 - Fit Attempt 1    ; f      ;
; Auto Fit Point 4 - Fit Attempt 1    ; f      ;
; Auto Fit Point 4 - Fit Attempt 1    ; f      ;
; Auto Fit Point 4 - Fit Attempt 1    ; f      ;
; Auto Fit Point 4 - Fit Attempt 1    ; f      ;
; Auto Fit Point 5 - Fit Attempt 1    ; ff     ;
; Mid Wire Use - Fit Attempt 1        ; 1      ;
; Mid Slack - Fit Attempt 1           ; -10708 ;
; Auto Fit Point 6 - Fit Attempt 1    ; ff     ;
; Auto Fit Point 6 - Fit Attempt 1    ; ff     ;
; Auto Fit Point 6 - Fit Attempt 1    ; ff     ;
; Late Wire Use - Fit Attempt 1       ; 1      ;
; Late Slack - Fit Attempt 1          ; -10044 ;
; Peak Regional Wire - Fit Attempt 1  ; 0.000  ;
; Auto Fit Point 7 - Fit Attempt 1    ; ff     ;
; Time - Fit Attempt 1                ; 1      ;
; Time in tsm_tan.dll - Fit Attempt 1 ; 0.031  ;
+-------------------------------------+--------+


+---------------------------------------------------+
; Advanced Data - Routing                           ;
+-------------------------------------+-------------+
; Name                                ; Value       ;
+-------------------------------------+-------------+
; Auto Fit Point 8 - Fit Attempt 1    ; f0          ;
; Early Slack - Fit Attempt 1         ; -10141      ;
; Early Wire Use - Fit Attempt 1      ; 1           ;
; Peak Regional Wire - Fit Attempt 1  ; 4           ;
; Mid Slack - Fit Attempt 1           ; -11014      ;
; Late Slack - Fit Attempt 1          ; -2147483648 ;
; Late Wire Use - Fit Attempt 1       ; 0           ;
; Time - Fit Attempt 1                ; 0           ;
; Time in tsm_tan.dll - Fit Attempt 1 ; 0.031       ;
+-------------------------------------+-------------+


+-----------------+
; Fitter Messages ;
+-----------------+
Info: *******************************************************************
Info: Running Quartus II Fitter
    Info: Version 9.0 Build 132 02/25/2009 SJ Full Version
    Info: Processing started: Wed Oct 18 16:56:06 2023
Info: Command: quartus_fit --read_settings_files=off --write_settings_files=off risc5 -c risc5
Info: Parallel compilation is enabled and will use 4 of the 4 processors detected
Info: Selected device EP3C40Q240C8 for design "risc5"
Info: Core supply voltage is 1.2V
Info: Low junction temperature is 0 degrees C
Info: High junction temperature is 85 degrees C
Info: Fitter is performing an Auto Fit compilation, which may decrease Fitter effort to reduce compilation time
Info: Device migration not selected. If you intend to use device migration later, you may need to change the pin assignments as they may be incompatible with other devices
    Info: Device EP3C16Q240C8 is compatible
    Info: Device EP3C25Q240C8 is compatible
Info: Fitter converted 5 user pins into dedicated programming pins
    Info: Pin ~ALTERA_ASDO_DATA1~ is reserved at location 12
    Info: Pin ~ALTERA_FLASH_nCE_nCSO~ is reserved at location 14
    Info: Pin ~ALTERA_DCLK~ is reserved at location 23
    Info: Pin ~ALTERA_DATA0~ is reserved at location 24
    Info: Pin ~ALTERA_nCEO~ is reserved at location 162
Warning: Some pins have incomplete I/O assignments. Refer to the I/O Assignment Warnings report for details
Warning: No exact pin location assignment(s) for 35 pins of 69 total pins
    Info: Pin pin_name not assigned to an exact location on the device
    Info: Pin pc_out[31] not assigned to an exact location on the device
    Info: Pin pc_out[30] not assigned to an exact location on the device
    Info: Pin pc_out[29] not assigned to an exact location on the device
    Info: Pin pc_out[28] not assigned to an exact location on the device
    Info: Pin pc_out[27] not assigned to an exact location on the device
    Info: Pin pc_out[26] not assigned to an exact location on the device
    Info: Pin pc_out[25] not assigned to an exact location on the device
    Info: Pin pc_out[24] not assigned to an exact location on the device
    Info: Pin pc_out[23] not assigned to an exact location on the device
    Info: Pin pc_out[22] not assigned to an exact location on the device
    Info: Pin pc_out[21] not assigned to an exact location on the device
    Info: Pin pc_out[20] not assigned to an exact location on the device
    Info: Pin pc_out[19] not assigned to an exact location on the device
    Info: Pin pc_out[18] not assigned to an exact location on the device
    Info: Pin pc_out[17] not assigned to an exact location on the device
    Info: Pin pc_out[16] not assigned to an exact location on the device
    Info: Pin pc_out[15] not assigned to an exact location on the device
    Info: Pin pc_out[14] not assigned to an exact location on the device
    Info: Pin pc_out[13] not assigned to an exact location on the device
    Info: Pin pc_out[12] not assigned to an exact location on the device
    Info: Pin pc_out[11] not assigned to an exact location on the device
    Info: Pin pc_out[10] not assigned to an exact location on the device
    Info: Pin pc_out[9] not assigned to an exact location on the device
    Info: Pin pc_out[8] not assigned to an exact location on the device
    Info: Pin pc_out[7] not assigned to an exact location on the device
    Info: Pin pc_out[6] not assigned to an exact location on the device
    Info: Pin pc_out[5] not assigned to an exact location on the device
    Info: Pin pc_out[4] not assigned to an exact location on the device
    Info: Pin pc_out[3] not assigned to an exact location on the device
    Info: Pin pc_out[2] not assigned to an exact location on the device
    Info: Pin pc_out[1] not assigned to an exact location on the device
    Info: Pin pc_out[0] not assigned to an exact location on the device
    Info: Pin pin_name12 not assigned to an exact location on the device
    Info: Pin pin_name13 not assigned to an exact location on the device
Info: Fitter is using the TimeQuest Timing Analyzer
Critical Warning: Synopsys Design Constraints File file not found: 'risc5.sdc'. A Synopsys Design Constraints File is required by the TimeQuest Timing Analyzer to get proper timing constraints. Without it, the Compiler will not properly optimize the design.
Info: No user constrained base clocks found in the design.
Critical Warning: The following clock transfers have no clock uncertainty assignment. For more accurate results, apply clock uncertainty assignments or use the derive_clock_uncertainty command.
    Critical Warning: From clk (Rise) to clk (Rise) (setup and hold)
Info: Timing requirements not specified -- quality metrics such as performance may be sacrificed to reduce compilation time.
Info: Automatically promoted node clk~input 
    Info: Automatically promoted destinations to use location or clock signal Global Clock
Info: Pin clk~input drives global or regional clock Global Clock, but is not placed in a dedicated clock pin position
Info: Automatically promoted node pc_clr~input 
    Info: Automatically promoted destinations to use location or clock signal Global Clock
Info: Pin pc_clr~input drives global or regional clock Global Clock, but is not placed in a dedicated clock pin position
Info: Starting register packing
Info: Finished register packing
    Extra Info: No registers were packed into other blocks
Info: Statistics of I/O pins that need to be placed that use the same VCCIO and VREF, before I/O pin placement
    Info: Number of I/O pins in group: 35 (unused VREF, 2.5V VCCIO, 0 input, 35 output, 0 bidirectional)
        Info: I/O standards used: 2.5 V.
Info: I/O bank details before I/O pin placement
    Info: Statistics of I/O banks
        Info: I/O bank number 1 does not use VREF pins and has undetermined VCCIO pins. 5 total pin(s) used --  7 pins available
        Info: I/O bank number 2 does not use VREF pins and has 2.5V VCCIO pins. 3 total pin(s) used --  14 pins available
        Info: I/O bank number 3 does not use VREF pins and has 2.5V VCCIO pins. 8 total pin(s) used --  8 pins available
        Info: I/O bank number 4 does not use VREF pins and has 2.5V VCCIO pins. 5 total pin(s) used --  13 pins available
        Info: I/O bank number 5 does not use VREF pins and has 2.5V VCCIO pins. 15 total pin(s) used --  2 pins available
        Info: I/O bank number 6 does not use VREF pins and has 2.5V VCCIO pins. 3 total pin(s) used --  10 pins available
        Info: I/O bank number 7 does not use VREF pins and has undetermined VCCIO pins. 0 total pin(s) used --  18 pins available
        Info: I/O bank number 8 does not use VREF pins and has undetermined VCCIO pins. 0 total pin(s) used --  18 pins available
Warning: Ignored locations or region assignments to the following nodes
    Warning: Node "bsel" is assigned to location or region, but does not exist in design
    Warning: Node "clk_la" is assigned to location or region, but does not exist in design
    Warning: Node "w_ena" is assigned to location or region, but does not exist in design
Info: Fitter preparation operations ending: elapsed time is 00:00:01
Info: Fitter placement preparation operations beginning
Info: Fitter placement preparation operations ending: elapsed time is 00:00:00
Info: Fitter placement operations beginning
Info: Fitter placement was successful
Info: Fitter placement operations ending: elapsed time is 00:00:01
Info: Report Timing: Found 1 setup paths (1 violated).  Worst case slack is -9.591
    Info: -setup
    Info: -npaths 1
Info: Path #1: Setup slack is -9.591 (VIOLATED)
    Info: ===================================================================
    Info: From Node    : lpm_dff2:inst2|lpm_ff:lpm_ff_component|dffs[3]
    Info: To Node      : regfile:inst5|reg_array~63
    Info: Launch Clock : clk
    Info: Latch Clock  : clk
    Info: 
    Info: Data Arrival Path:
    Info: 
    Info: Total (ns)  Incr (ns)     Type  Element
    Info: ==========  ========= ==  ====  ===================================
    Info:      0.000      0.000           launch edge time
    Info:      4.214      4.214  R        clock network delay
    Info:      4.475      0.261     uTco  lpm_dff2:inst2|lpm_ff:lpm_ff_component|dffs[3]
    Info:      4.475      0.000 FF  CELL  inst2|lpm_ff_component|dffs[3]|q
    Info:      5.070      0.595 FF    IC  inst|WideOr1~0|datab
    Info:      5.564      0.494 FR  CELL  inst|WideOr1~0|combout
    Info:      6.293      0.729 RR    IC  inst5|reg_array~1260|datac
    Info:      6.620      0.327 RR  CELL  inst5|reg_array~1260|combout
    Info:      6.708      0.088 RR    IC  inst5|reg_array~1261|datac
    Info:      7.035      0.327 RR  CELL  inst5|reg_array~1261|combout
    Info:      7.595      0.560 RR    IC  inst5|reg_array~1264|datab
    Info:      8.050      0.455 RR  CELL  inst5|reg_array~1264|combout
    Info:      8.138      0.088 RR    IC  inst5|reg_array~1285|datac
    Info:      8.465      0.327 RR  CELL  inst5|reg_array~1285|combout
    Info:      8.384     -0.081 RR    IC  inst5|reg_array~1265|datab
    Info:      8.856      0.472 RR  CELL  inst5|reg_array~1265|combout
    Info:      8.780     -0.076 RR    IC  inst6|Add0~224|dataa
    Info:      9.251      0.471 RR  CELL  inst6|Add0~224|combout
    Info:     10.125      0.874 RR    IC  inst6|Add0~225|datab
    Info:     10.652      0.527 RR  CELL  inst6|Add0~225|cout
    Info:     10.652      0.000 RR    IC  inst6|Add0~227|cin
    Info:     10.725      0.073 RF  CELL  inst6|Add0~227|cout
    Info:     10.725      0.000 FF    IC  inst6|Add0~229|cin
    Info:     10.798      0.073 FR  CELL  inst6|Add0~229|cout
    Info:     10.798      0.000 RR    IC  inst6|Add0~231|cin
    Info:     10.871      0.073 RF  CELL  inst6|Add0~231|cout
    Info:     10.871      0.000 FF    IC  inst6|Add0~233|cin
    Info:     10.944      0.073 FR  CELL  inst6|Add0~233|cout
    Info:     10.944      0.000 RR    IC  inst6|Add0~235|cin
    Info:     11.017      0.073 RF  CELL  inst6|Add0~235|cout
    Info:     11.017      0.000 FF    IC  inst6|Add0~237|cin
    Info:     11.090      0.073 FR  CELL  inst6|Add0~237|cout
    Info:     11.090      0.000 RR    IC  inst6|Add0~239|cin
    Info:     11.163      0.073 RF  CELL  inst6|Add0~239|cout
    Info:     11.163      0.000 FF    IC  inst6|Add0~241|cin
    Info:     11.236      0.073 FR  CELL  inst6|Add0~241|cout
    Info:     11.236      0.000 RR    IC  inst6|Add0~243|cin
    Info:     11.309      0.073 RF  CELL  inst6|Add0~243|cout
    Info:     11.309      0.000 FF    IC  inst6|Add0~245|cin
    Info:     11.382      0.073 FR  CELL  inst6|Add0~245|cout
    Info:     11.382      0.000 RR    IC  inst6|Add0~247|cin
    Info:     11.455      0.073 RF  CELL  inst6|Add0~247|cout
    Info:     11.455      0.000 FF    IC  inst6|Add0~249|cin
    Info:     11.528      0.073 FR  CELL  inst6|Add0~249|cout
    Info:     11.528      0.000 RR    IC  inst6|Add0~251|cin
    Info:     11.601      0.073 RF  CELL  inst6|Add0~251|cout
    Info:     11.601      0.000 FF    IC  inst6|Add0~253|cin
    Info:     11.674      0.073 FR  CELL  inst6|Add0~253|cout
    Info:     11.674      0.000 RR    IC  inst6|Add0~255|cin
    Info:     11.747      0.073 RF  CELL  inst6|Add0~255|cout
    Info:     11.747      0.000 FF    IC  inst6|Add0~257|cin
    Info:     11.820      0.073 FR  CELL  inst6|Add0~257|cout
    Info:     11.820      0.000 RR    IC  inst6|Add0~259|cin
    Info:     11.893      0.073 RF  CELL  inst6|Add0~259|cout
    Info:     11.893      0.000 FF    IC  inst6|Add0~261|cin
    Info:     11.966      0.073 FR  CELL  inst6|Add0~261|cout
    Info:     11.966      0.000 RR    IC  inst6|Add0~263|cin
    Info:     12.039      0.073 RF  CELL  inst6|Add0~263|cout
    Info:     12.039      0.000 FF    IC  inst6|Add0~265|cin
    Info:     12.112      0.073 FR  CELL  inst6|Add0~265|cout
    Info:     12.112      0.000 RR    IC  inst6|Add0~267|cin
    Info:     12.185      0.073 RF  CELL  inst6|Add0~267|cout
    Info:     12.185      0.000 FF    IC  inst6|Add0~269|cin
    Info:     12.258      0.073 FR  CELL  inst6|Add0~269|cout
    Info:     12.258      0.000 RR    IC  inst6|Add0~271|cin
    Info:     12.331      0.073 RF  CELL  inst6|Add0~271|cout
    Info:     12.331      0.000 FF    IC  inst6|Add0~273|cin
    Info:     12.404      0.073 FR  CELL  inst6|Add0~273|cout
    Info:     12.404      0.000 RR    IC  inst6|Add0~275|cin
    Info:     12.477      0.073 RF  CELL  inst6|Add0~275|cout
    Info:     12.477      0.000 FF    IC  inst6|Add0~277|cin
    Info:     12.550      0.073 FR  CELL  inst6|Add0~277|cout
    Info:     12.550      0.000 RR    IC  inst6|Add0~279|cin
    Info:     12.623      0.073 RF  CELL  inst6|Add0~279|cout
    Info:     12.623      0.000 FF    IC  inst6|Add0~281|cin
    Info:     12.696      0.073 FR  CELL  inst6|Add0~281|cout
    Info:     12.696      0.000 RR    IC  inst6|Add0~283|cin
    Info:     12.769      0.073 RF  CELL  inst6|Add0~283|cout
    Info:     12.769      0.000 FF    IC  inst6|Add0~285|cin
    Info:     12.842      0.073 FR  CELL  inst6|Add0~285|cout
    Info:     12.842      0.000 RR    IC  inst6|Add0~287|cin
    Info:     13.449      0.607 RR  CELL  inst6|Add0~287|combout
    Info:     14.678      1.229 RR    IC  inst5|reg_array~63|d
    Info:     14.777      0.099 RR  CELL  regfile:inst5|reg_array~63
    Info: 
    Info: Data Required Path:
    Info: 
    Info: Total (ns)  Incr (ns)     Type  Element
    Info: ==========  ========= ==  ====  ===================================
    Info:      1.000      1.000           latch edge time
    Info:      5.165      4.165  R        clock network delay
    Info:      5.186      0.021     uTsu  regfile:inst5|reg_array~63
    Info: 
    Info: Data Arrival Time  :    14.777
    Info: Data Required Time :     5.186
    Info: Slack              :    -9.591 (VIOLATED)
    Info: ===================================================================
    Info: 
Info: Fitter routing operations beginning
Info: Average interconnect usage is 0% of the available device resources
    Info: Peak interconnect usage is 4% of the available device resources in the region that extends from location X45_Y11 to location X55_Y21
Info: Fitter routing operations ending: elapsed time is 00:00:00
Info: The Fitter performed an Auto Fit compilation.  Optimizations were skipped to reduce compilation time.
    Info: Optimizations that may affect the design's routability were skipped
    Info: Optimizations that may affect the design's timing were skipped
Info: Started post-fitting delay annotation
Info: Delay annotation completed successfully
Warning: Following 5 pins have nothing, GND, or VCC driving datain port -- changes to this connectivity may change fitting results
    Info: Pin pin_name has GND driving its datain port
    Info: Pin pc_out[1] has GND driving its datain port
    Info: Pin pc_out[0] has GND driving its datain port
    Info: Pin pin_name12 has GND driving its datain port
    Info: Pin pin_name13 has GND driving its datain port
Info: Generated suppressed messages file F:/210063002026/lab3/lab3_skel/risc5.fit.smsg
Info: Quartus II Fitter was successful. 0 errors, 10 warnings
    Info: Peak virtual memory: 346 megabytes
    Info: Processing ended: Wed Oct 18 16:56:11 2023
    Info: Elapsed time: 00:00:05
    Info: Total CPU time (on all processors): 00:00:05


+----------------------------+
; Fitter Suppressed Messages ;
+----------------------------+
The suppressed messages can be found in F:/210063002026/lab3/lab3_skel/risc5.fit.smsg.


