Simulator report for risc5
Wed Oct 18 16:56:24 2023
Quartus II Version 9.0 Build 132 02/25/2009 SJ Full Version


---------------------
; Table of Contents ;
---------------------
  1. Legal Notice
  2. Simulator Summary
  3. Simulator Settings
  4. Simulation Waveforms
  5. Coverage Summary
  6. Complete 1/0-Value Coverage
  7. Missing 1-Value Coverage
  8. Missing 0-Value Coverage
  9. Simulator INI Usage
 10. Simulator Messages



----------------
; Legal Notice ;
----------------
Copyright (C) 1991-2009 Altera Corporation
Your use of Altera Corporation's design tools, logic functions 
and other software and tools, and its AMPP partner logic 
functions, and any output files from any of the foregoing 
(including device programming or simulation files), and any 
associated documentation or information are expressly subject 
to the terms and conditions of the Altera Program License 
Subscription Agreement, Altera MegaCore Function License 
Agreement, or other applicable license agreement, including, 
without limitation, that your use is for the sole purpose of 
programming logic devices manufactured by Altera and sold by 
Altera or its authorized distributors.  Please refer to the 
applicable agreement for further details.



+--------------------------------------------+
; Simulator Summary                          ;
+-----------------------------+--------------+
; Type                        ; Value        ;
+-----------------------------+--------------+
; Simulation Start Time       ; 0 ps         ;
; Simulation End Time         ; 1.0 us       ;
; Simulation Netlist Size     ; 556 nodes    ;
; Simulation Coverage         ;      25.53 % ;
; Total Number of Transitions ; 1190         ;
; Simulation Breakpoints      ; 0            ;
; Family                      ; Cyclone III  ;
; Device                      ; EP3C40Q240C8 ;
+-----------------------------+--------------+


+-------------------------------------------------------------------------------------------------------------------------+
; Simulator Settings                                                                                                      ;
+--------------------------------------------------------------------------------------------+------------+---------------+
; Option                                                                                     ; Setting    ; Default Value ;
+--------------------------------------------------------------------------------------------+------------+---------------+
; Simulation mode                                                                            ; Timing     ; Timing        ;
; Start time                                                                                 ; 0 ns       ; 0 ns          ;
; Simulation results format                                                                  ; CVWF       ;               ;
; Add pins automatically to simulation output waveforms                                      ; On         ; On            ;
; Check outputs                                                                              ; Off        ; Off           ;
; Report simulation coverage                                                                 ; On         ; On            ;
; Display complete 1/0 value coverage report                                                 ; On         ; On            ;
; Display missing 1-value coverage report                                                    ; On         ; On            ;
; Display missing 0-value coverage report                                                    ; On         ; On            ;
; Detect setup and hold time violations                                                      ; Off        ; Off           ;
; Detect glitches                                                                            ; Off        ; Off           ;
; Disable timing delays in Timing Simulation                                                 ; Off        ; Off           ;
; Generate Signal Activity File                                                              ; Off        ; Off           ;
; Generate VCD File for PowerPlay Power Analyzer                                             ; Off        ; Off           ;
; Group bus channels in simulation results                                                   ; Off        ; Off           ;
; Preserve fewer signal transitions to reduce memory requirements                            ; On         ; On            ;
; Trigger vector comparison with the specified mode                                          ; INPUT_EDGE ; INPUT_EDGE    ;
; Disable setup and hold time violations detection in input registers of bi-directional pins ; Off        ; Off           ;
; Overwrite Waveform Inputs With Simulation Outputs                                          ; Off        ;               ;
; Perform Glitch Filtering in Timing Simulation                                              ; Auto       ; Auto          ;
; Interconnect Delay Model Type                                                              ; Transport  ; Transport     ;
; Cell Delay Model Type                                                                      ; Transport  ; Transport     ;
+--------------------------------------------------------------------------------------------+------------+---------------+


+----------------------+
; Simulation Waveforms ;
+----------------------+
Waveform report data cannot be output to ASCII.
Please use Quartus II to view the waveform report data.


+--------------------------------------------------------------------+
; Coverage Summary                                                   ;
+-----------------------------------------------------+--------------+
; Type                                                ; Value        ;
+-----------------------------------------------------+--------------+
; Total coverage as a percentage                      ;      25.53 % ;
; Total nodes checked                                 ; 556          ;
; Total output ports checked                          ; 615          ;
; Total output ports with complete 1/0-value coverage ; 157          ;
; Total output ports with no 1/0-value coverage       ; 425          ;
; Total output ports with no 1-value coverage         ; 426          ;
; Total output ports with no 0-value coverage         ; 457          ;
+-----------------------------------------------------+--------------+


The following table displays output ports that toggle between 1 and 0 during simulation.
+----------------------------------------------------------------------------------------------------------------------------------------+
; Complete 1/0-Value Coverage                                                                                                            ;
+----------------------------------------------------------+----------------------------------------------------------+------------------+
; Node Name                                                ; Output Port Name                                         ; Output Port Type ;
+----------------------------------------------------------+----------------------------------------------------------+------------------+
; |risc5|lpm_dff2:inst2|lpm_ff:lpm_ff_component|dffs[4]    ; |risc5|lpm_dff2:inst2|lpm_ff:lpm_ff_component|dffs[4]    ; q                ;
; |risc5|lpm_dff2:inst2|lpm_ff:lpm_ff_component|dffs[3]    ; |risc5|lpm_dff2:inst2|lpm_ff:lpm_ff_component|dffs[3]    ; q                ;
; |risc5|alu32:inst6|Add0~225                              ; |risc5|alu32:inst6|Add0~225                              ; combout          ;
; |risc5|alu32:inst6|Add0~225                              ; |risc5|alu32:inst6|Add0~226                              ; cout             ;
; |risc5|alu32:inst6|Add0~227                              ; |risc5|alu32:inst6|Add0~227                              ; combout          ;
; |risc5|alu32:inst6|Add0~229                              ; |risc5|alu32:inst6|Add0~229                              ; combout          ;
; |risc5|alu32:inst6|Add0~231                              ; |risc5|alu32:inst6|Add0~231                              ; combout          ;
; |risc5|alu32:inst6|Add0~233                              ; |risc5|alu32:inst6|Add0~233                              ; combout          ;
; |risc5|alu32:inst6|Add0~241                              ; |risc5|alu32:inst6|Add0~241                              ; combout          ;
; |risc5|alu32:inst6|Add0~241                              ; |risc5|alu32:inst6|Add0~242                              ; cout             ;
; |risc5|alu32:inst6|Add0~243                              ; |risc5|alu32:inst6|Add0~243                              ; combout          ;
; |risc5|alu32:inst6|Add0~243                              ; |risc5|alu32:inst6|Add0~244                              ; cout             ;
; |risc5|alu32:inst6|Add0~245                              ; |risc5|alu32:inst6|Add0~245                              ; combout          ;
; |risc5|alu32:inst6|Add0~245                              ; |risc5|alu32:inst6|Add0~246                              ; cout             ;
; |risc5|alu32:inst6|Add0~247                              ; |risc5|alu32:inst6|Add0~247                              ; combout          ;
; |risc5|lpm_dff2:inst2|lpm_ff:lpm_ff_component|dffs[3]~30 ; |risc5|lpm_dff2:inst2|lpm_ff:lpm_ff_component|dffs[3]~30 ; combout          ;
; |risc5|lpm_dff2:inst2|lpm_ff:lpm_ff_component|dffs[3]~30 ; |risc5|lpm_dff2:inst2|lpm_ff:lpm_ff_component|dffs[3]~31 ; cout             ;
; |risc5|lpm_dff2:inst2|lpm_ff:lpm_ff_component|dffs[4]~32 ; |risc5|lpm_dff2:inst2|lpm_ff:lpm_ff_component|dffs[4]~32 ; combout          ;
; |risc5|lpm_dff2:inst2|lpm_ff:lpm_ff_component|dffs[4]~32 ; |risc5|lpm_dff2:inst2|lpm_ff:lpm_ff_component|dffs[4]~33 ; cout             ;
; |risc5|lpm_dff2:inst2|lpm_ff:lpm_ff_component|dffs[5]~34 ; |risc5|lpm_dff2:inst2|lpm_ff:lpm_ff_component|dffs[5]~34 ; combout          ;
; |risc5|lpm_dff2:inst2|lpm_ff:lpm_ff_component|dffs[5]~34 ; |risc5|lpm_dff2:inst2|lpm_ff:lpm_ff_component|dffs[5]~35 ; cout             ;
; |risc5|lpm_dff2:inst2|lpm_ff:lpm_ff_component|dffs[6]~36 ; |risc5|lpm_dff2:inst2|lpm_ff:lpm_ff_component|dffs[6]~36 ; combout          ;
; |risc5|lpm_dff2:inst2|lpm_ff:lpm_ff_component|dffs[2]    ; |risc5|lpm_dff2:inst2|lpm_ff:lpm_ff_component|dffs[2]    ; q                ;
; |risc5|imem:inst|WideOr1~0                               ; |risc5|imem:inst|WideOr1~0                               ; combout          ;
; |risc5|imem:inst|WideOr2~0                               ; |risc5|imem:inst|WideOr2~0                               ; combout          ;
; |risc5|imem:inst|WideOr0~0                               ; |risc5|imem:inst|WideOr0~0                               ; combout          ;
; |risc5|regfile:inst5|reg_array~1207                      ; |risc5|regfile:inst5|reg_array~1207                      ; combout          ;
; |risc5|imem:inst|inst[23]~3                              ; |risc5|imem:inst|inst[23]~3                              ; combout          ;
; |risc5|regfile:inst5|Equal1~0                            ; |risc5|regfile:inst5|Equal1~0                            ; combout          ;
; |risc5|regfile:inst5|reg_data1[10]~53                    ; |risc5|regfile:inst5|reg_data1[10]~53                    ; combout          ;
; |risc5|regfile:inst5|reg_array~1208                      ; |risc5|regfile:inst5|reg_array~1208                      ; combout          ;
; |risc5|regfile:inst5|reg_array~1209                      ; |risc5|regfile:inst5|reg_array~1209                      ; combout          ;
; |risc5|regfile:inst5|reg_array~1210                      ; |risc5|regfile:inst5|reg_array~1210                      ; combout          ;
; |risc5|regfile:inst5|reg_array~1211                      ; |risc5|regfile:inst5|reg_array~1211                      ; combout          ;
; |risc5|regfile:inst5|reg_array~1212                      ; |risc5|regfile:inst5|reg_array~1212                      ; combout          ;
; |risc5|imem:inst|Decoder0~0                              ; |risc5|imem:inst|Decoder0~0                              ; combout          ;
; |risc5|regfile:inst5|reg_array~1213                      ; |risc5|regfile:inst5|reg_array~1213                      ; combout          ;
; |risc5|regfile:inst5|Equal1~1                            ; |risc5|regfile:inst5|Equal1~1                            ; combout          ;
; |risc5|regfile:inst5|reg_array~1214                      ; |risc5|regfile:inst5|reg_array~1214                      ; combout          ;
; |risc5|imem:inst|Decoder0~1                              ; |risc5|imem:inst|Decoder0~1                              ; combout          ;
; |risc5|alu32:inst6|Add0~217                              ; |risc5|alu32:inst6|Add0~217                              ; combout          ;
; |risc5|regfile:inst5|reg_data1[9]~54                     ; |risc5|regfile:inst5|reg_data1[9]~54                     ; combout          ;
; |risc5|regfile:inst5|reg_array~1215                      ; |risc5|regfile:inst5|reg_array~1215                      ; combout          ;
; |risc5|regfile:inst5|reg_array~1217                      ; |risc5|regfile:inst5|reg_array~1217                      ; combout          ;
; |risc5|regfile:inst5|reg_array~1218                      ; |risc5|regfile:inst5|reg_array~1218                      ; combout          ;
; |risc5|regfile:inst5|reg_array~1219                      ; |risc5|regfile:inst5|reg_array~1219                      ; combout          ;
; |risc5|regfile:inst5|reg_array~1220                      ; |risc5|regfile:inst5|reg_array~1220                      ; combout          ;
; |risc5|regfile:inst5|reg_array~1221                      ; |risc5|regfile:inst5|reg_array~1221                      ; combout          ;
; |risc5|regfile:inst5|reg_array~1222                      ; |risc5|regfile:inst5|reg_array~1222                      ; combout          ;
; |risc5|regfile:inst5|reg_array~1223                      ; |risc5|regfile:inst5|reg_array~1223                      ; combout          ;
; |risc5|alu32:inst6|Add0~218                              ; |risc5|alu32:inst6|Add0~218                              ; combout          ;
; |risc5|regfile:inst5|reg_data1[8]~55                     ; |risc5|regfile:inst5|reg_data1[8]~55                     ; combout          ;
; |risc5|regfile:inst5|reg_array~1224                      ; |risc5|regfile:inst5|reg_array~1224                      ; combout          ;
; |risc5|regfile:inst5|reg_array~1225                      ; |risc5|regfile:inst5|reg_array~1225                      ; combout          ;
; |risc5|regfile:inst5|reg_array~1226                      ; |risc5|regfile:inst5|reg_array~1226                      ; combout          ;
; |risc5|regfile:inst5|reg_array~1227                      ; |risc5|regfile:inst5|reg_array~1227                      ; combout          ;
; |risc5|regfile:inst5|reg_array~1228                      ; |risc5|regfile:inst5|reg_array~1228                      ; combout          ;
; |risc5|regfile:inst5|reg_array~1229                      ; |risc5|regfile:inst5|reg_array~1229                      ; combout          ;
; |risc5|alu32:inst6|Add0~219                              ; |risc5|alu32:inst6|Add0~219                              ; combout          ;
; |risc5|regfile:inst5|reg_array~1230                      ; |risc5|regfile:inst5|reg_array~1230                      ; combout          ;
; |risc5|regfile:inst5|reg_array~1231                      ; |risc5|regfile:inst5|reg_array~1231                      ; combout          ;
; |risc5|regfile:inst5|reg_array~1232                      ; |risc5|regfile:inst5|reg_array~1232                      ; combout          ;
; |risc5|regfile:inst5|reg_array~1233                      ; |risc5|regfile:inst5|reg_array~1233                      ; combout          ;
; |risc5|regfile:inst5|reg_array~1234                      ; |risc5|regfile:inst5|reg_array~1234                      ; combout          ;
; |risc5|regfile:inst5|reg_array~1235                      ; |risc5|regfile:inst5|reg_array~1235                      ; combout          ;
; |risc5|alu32:inst6|Add0~220                              ; |risc5|alu32:inst6|Add0~220                              ; combout          ;
; |risc5|regfile:inst5|reg_array~1236                      ; |risc5|regfile:inst5|reg_array~1236                      ; combout          ;
; |risc5|regfile:inst5|reg_array~1237                      ; |risc5|regfile:inst5|reg_array~1237                      ; combout          ;
; |risc5|regfile:inst5|reg_array~1238                      ; |risc5|regfile:inst5|reg_array~1238                      ; combout          ;
; |risc5|regfile:inst5|reg_array~1239                      ; |risc5|regfile:inst5|reg_array~1239                      ; combout          ;
; |risc5|regfile:inst5|reg_array~1240                      ; |risc5|regfile:inst5|reg_array~1240                      ; combout          ;
; |risc5|regfile:inst5|reg_array~1241                      ; |risc5|regfile:inst5|reg_array~1241                      ; combout          ;
; |risc5|regfile:inst5|reg_array~1243                      ; |risc5|regfile:inst5|reg_array~1243                      ; combout          ;
; |risc5|regfile:inst5|reg_array~1244                      ; |risc5|regfile:inst5|reg_array~1244                      ; combout          ;
; |risc5|alu32:inst6|Add0~221                              ; |risc5|alu32:inst6|Add0~221                              ; combout          ;
; |risc5|regfile:inst5|reg_array~1245                      ; |risc5|regfile:inst5|reg_array~1245                      ; combout          ;
; |risc5|regfile:inst5|reg_array~1246                      ; |risc5|regfile:inst5|reg_array~1246                      ; combout          ;
; |risc5|regfile:inst5|reg_array~1247                      ; |risc5|regfile:inst5|reg_array~1247                      ; combout          ;
; |risc5|regfile:inst5|reg_array~1248                      ; |risc5|regfile:inst5|reg_array~1248                      ; combout          ;
; |risc5|regfile:inst5|reg_array~1249                      ; |risc5|regfile:inst5|reg_array~1249                      ; combout          ;
; |risc5|regfile:inst5|reg_array~1250                      ; |risc5|regfile:inst5|reg_array~1250                      ; combout          ;
; |risc5|alu32:inst6|Add0~222                              ; |risc5|alu32:inst6|Add0~222                              ; combout          ;
; |risc5|regfile:inst5|reg_array~1251                      ; |risc5|regfile:inst5|reg_array~1251                      ; combout          ;
; |risc5|regfile:inst5|reg_array~1252                      ; |risc5|regfile:inst5|reg_array~1252                      ; combout          ;
; |risc5|regfile:inst5|reg_array~1254                      ; |risc5|regfile:inst5|reg_array~1254                      ; combout          ;
; |risc5|regfile:inst5|reg_array~1255                      ; |risc5|regfile:inst5|reg_array~1255                      ; combout          ;
; |risc5|regfile:inst5|reg_array~1256                      ; |risc5|regfile:inst5|reg_array~1256                      ; combout          ;
; |risc5|regfile:inst5|reg_array~1258                      ; |risc5|regfile:inst5|reg_array~1258                      ; combout          ;
; |risc5|regfile:inst5|reg_array~1259                      ; |risc5|regfile:inst5|reg_array~1259                      ; combout          ;
; |risc5|alu32:inst6|Add0~223                              ; |risc5|alu32:inst6|Add0~223                              ; combout          ;
; |risc5|regfile:inst5|reg_data1[0]~63                     ; |risc5|regfile:inst5|reg_data1[0]~63                     ; combout          ;
; |risc5|regfile:inst5|reg_array~1260                      ; |risc5|regfile:inst5|reg_array~1260                      ; combout          ;
; |risc5|regfile:inst5|reg_array~1261                      ; |risc5|regfile:inst5|reg_array~1261                      ; combout          ;
; |risc5|regfile:inst5|reg_array~1262                      ; |risc5|regfile:inst5|reg_array~1262                      ; combout          ;
; |risc5|regfile:inst5|reg_array~1263                      ; |risc5|regfile:inst5|reg_array~1263                      ; combout          ;
; |risc5|regfile:inst5|reg_array~1264                      ; |risc5|regfile:inst5|reg_array~1264                      ; combout          ;
; |risc5|regfile:inst5|reg_array~1265                      ; |risc5|regfile:inst5|reg_array~1265                      ; combout          ;
; |risc5|alu32:inst6|Add0~224                              ; |risc5|alu32:inst6|Add0~224                              ; combout          ;
; |risc5|regfile:inst5|reg_array~1267                      ; |risc5|regfile:inst5|reg_array~1267                      ; combout          ;
; |risc5|regfile:inst5|reg_array~1268                      ; |risc5|regfile:inst5|reg_array~1268                      ; combout          ;
; |risc5|regfile:inst5|reg_array~1080                      ; |risc5|regfile:inst5|reg_array~1080                      ; combout          ;
; |risc5|regfile:inst5|reg_array~1277                      ; |risc5|regfile:inst5|reg_array~1277                      ; combout          ;
; |risc5|regfile:inst5|reg_array~1278                      ; |risc5|regfile:inst5|reg_array~1278                      ; combout          ;
; |risc5|regfile:inst5|reg_array~1279                      ; |risc5|regfile:inst5|reg_array~1279                      ; combout          ;
; |risc5|regfile:inst5|reg_array~1280                      ; |risc5|regfile:inst5|reg_array~1280                      ; combout          ;
; |risc5|regfile:inst5|reg_array~1281                      ; |risc5|regfile:inst5|reg_array~1281                      ; combout          ;
; |risc5|regfile:inst5|reg_array~1282                      ; |risc5|regfile:inst5|reg_array~1282                      ; combout          ;
; |risc5|regfile:inst5|reg_array~1283                      ; |risc5|regfile:inst5|reg_array~1283                      ; combout          ;
; |risc5|regfile:inst5|reg_array~1284                      ; |risc5|regfile:inst5|reg_array~1284                      ; combout          ;
; |risc5|regfile:inst5|reg_array~1285                      ; |risc5|regfile:inst5|reg_array~1285                      ; combout          ;
; |risc5|regfile:inst5|reg_array~1287                      ; |risc5|regfile:inst5|reg_array~1287                      ; combout          ;
; |risc5|regfile:inst5|reg_array~1288                      ; |risc5|regfile:inst5|reg_array~1288                      ; combout          ;
; |risc5|regfile:inst5|reg_array~1289                      ; |risc5|regfile:inst5|reg_array~1289                      ; combout          ;
; |risc5|regfile:inst5|reg_array~1290                      ; |risc5|regfile:inst5|reg_array~1290                      ; combout          ;
; |risc5|regfile:inst5|reg_array~1291                      ; |risc5|regfile:inst5|reg_array~1291                      ; combout          ;
; |risc5|regfile:inst5|reg_array~1292                      ; |risc5|regfile:inst5|reg_array~1292                      ; combout          ;
; |risc5|regfile:inst5|reg_array~1293                      ; |risc5|regfile:inst5|reg_array~1293                      ; combout          ;
; |risc5|lpm_dff2:inst2|lpm_ff:lpm_ff_component|dffs[2]~88 ; |risc5|lpm_dff2:inst2|lpm_ff:lpm_ff_component|dffs[2]~88 ; combout          ;
; |risc5|pc_out[4]~output                                  ; |risc5|pc_out[4]~output                                  ; o                ;
; |risc5|pc_out[4]                                         ; |risc5|pc_out[4]                                         ; padout           ;
; |risc5|pc_out[3]~output                                  ; |risc5|pc_out[3]~output                                  ; o                ;
; |risc5|pc_out[3]                                         ; |risc5|pc_out[3]                                         ; padout           ;
; |risc5|pc_out[2]~output                                  ; |risc5|pc_out[2]~output                                  ; o                ;
; |risc5|pc_out[2]                                         ; |risc5|pc_out[2]                                         ; padout           ;
; |risc5|alu_out[11]~output                                ; |risc5|alu_out[11]~output                                ; o                ;
; |risc5|alu_out[11]                                       ; |risc5|alu_out[11]                                       ; padout           ;
; |risc5|alu_out[10]~output                                ; |risc5|alu_out[10]~output                                ; o                ;
; |risc5|alu_out[10]                                       ; |risc5|alu_out[10]                                       ; padout           ;
; |risc5|alu_out[9]~output                                 ; |risc5|alu_out[9]~output                                 ; o                ;
; |risc5|alu_out[9]                                        ; |risc5|alu_out[9]                                        ; padout           ;
; |risc5|alu_out[8]~output                                 ; |risc5|alu_out[8]~output                                 ; o                ;
; |risc5|alu_out[8]                                        ; |risc5|alu_out[8]                                        ; padout           ;
; |risc5|alu_out[4]~output                                 ; |risc5|alu_out[4]~output                                 ; o                ;
; |risc5|alu_out[4]                                        ; |risc5|alu_out[4]                                        ; padout           ;
; |risc5|alu_out[3]~output                                 ; |risc5|alu_out[3]~output                                 ; o                ;
; |risc5|alu_out[3]                                        ; |risc5|alu_out[3]                                        ; padout           ;
; |risc5|alu_out[2]~output                                 ; |risc5|alu_out[2]~output                                 ; o                ;
; |risc5|alu_out[2]                                        ; |risc5|alu_out[2]                                        ; padout           ;
; |risc5|alu_out[1]~output                                 ; |risc5|alu_out[1]~output                                 ; o                ;
; |risc5|alu_out[1]                                        ; |risc5|alu_out[1]                                        ; padout           ;
; |risc5|alu_out[0]~output                                 ; |risc5|alu_out[0]~output                                 ; o                ;
; |risc5|alu_out[0]                                        ; |risc5|alu_out[0]                                        ; padout           ;
; |risc5|clk~input                                         ; |risc5|clk~input                                         ; o                ;
; |risc5|clk                                               ; |risc5|clk                                               ; padout           ;
; |risc5|clk~inputclkctrl                                  ; |risc5|clk~inputclkctrl                                  ; outclk           ;
; |risc5|regfile:inst5|reg_array~224feeder                 ; |risc5|regfile:inst5|reg_array~224feeder                 ; combout          ;
; |risc5|regfile:inst5|reg_array~480feeder                 ; |risc5|regfile:inst5|reg_array~480feeder                 ; combout          ;
; |risc5|regfile:inst5|reg_array~128feeder                 ; |risc5|regfile:inst5|reg_array~128feeder                 ; combout          ;
; |risc5|regfile:inst5|reg_array~129feeder                 ; |risc5|regfile:inst5|reg_array~129feeder                 ; combout          ;
; |risc5|regfile:inst5|reg_array~195feeder                 ; |risc5|regfile:inst5|reg_array~195feeder                 ; combout          ;
; |risc5|regfile:inst5|reg_array~100feeder                 ; |risc5|regfile:inst5|reg_array~100feeder                 ; combout          ;
; |risc5|regfile:inst5|reg_array~228feeder                 ; |risc5|regfile:inst5|reg_array~228feeder                 ; combout          ;
; |risc5|regfile:inst5|reg_array~232feeder                 ; |risc5|regfile:inst5|reg_array~232feeder                 ; combout          ;
; |risc5|regfile:inst5|reg_array~488feeder                 ; |risc5|regfile:inst5|reg_array~488feeder                 ; combout          ;
; |risc5|regfile:inst5|reg_array~137feeder                 ; |risc5|regfile:inst5|reg_array~137feeder                 ; combout          ;
; |risc5|regfile:inst5|reg_array~490feeder                 ; |risc5|regfile:inst5|reg_array~490feeder                 ; combout          ;
; |risc5|regfile:inst5|reg_array~234feeder                 ; |risc5|regfile:inst5|reg_array~234feeder                 ; combout          ;
+----------------------------------------------------------+----------------------------------------------------------+------------------+


The following table displays output ports that do not toggle to 1 during simulation.
+------------------------------------------------------------------------------------------------------------------------------------------+
; Missing 1-Value Coverage                                                                                                                 ;
+-----------------------------------------------------------+-----------------------------------------------------------+------------------+
; Node Name                                                 ; Output Port Name                                          ; Output Port Type ;
+-----------------------------------------------------------+-----------------------------------------------------------+------------------+
; |risc5|lpm_dff2:inst2|lpm_ff:lpm_ff_component|dffs[31]    ; |risc5|lpm_dff2:inst2|lpm_ff:lpm_ff_component|dffs[31]    ; q                ;
; |risc5|lpm_dff2:inst2|lpm_ff:lpm_ff_component|dffs[30]    ; |risc5|lpm_dff2:inst2|lpm_ff:lpm_ff_component|dffs[30]    ; q                ;
; |risc5|lpm_dff2:inst2|lpm_ff:lpm_ff_component|dffs[29]    ; |risc5|lpm_dff2:inst2|lpm_ff:lpm_ff_component|dffs[29]    ; q                ;
; |risc5|lpm_dff2:inst2|lpm_ff:lpm_ff_component|dffs[28]    ; |risc5|lpm_dff2:inst2|lpm_ff:lpm_ff_component|dffs[28]    ; q                ;
; |risc5|lpm_dff2:inst2|lpm_ff:lpm_ff_component|dffs[27]    ; |risc5|lpm_dff2:inst2|lpm_ff:lpm_ff_component|dffs[27]    ; q                ;
; |risc5|lpm_dff2:inst2|lpm_ff:lpm_ff_component|dffs[26]    ; |risc5|lpm_dff2:inst2|lpm_ff:lpm_ff_component|dffs[26]    ; q                ;
; |risc5|lpm_dff2:inst2|lpm_ff:lpm_ff_component|dffs[25]    ; |risc5|lpm_dff2:inst2|lpm_ff:lpm_ff_component|dffs[25]    ; q                ;
; |risc5|lpm_dff2:inst2|lpm_ff:lpm_ff_component|dffs[24]    ; |risc5|lpm_dff2:inst2|lpm_ff:lpm_ff_component|dffs[24]    ; q                ;
; |risc5|lpm_dff2:inst2|lpm_ff:lpm_ff_component|dffs[23]    ; |risc5|lpm_dff2:inst2|lpm_ff:lpm_ff_component|dffs[23]    ; q                ;
; |risc5|lpm_dff2:inst2|lpm_ff:lpm_ff_component|dffs[22]    ; |risc5|lpm_dff2:inst2|lpm_ff:lpm_ff_component|dffs[22]    ; q                ;
; |risc5|lpm_dff2:inst2|lpm_ff:lpm_ff_component|dffs[21]    ; |risc5|lpm_dff2:inst2|lpm_ff:lpm_ff_component|dffs[21]    ; q                ;
; |risc5|lpm_dff2:inst2|lpm_ff:lpm_ff_component|dffs[20]    ; |risc5|lpm_dff2:inst2|lpm_ff:lpm_ff_component|dffs[20]    ; q                ;
; |risc5|lpm_dff2:inst2|lpm_ff:lpm_ff_component|dffs[19]    ; |risc5|lpm_dff2:inst2|lpm_ff:lpm_ff_component|dffs[19]    ; q                ;
; |risc5|lpm_dff2:inst2|lpm_ff:lpm_ff_component|dffs[18]    ; |risc5|lpm_dff2:inst2|lpm_ff:lpm_ff_component|dffs[18]    ; q                ;
; |risc5|lpm_dff2:inst2|lpm_ff:lpm_ff_component|dffs[17]    ; |risc5|lpm_dff2:inst2|lpm_ff:lpm_ff_component|dffs[17]    ; q                ;
; |risc5|lpm_dff2:inst2|lpm_ff:lpm_ff_component|dffs[16]    ; |risc5|lpm_dff2:inst2|lpm_ff:lpm_ff_component|dffs[16]    ; q                ;
; |risc5|lpm_dff2:inst2|lpm_ff:lpm_ff_component|dffs[15]    ; |risc5|lpm_dff2:inst2|lpm_ff:lpm_ff_component|dffs[15]    ; q                ;
; |risc5|lpm_dff2:inst2|lpm_ff:lpm_ff_component|dffs[14]    ; |risc5|lpm_dff2:inst2|lpm_ff:lpm_ff_component|dffs[14]    ; q                ;
; |risc5|lpm_dff2:inst2|lpm_ff:lpm_ff_component|dffs[13]    ; |risc5|lpm_dff2:inst2|lpm_ff:lpm_ff_component|dffs[13]    ; q                ;
; |risc5|lpm_dff2:inst2|lpm_ff:lpm_ff_component|dffs[12]    ; |risc5|lpm_dff2:inst2|lpm_ff:lpm_ff_component|dffs[12]    ; q                ;
; |risc5|lpm_dff2:inst2|lpm_ff:lpm_ff_component|dffs[11]    ; |risc5|lpm_dff2:inst2|lpm_ff:lpm_ff_component|dffs[11]    ; q                ;
; |risc5|lpm_dff2:inst2|lpm_ff:lpm_ff_component|dffs[10]    ; |risc5|lpm_dff2:inst2|lpm_ff:lpm_ff_component|dffs[10]    ; q                ;
; |risc5|lpm_dff2:inst2|lpm_ff:lpm_ff_component|dffs[9]     ; |risc5|lpm_dff2:inst2|lpm_ff:lpm_ff_component|dffs[9]     ; q                ;
; |risc5|lpm_dff2:inst2|lpm_ff:lpm_ff_component|dffs[8]     ; |risc5|lpm_dff2:inst2|lpm_ff:lpm_ff_component|dffs[8]     ; q                ;
; |risc5|lpm_dff2:inst2|lpm_ff:lpm_ff_component|dffs[7]     ; |risc5|lpm_dff2:inst2|lpm_ff:lpm_ff_component|dffs[7]     ; q                ;
; |risc5|lpm_dff2:inst2|lpm_ff:lpm_ff_component|dffs[6]     ; |risc5|lpm_dff2:inst2|lpm_ff:lpm_ff_component|dffs[6]     ; q                ;
; |risc5|alu32:inst6|Add0~227                               ; |risc5|alu32:inst6|Add0~228                               ; cout             ;
; |risc5|alu32:inst6|Add0~229                               ; |risc5|alu32:inst6|Add0~230                               ; cout             ;
; |risc5|alu32:inst6|Add0~231                               ; |risc5|alu32:inst6|Add0~232                               ; cout             ;
; |risc5|alu32:inst6|Add0~233                               ; |risc5|alu32:inst6|Add0~234                               ; cout             ;
; |risc5|alu32:inst6|Add0~235                               ; |risc5|alu32:inst6|Add0~235                               ; combout          ;
; |risc5|alu32:inst6|Add0~235                               ; |risc5|alu32:inst6|Add0~236                               ; cout             ;
; |risc5|alu32:inst6|Add0~237                               ; |risc5|alu32:inst6|Add0~237                               ; combout          ;
; |risc5|alu32:inst6|Add0~237                               ; |risc5|alu32:inst6|Add0~238                               ; cout             ;
; |risc5|alu32:inst6|Add0~239                               ; |risc5|alu32:inst6|Add0~239                               ; combout          ;
; |risc5|alu32:inst6|Add0~239                               ; |risc5|alu32:inst6|Add0~240                               ; cout             ;
; |risc5|alu32:inst6|Add0~247                               ; |risc5|alu32:inst6|Add0~248                               ; cout             ;
; |risc5|alu32:inst6|Add0~249                               ; |risc5|alu32:inst6|Add0~249                               ; combout          ;
; |risc5|alu32:inst6|Add0~249                               ; |risc5|alu32:inst6|Add0~250                               ; cout             ;
; |risc5|alu32:inst6|Add0~251                               ; |risc5|alu32:inst6|Add0~251                               ; combout          ;
; |risc5|alu32:inst6|Add0~251                               ; |risc5|alu32:inst6|Add0~252                               ; cout             ;
; |risc5|alu32:inst6|Add0~253                               ; |risc5|alu32:inst6|Add0~253                               ; combout          ;
; |risc5|alu32:inst6|Add0~253                               ; |risc5|alu32:inst6|Add0~254                               ; cout             ;
; |risc5|alu32:inst6|Add0~255                               ; |risc5|alu32:inst6|Add0~255                               ; combout          ;
; |risc5|alu32:inst6|Add0~255                               ; |risc5|alu32:inst6|Add0~256                               ; cout             ;
; |risc5|alu32:inst6|Add0~257                               ; |risc5|alu32:inst6|Add0~257                               ; combout          ;
; |risc5|alu32:inst6|Add0~257                               ; |risc5|alu32:inst6|Add0~258                               ; cout             ;
; |risc5|alu32:inst6|Add0~259                               ; |risc5|alu32:inst6|Add0~259                               ; combout          ;
; |risc5|alu32:inst6|Add0~259                               ; |risc5|alu32:inst6|Add0~260                               ; cout             ;
; |risc5|alu32:inst6|Add0~261                               ; |risc5|alu32:inst6|Add0~261                               ; combout          ;
; |risc5|alu32:inst6|Add0~261                               ; |risc5|alu32:inst6|Add0~262                               ; cout             ;
; |risc5|alu32:inst6|Add0~263                               ; |risc5|alu32:inst6|Add0~263                               ; combout          ;
; |risc5|alu32:inst6|Add0~263                               ; |risc5|alu32:inst6|Add0~264                               ; cout             ;
; |risc5|alu32:inst6|Add0~265                               ; |risc5|alu32:inst6|Add0~265                               ; combout          ;
; |risc5|alu32:inst6|Add0~265                               ; |risc5|alu32:inst6|Add0~266                               ; cout             ;
; |risc5|alu32:inst6|Add0~267                               ; |risc5|alu32:inst6|Add0~267                               ; combout          ;
; |risc5|alu32:inst6|Add0~267                               ; |risc5|alu32:inst6|Add0~268                               ; cout             ;
; |risc5|alu32:inst6|Add0~269                               ; |risc5|alu32:inst6|Add0~269                               ; combout          ;
; |risc5|alu32:inst6|Add0~269                               ; |risc5|alu32:inst6|Add0~270                               ; cout             ;
; |risc5|alu32:inst6|Add0~271                               ; |risc5|alu32:inst6|Add0~271                               ; combout          ;
; |risc5|alu32:inst6|Add0~271                               ; |risc5|alu32:inst6|Add0~272                               ; cout             ;
; |risc5|alu32:inst6|Add0~273                               ; |risc5|alu32:inst6|Add0~273                               ; combout          ;
; |risc5|alu32:inst6|Add0~273                               ; |risc5|alu32:inst6|Add0~274                               ; cout             ;
; |risc5|alu32:inst6|Add0~275                               ; |risc5|alu32:inst6|Add0~275                               ; combout          ;
; |risc5|alu32:inst6|Add0~275                               ; |risc5|alu32:inst6|Add0~276                               ; cout             ;
; |risc5|alu32:inst6|Add0~277                               ; |risc5|alu32:inst6|Add0~277                               ; combout          ;
; |risc5|alu32:inst6|Add0~277                               ; |risc5|alu32:inst6|Add0~278                               ; cout             ;
; |risc5|alu32:inst6|Add0~279                               ; |risc5|alu32:inst6|Add0~279                               ; combout          ;
; |risc5|alu32:inst6|Add0~279                               ; |risc5|alu32:inst6|Add0~280                               ; cout             ;
; |risc5|alu32:inst6|Add0~281                               ; |risc5|alu32:inst6|Add0~281                               ; combout          ;
; |risc5|alu32:inst6|Add0~281                               ; |risc5|alu32:inst6|Add0~282                               ; cout             ;
; |risc5|alu32:inst6|Add0~283                               ; |risc5|alu32:inst6|Add0~283                               ; combout          ;
; |risc5|alu32:inst6|Add0~283                               ; |risc5|alu32:inst6|Add0~284                               ; cout             ;
; |risc5|alu32:inst6|Add0~285                               ; |risc5|alu32:inst6|Add0~285                               ; combout          ;
; |risc5|alu32:inst6|Add0~285                               ; |risc5|alu32:inst6|Add0~286                               ; cout             ;
; |risc5|alu32:inst6|Add0~287                               ; |risc5|alu32:inst6|Add0~287                               ; combout          ;
; |risc5|lpm_dff2:inst2|lpm_ff:lpm_ff_component|dffs[6]~36  ; |risc5|lpm_dff2:inst2|lpm_ff:lpm_ff_component|dffs[6]~37  ; cout             ;
; |risc5|lpm_dff2:inst2|lpm_ff:lpm_ff_component|dffs[7]~38  ; |risc5|lpm_dff2:inst2|lpm_ff:lpm_ff_component|dffs[7]~38  ; combout          ;
; |risc5|lpm_dff2:inst2|lpm_ff:lpm_ff_component|dffs[7]~38  ; |risc5|lpm_dff2:inst2|lpm_ff:lpm_ff_component|dffs[7]~39  ; cout             ;
; |risc5|lpm_dff2:inst2|lpm_ff:lpm_ff_component|dffs[8]~40  ; |risc5|lpm_dff2:inst2|lpm_ff:lpm_ff_component|dffs[8]~40  ; combout          ;
; |risc5|lpm_dff2:inst2|lpm_ff:lpm_ff_component|dffs[8]~40  ; |risc5|lpm_dff2:inst2|lpm_ff:lpm_ff_component|dffs[8]~41  ; cout             ;
; |risc5|lpm_dff2:inst2|lpm_ff:lpm_ff_component|dffs[9]~42  ; |risc5|lpm_dff2:inst2|lpm_ff:lpm_ff_component|dffs[9]~42  ; combout          ;
; |risc5|lpm_dff2:inst2|lpm_ff:lpm_ff_component|dffs[9]~42  ; |risc5|lpm_dff2:inst2|lpm_ff:lpm_ff_component|dffs[9]~43  ; cout             ;
; |risc5|lpm_dff2:inst2|lpm_ff:lpm_ff_component|dffs[10]~44 ; |risc5|lpm_dff2:inst2|lpm_ff:lpm_ff_component|dffs[10]~44 ; combout          ;
; |risc5|lpm_dff2:inst2|lpm_ff:lpm_ff_component|dffs[10]~44 ; |risc5|lpm_dff2:inst2|lpm_ff:lpm_ff_component|dffs[10]~45 ; cout             ;
; |risc5|lpm_dff2:inst2|lpm_ff:lpm_ff_component|dffs[11]~46 ; |risc5|lpm_dff2:inst2|lpm_ff:lpm_ff_component|dffs[11]~46 ; combout          ;
; |risc5|lpm_dff2:inst2|lpm_ff:lpm_ff_component|dffs[11]~46 ; |risc5|lpm_dff2:inst2|lpm_ff:lpm_ff_component|dffs[11]~47 ; cout             ;
; |risc5|lpm_dff2:inst2|lpm_ff:lpm_ff_component|dffs[12]~48 ; |risc5|lpm_dff2:inst2|lpm_ff:lpm_ff_component|dffs[12]~48 ; combout          ;
; |risc5|lpm_dff2:inst2|lpm_ff:lpm_ff_component|dffs[12]~48 ; |risc5|lpm_dff2:inst2|lpm_ff:lpm_ff_component|dffs[12]~49 ; cout             ;
; |risc5|lpm_dff2:inst2|lpm_ff:lpm_ff_component|dffs[13]~50 ; |risc5|lpm_dff2:inst2|lpm_ff:lpm_ff_component|dffs[13]~50 ; combout          ;
; |risc5|lpm_dff2:inst2|lpm_ff:lpm_ff_component|dffs[13]~50 ; |risc5|lpm_dff2:inst2|lpm_ff:lpm_ff_component|dffs[13]~51 ; cout             ;
; |risc5|lpm_dff2:inst2|lpm_ff:lpm_ff_component|dffs[14]~52 ; |risc5|lpm_dff2:inst2|lpm_ff:lpm_ff_component|dffs[14]~52 ; combout          ;
; |risc5|lpm_dff2:inst2|lpm_ff:lpm_ff_component|dffs[14]~52 ; |risc5|lpm_dff2:inst2|lpm_ff:lpm_ff_component|dffs[14]~53 ; cout             ;
; |risc5|lpm_dff2:inst2|lpm_ff:lpm_ff_component|dffs[15]~54 ; |risc5|lpm_dff2:inst2|lpm_ff:lpm_ff_component|dffs[15]~54 ; combout          ;
; |risc5|lpm_dff2:inst2|lpm_ff:lpm_ff_component|dffs[15]~54 ; |risc5|lpm_dff2:inst2|lpm_ff:lpm_ff_component|dffs[15]~55 ; cout             ;
; |risc5|lpm_dff2:inst2|lpm_ff:lpm_ff_component|dffs[16]~56 ; |risc5|lpm_dff2:inst2|lpm_ff:lpm_ff_component|dffs[16]~56 ; combout          ;
; |risc5|lpm_dff2:inst2|lpm_ff:lpm_ff_component|dffs[16]~56 ; |risc5|lpm_dff2:inst2|lpm_ff:lpm_ff_component|dffs[16]~57 ; cout             ;
; |risc5|lpm_dff2:inst2|lpm_ff:lpm_ff_component|dffs[17]~58 ; |risc5|lpm_dff2:inst2|lpm_ff:lpm_ff_component|dffs[17]~58 ; combout          ;
; |risc5|lpm_dff2:inst2|lpm_ff:lpm_ff_component|dffs[17]~58 ; |risc5|lpm_dff2:inst2|lpm_ff:lpm_ff_component|dffs[17]~59 ; cout             ;
; |risc5|lpm_dff2:inst2|lpm_ff:lpm_ff_component|dffs[18]~60 ; |risc5|lpm_dff2:inst2|lpm_ff:lpm_ff_component|dffs[18]~60 ; combout          ;
; |risc5|lpm_dff2:inst2|lpm_ff:lpm_ff_component|dffs[18]~60 ; |risc5|lpm_dff2:inst2|lpm_ff:lpm_ff_component|dffs[18]~61 ; cout             ;
; |risc5|lpm_dff2:inst2|lpm_ff:lpm_ff_component|dffs[19]~62 ; |risc5|lpm_dff2:inst2|lpm_ff:lpm_ff_component|dffs[19]~62 ; combout          ;
; |risc5|lpm_dff2:inst2|lpm_ff:lpm_ff_component|dffs[19]~62 ; |risc5|lpm_dff2:inst2|lpm_ff:lpm_ff_component|dffs[19]~63 ; cout             ;
; |risc5|lpm_dff2:inst2|lpm_ff:lpm_ff_component|dffs[20]~64 ; |risc5|lpm_dff2:inst2|lpm_ff:lpm_ff_component|dffs[20]~64 ; combout          ;
; |risc5|lpm_dff2:inst2|lpm_ff:lpm_ff_component|dffs[20]~64 ; |risc5|lpm_dff2:inst2|lpm_ff:lpm_ff_component|dffs[20]~65 ; cout             ;
; |risc5|lpm_dff2:inst2|lpm_ff:lpm_ff_component|dffs[21]~66 ; |risc5|lpm_dff2:inst2|lpm_ff:lpm_ff_component|dffs[21]~66 ; combout          ;
; |risc5|lpm_dff2:inst2|lpm_ff:lpm_ff_component|dffs[21]~66 ; |risc5|lpm_dff2:inst2|lpm_ff:lpm_ff_component|dffs[21]~67 ; cout             ;
; |risc5|lpm_dff2:inst2|lpm_ff:lpm_ff_component|dffs[22]~68 ; |risc5|lpm_dff2:inst2|lpm_ff:lpm_ff_component|dffs[22]~68 ; combout          ;
; |risc5|lpm_dff2:inst2|lpm_ff:lpm_ff_component|dffs[22]~68 ; |risc5|lpm_dff2:inst2|lpm_ff:lpm_ff_component|dffs[22]~69 ; cout             ;
; |risc5|lpm_dff2:inst2|lpm_ff:lpm_ff_component|dffs[23]~70 ; |risc5|lpm_dff2:inst2|lpm_ff:lpm_ff_component|dffs[23]~70 ; combout          ;
; |risc5|lpm_dff2:inst2|lpm_ff:lpm_ff_component|dffs[23]~70 ; |risc5|lpm_dff2:inst2|lpm_ff:lpm_ff_component|dffs[23]~71 ; cout             ;
; |risc5|lpm_dff2:inst2|lpm_ff:lpm_ff_component|dffs[24]~72 ; |risc5|lpm_dff2:inst2|lpm_ff:lpm_ff_component|dffs[24]~72 ; combout          ;
; |risc5|lpm_dff2:inst2|lpm_ff:lpm_ff_component|dffs[24]~72 ; |risc5|lpm_dff2:inst2|lpm_ff:lpm_ff_component|dffs[24]~73 ; cout             ;
; |risc5|lpm_dff2:inst2|lpm_ff:lpm_ff_component|dffs[25]~74 ; |risc5|lpm_dff2:inst2|lpm_ff:lpm_ff_component|dffs[25]~74 ; combout          ;
; |risc5|lpm_dff2:inst2|lpm_ff:lpm_ff_component|dffs[25]~74 ; |risc5|lpm_dff2:inst2|lpm_ff:lpm_ff_component|dffs[25]~75 ; cout             ;
; |risc5|lpm_dff2:inst2|lpm_ff:lpm_ff_component|dffs[26]~76 ; |risc5|lpm_dff2:inst2|lpm_ff:lpm_ff_component|dffs[26]~76 ; combout          ;
; |risc5|lpm_dff2:inst2|lpm_ff:lpm_ff_component|dffs[26]~76 ; |risc5|lpm_dff2:inst2|lpm_ff:lpm_ff_component|dffs[26]~77 ; cout             ;
; |risc5|lpm_dff2:inst2|lpm_ff:lpm_ff_component|dffs[27]~78 ; |risc5|lpm_dff2:inst2|lpm_ff:lpm_ff_component|dffs[27]~78 ; combout          ;
; |risc5|lpm_dff2:inst2|lpm_ff:lpm_ff_component|dffs[27]~78 ; |risc5|lpm_dff2:inst2|lpm_ff:lpm_ff_component|dffs[27]~79 ; cout             ;
; |risc5|lpm_dff2:inst2|lpm_ff:lpm_ff_component|dffs[28]~80 ; |risc5|lpm_dff2:inst2|lpm_ff:lpm_ff_component|dffs[28]~80 ; combout          ;
; |risc5|lpm_dff2:inst2|lpm_ff:lpm_ff_component|dffs[28]~80 ; |risc5|lpm_dff2:inst2|lpm_ff:lpm_ff_component|dffs[28]~81 ; cout             ;
; |risc5|lpm_dff2:inst2|lpm_ff:lpm_ff_component|dffs[29]~82 ; |risc5|lpm_dff2:inst2|lpm_ff:lpm_ff_component|dffs[29]~82 ; combout          ;
; |risc5|lpm_dff2:inst2|lpm_ff:lpm_ff_component|dffs[29]~82 ; |risc5|lpm_dff2:inst2|lpm_ff:lpm_ff_component|dffs[29]~83 ; cout             ;
; |risc5|lpm_dff2:inst2|lpm_ff:lpm_ff_component|dffs[30]~84 ; |risc5|lpm_dff2:inst2|lpm_ff:lpm_ff_component|dffs[30]~84 ; combout          ;
; |risc5|lpm_dff2:inst2|lpm_ff:lpm_ff_component|dffs[30]~84 ; |risc5|lpm_dff2:inst2|lpm_ff:lpm_ff_component|dffs[30]~85 ; cout             ;
; |risc5|lpm_dff2:inst2|lpm_ff:lpm_ff_component|dffs[31]~86 ; |risc5|lpm_dff2:inst2|lpm_ff:lpm_ff_component|dffs[31]~86 ; combout          ;
; |risc5|regfile:inst5|reg_array~63                         ; |risc5|regfile:inst5|reg_array~63                         ; q                ;
; |risc5|regfile:inst5|reg_data1[31]~32                     ; |risc5|regfile:inst5|reg_data1[31]~32                     ; combout          ;
; |risc5|regfile:inst5|reg_array~511                        ; |risc5|regfile:inst5|reg_array~511                        ; q                ;
; |risc5|regfile:inst5|reg_array~62                         ; |risc5|regfile:inst5|reg_array~62                         ; q                ;
; |risc5|regfile:inst5|reg_data1[30]~33                     ; |risc5|regfile:inst5|reg_data1[30]~33                     ; combout          ;
; |risc5|regfile:inst5|reg_array~510                        ; |risc5|regfile:inst5|reg_array~510                        ; q                ;
; |risc5|regfile:inst5|reg_array~61                         ; |risc5|regfile:inst5|reg_array~61                         ; q                ;
; |risc5|regfile:inst5|reg_data1[29]~34                     ; |risc5|regfile:inst5|reg_data1[29]~34                     ; combout          ;
; |risc5|regfile:inst5|reg_array~509                        ; |risc5|regfile:inst5|reg_array~509                        ; q                ;
; |risc5|regfile:inst5|reg_array~60                         ; |risc5|regfile:inst5|reg_array~60                         ; q                ;
; |risc5|regfile:inst5|reg_data1[28]~35                     ; |risc5|regfile:inst5|reg_data1[28]~35                     ; combout          ;
; |risc5|regfile:inst5|reg_array~508                        ; |risc5|regfile:inst5|reg_array~508                        ; q                ;
; |risc5|regfile:inst5|reg_array~59                         ; |risc5|regfile:inst5|reg_array~59                         ; q                ;
; |risc5|regfile:inst5|reg_data1[27]~36                     ; |risc5|regfile:inst5|reg_data1[27]~36                     ; combout          ;
; |risc5|regfile:inst5|reg_array~507                        ; |risc5|regfile:inst5|reg_array~507                        ; q                ;
; |risc5|regfile:inst5|reg_array~58                         ; |risc5|regfile:inst5|reg_array~58                         ; q                ;
; |risc5|regfile:inst5|reg_data1[26]~37                     ; |risc5|regfile:inst5|reg_data1[26]~37                     ; combout          ;
; |risc5|regfile:inst5|reg_array~506                        ; |risc5|regfile:inst5|reg_array~506                        ; q                ;
; |risc5|regfile:inst5|reg_array~57                         ; |risc5|regfile:inst5|reg_array~57                         ; q                ;
; |risc5|regfile:inst5|reg_data1[25]~38                     ; |risc5|regfile:inst5|reg_data1[25]~38                     ; combout          ;
; |risc5|regfile:inst5|reg_array~505                        ; |risc5|regfile:inst5|reg_array~505                        ; q                ;
; |risc5|regfile:inst5|reg_array~56                         ; |risc5|regfile:inst5|reg_array~56                         ; q                ;
; |risc5|regfile:inst5|reg_data1[24]~39                     ; |risc5|regfile:inst5|reg_data1[24]~39                     ; combout          ;
; |risc5|regfile:inst5|reg_array~504                        ; |risc5|regfile:inst5|reg_array~504                        ; q                ;
; |risc5|regfile:inst5|reg_array~55                         ; |risc5|regfile:inst5|reg_array~55                         ; q                ;
; |risc5|regfile:inst5|reg_data1[23]~40                     ; |risc5|regfile:inst5|reg_data1[23]~40                     ; combout          ;
; |risc5|regfile:inst5|reg_array~503                        ; |risc5|regfile:inst5|reg_array~503                        ; q                ;
; |risc5|regfile:inst5|reg_array~54                         ; |risc5|regfile:inst5|reg_array~54                         ; q                ;
; |risc5|regfile:inst5|reg_data1[22]~41                     ; |risc5|regfile:inst5|reg_data1[22]~41                     ; combout          ;
; |risc5|regfile:inst5|reg_array~502                        ; |risc5|regfile:inst5|reg_array~502                        ; q                ;
; |risc5|regfile:inst5|reg_array~53                         ; |risc5|regfile:inst5|reg_array~53                         ; q                ;
; |risc5|regfile:inst5|reg_data1[21]~42                     ; |risc5|regfile:inst5|reg_data1[21]~42                     ; combout          ;
; |risc5|regfile:inst5|reg_array~501                        ; |risc5|regfile:inst5|reg_array~501                        ; q                ;
; |risc5|regfile:inst5|reg_array~52                         ; |risc5|regfile:inst5|reg_array~52                         ; q                ;
; |risc5|regfile:inst5|reg_data1[20]~43                     ; |risc5|regfile:inst5|reg_data1[20]~43                     ; combout          ;
; |risc5|regfile:inst5|reg_array~500                        ; |risc5|regfile:inst5|reg_array~500                        ; q                ;
; |risc5|regfile:inst5|reg_array~51                         ; |risc5|regfile:inst5|reg_array~51                         ; q                ;
; |risc5|regfile:inst5|reg_data1[19]~44                     ; |risc5|regfile:inst5|reg_data1[19]~44                     ; combout          ;
; |risc5|regfile:inst5|reg_array~499                        ; |risc5|regfile:inst5|reg_array~499                        ; q                ;
; |risc5|regfile:inst5|reg_array~50                         ; |risc5|regfile:inst5|reg_array~50                         ; q                ;
; |risc5|regfile:inst5|reg_data1[18]~45                     ; |risc5|regfile:inst5|reg_data1[18]~45                     ; combout          ;
; |risc5|regfile:inst5|reg_array~498                        ; |risc5|regfile:inst5|reg_array~498                        ; q                ;
; |risc5|regfile:inst5|reg_array~49                         ; |risc5|regfile:inst5|reg_array~49                         ; q                ;
; |risc5|regfile:inst5|reg_data1[17]~46                     ; |risc5|regfile:inst5|reg_data1[17]~46                     ; combout          ;
; |risc5|regfile:inst5|reg_array~497                        ; |risc5|regfile:inst5|reg_array~497                        ; q                ;
; |risc5|regfile:inst5|reg_array~48                         ; |risc5|regfile:inst5|reg_array~48                         ; q                ;
; |risc5|regfile:inst5|reg_data1[16]~47                     ; |risc5|regfile:inst5|reg_data1[16]~47                     ; combout          ;
; |risc5|regfile:inst5|reg_array~496                        ; |risc5|regfile:inst5|reg_array~496                        ; q                ;
; |risc5|regfile:inst5|reg_array~47                         ; |risc5|regfile:inst5|reg_array~47                         ; q                ;
; |risc5|regfile:inst5|reg_data1[15]~48                     ; |risc5|regfile:inst5|reg_data1[15]~48                     ; combout          ;
; |risc5|regfile:inst5|reg_array~495                        ; |risc5|regfile:inst5|reg_array~495                        ; q                ;
; |risc5|regfile:inst5|reg_array~46                         ; |risc5|regfile:inst5|reg_array~46                         ; q                ;
; |risc5|regfile:inst5|reg_data1[14]~49                     ; |risc5|regfile:inst5|reg_data1[14]~49                     ; combout          ;
; |risc5|regfile:inst5|reg_array~494                        ; |risc5|regfile:inst5|reg_array~494                        ; q                ;
; |risc5|regfile:inst5|reg_array~45                         ; |risc5|regfile:inst5|reg_array~45                         ; q                ;
; |risc5|regfile:inst5|reg_data1[13]~50                     ; |risc5|regfile:inst5|reg_data1[13]~50                     ; combout          ;
; |risc5|regfile:inst5|reg_array~493                        ; |risc5|regfile:inst5|reg_array~493                        ; q                ;
; |risc5|regfile:inst5|reg_array~44                         ; |risc5|regfile:inst5|reg_array~44                         ; q                ;
; |risc5|regfile:inst5|reg_data1[12]~51                     ; |risc5|regfile:inst5|reg_data1[12]~51                     ; combout          ;
; |risc5|regfile:inst5|reg_array~492                        ; |risc5|regfile:inst5|reg_array~492                        ; q                ;
; |risc5|regfile:inst5|reg_array~43                         ; |risc5|regfile:inst5|reg_array~43                         ; q                ;
; |risc5|regfile:inst5|reg_data1[11]~52                     ; |risc5|regfile:inst5|reg_data1[11]~52                     ; combout          ;
; |risc5|regfile:inst5|reg_array~491                        ; |risc5|regfile:inst5|reg_array~491                        ; q                ;
; |risc5|regfile:inst5|reg_array~266                        ; |risc5|regfile:inst5|reg_array~266                        ; q                ;
; |risc5|regfile:inst5|reg_array~138                        ; |risc5|regfile:inst5|reg_array~138                        ; q                ;
; |risc5|regfile:inst5|reg_array~234                        ; |risc5|regfile:inst5|reg_array~234                        ; q                ;
; |risc5|regfile:inst5|reg_array~170                        ; |risc5|regfile:inst5|reg_array~170                        ; q                ;
; |risc5|regfile:inst5|reg_array~202                        ; |risc5|regfile:inst5|reg_array~202                        ; q                ;
; |risc5|regfile:inst5|reg_array~106                        ; |risc5|regfile:inst5|reg_array~106                        ; q                ;
; |risc5|regfile:inst5|reg_array~74                         ; |risc5|regfile:inst5|reg_array~74                         ; q                ;
; |risc5|regfile:inst5|reg_array~233                        ; |risc5|regfile:inst5|reg_array~233                        ; q                ;
; |risc5|regfile:inst5|reg_array~137                        ; |risc5|regfile:inst5|reg_array~137                        ; q                ;
; |risc5|regfile:inst5|reg_array~169                        ; |risc5|regfile:inst5|reg_array~169                        ; q                ;
; |risc5|regfile:inst5|reg_array~201                        ; |risc5|regfile:inst5|reg_array~201                        ; q                ;
; |risc5|regfile:inst5|reg_array~1216                       ; |risc5|regfile:inst5|reg_array~1216                       ; combout          ;
; |risc5|regfile:inst5|reg_array~265                        ; |risc5|regfile:inst5|reg_array~265                        ; q                ;
; |risc5|regfile:inst5|reg_array~105                        ; |risc5|regfile:inst5|reg_array~105                        ; q                ;
; |risc5|regfile:inst5|reg_array~73                         ; |risc5|regfile:inst5|reg_array~73                         ; q                ;
; |risc5|regfile:inst5|reg_array~520                        ; |risc5|regfile:inst5|reg_array~520                        ; q                ;
; |risc5|regfile:inst5|reg_array~264                        ; |risc5|regfile:inst5|reg_array~264                        ; q                ;
; |risc5|regfile:inst5|reg_array~136                        ; |risc5|regfile:inst5|reg_array~136                        ; q                ;
; |risc5|regfile:inst5|reg_array~232                        ; |risc5|regfile:inst5|reg_array~232                        ; q                ;
; |risc5|regfile:inst5|reg_array~168                        ; |risc5|regfile:inst5|reg_array~168                        ; q                ;
; |risc5|regfile:inst5|reg_array~200                        ; |risc5|regfile:inst5|reg_array~200                        ; q                ;
; |risc5|regfile:inst5|reg_array~104                        ; |risc5|regfile:inst5|reg_array~104                        ; q                ;
; |risc5|regfile:inst5|reg_array~72                         ; |risc5|regfile:inst5|reg_array~72                         ; q                ;
; |risc5|regfile:inst5|reg_array~39                         ; |risc5|regfile:inst5|reg_array~39                         ; q                ;
; |risc5|regfile:inst5|reg_data1[7]~56                      ; |risc5|regfile:inst5|reg_data1[7]~56                      ; combout          ;
; |risc5|regfile:inst5|reg_array~487                        ; |risc5|regfile:inst5|reg_array~487                        ; q                ;
; |risc5|regfile:inst5|reg_array~38                         ; |risc5|regfile:inst5|reg_array~38                         ; q                ;
; |risc5|regfile:inst5|reg_data1[6]~57                      ; |risc5|regfile:inst5|reg_data1[6]~57                      ; combout          ;
; |risc5|regfile:inst5|reg_array~486                        ; |risc5|regfile:inst5|reg_array~486                        ; q                ;
; |risc5|regfile:inst5|reg_array~37                         ; |risc5|regfile:inst5|reg_array~37                         ; q                ;
; |risc5|regfile:inst5|reg_data1[5]~58                      ; |risc5|regfile:inst5|reg_data1[5]~58                      ; combout          ;
; |risc5|regfile:inst5|reg_array~485                        ; |risc5|regfile:inst5|reg_array~485                        ; q                ;
; |risc5|regfile:inst5|reg_array~36                         ; |risc5|regfile:inst5|reg_array~36                         ; q                ;
; |risc5|regfile:inst5|reg_data1[4]~59                      ; |risc5|regfile:inst5|reg_data1[4]~59                      ; combout          ;
; |risc5|regfile:inst5|reg_array~260                        ; |risc5|regfile:inst5|reg_array~260                        ; q                ;
; |risc5|regfile:inst5|reg_array~132                        ; |risc5|regfile:inst5|reg_array~132                        ; q                ;
; |risc5|regfile:inst5|reg_array~228                        ; |risc5|regfile:inst5|reg_array~228                        ; q                ;
; |risc5|regfile:inst5|reg_array~164                        ; |risc5|regfile:inst5|reg_array~164                        ; q                ;
; |risc5|regfile:inst5|reg_array~196                        ; |risc5|regfile:inst5|reg_array~196                        ; q                ;
; |risc5|regfile:inst5|reg_array~100                        ; |risc5|regfile:inst5|reg_array~100                        ; q                ;
; |risc5|regfile:inst5|reg_array~68                         ; |risc5|regfile:inst5|reg_array~68                         ; q                ;
; |risc5|regfile:inst5|reg_array~35                         ; |risc5|regfile:inst5|reg_array~35                         ; q                ;
; |risc5|regfile:inst5|reg_data1[3]~60                      ; |risc5|regfile:inst5|reg_data1[3]~60                      ; combout          ;
; |risc5|regfile:inst5|reg_array~515                        ; |risc5|regfile:inst5|reg_array~515                        ; q                ;
; |risc5|regfile:inst5|reg_array~227                        ; |risc5|regfile:inst5|reg_array~227                        ; q                ;
; |risc5|regfile:inst5|reg_array~131                        ; |risc5|regfile:inst5|reg_array~131                        ; q                ;
; |risc5|regfile:inst5|reg_array~163                        ; |risc5|regfile:inst5|reg_array~163                        ; q                ;
; |risc5|regfile:inst5|reg_array~195                        ; |risc5|regfile:inst5|reg_array~195                        ; q                ;
; |risc5|regfile:inst5|reg_array~99                         ; |risc5|regfile:inst5|reg_array~99                         ; q                ;
; |risc5|regfile:inst5|reg_array~67                         ; |risc5|regfile:inst5|reg_array~67                         ; q                ;
; |risc5|regfile:inst5|reg_array~483                        ; |risc5|regfile:inst5|reg_array~483                        ; q                ;
; |risc5|regfile:inst5|reg_array~1242                       ; |risc5|regfile:inst5|reg_array~1242                       ; combout          ;
; |risc5|regfile:inst5|reg_array~34                         ; |risc5|regfile:inst5|reg_array~34                         ; q                ;
; |risc5|regfile:inst5|reg_data1[2]~61                      ; |risc5|regfile:inst5|reg_data1[2]~61                      ; combout          ;
; |risc5|regfile:inst5|reg_array~514                        ; |risc5|regfile:inst5|reg_array~514                        ; q                ;
; |risc5|regfile:inst5|reg_array~258                        ; |risc5|regfile:inst5|reg_array~258                        ; q                ;
; |risc5|regfile:inst5|reg_array~98                         ; |risc5|regfile:inst5|reg_array~98                         ; q                ;
; |risc5|regfile:inst5|reg_array~66                         ; |risc5|regfile:inst5|reg_array~66                         ; q                ;
; |risc5|regfile:inst5|reg_array~482                        ; |risc5|regfile:inst5|reg_array~482                        ; q                ;
; |risc5|regfile:inst5|reg_array~33                         ; |risc5|regfile:inst5|reg_array~33                         ; q                ;
; |risc5|regfile:inst5|reg_data1[1]~62                      ; |risc5|regfile:inst5|reg_data1[1]~62                      ; combout          ;
; |risc5|regfile:inst5|reg_array~129                        ; |risc5|regfile:inst5|reg_array~129                        ; q                ;
; |risc5|regfile:inst5|reg_array~161                        ; |risc5|regfile:inst5|reg_array~161                        ; q                ;
; |risc5|regfile:inst5|reg_array~257                        ; |risc5|regfile:inst5|reg_array~257                        ; q                ;
; |risc5|regfile:inst5|reg_array~1253                       ; |risc5|regfile:inst5|reg_array~1253                       ; combout          ;
; |risc5|regfile:inst5|reg_array~481                        ; |risc5|regfile:inst5|reg_array~481                        ; q                ;
; |risc5|regfile:inst5|reg_array~1257                       ; |risc5|regfile:inst5|reg_array~1257                       ; combout          ;
; |risc5|regfile:inst5|reg_array~512                        ; |risc5|regfile:inst5|reg_array~512                        ; q                ;
; |risc5|regfile:inst5|reg_array~256                        ; |risc5|regfile:inst5|reg_array~256                        ; q                ;
; |risc5|regfile:inst5|reg_array~128                        ; |risc5|regfile:inst5|reg_array~128                        ; q                ;
; |risc5|regfile:inst5|reg_array~192                        ; |risc5|regfile:inst5|reg_array~192                        ; q                ;
; |risc5|regfile:inst5|reg_array~64                         ; |risc5|regfile:inst5|reg_array~64                         ; q                ;
; |risc5|regfile:inst5|reg_array~1266                       ; |risc5|regfile:inst5|reg_array~1266                       ; combout          ;
; |risc5|regfile:inst5|reg_array~1270                       ; |risc5|regfile:inst5|reg_array~1270                       ; combout          ;
; |risc5|regfile:inst5|reg_array~1272                       ; |risc5|regfile:inst5|reg_array~1272                       ; combout          ;
; |risc5|regfile:inst5|reg_array~1273                       ; |risc5|regfile:inst5|reg_array~1273                       ; combout          ;
; |risc5|regfile:inst5|reg_array~1275                       ; |risc5|regfile:inst5|reg_array~1275                       ; combout          ;
; |risc5|alu32:inst6|Add0~4                                 ; |risc5|alu32:inst6|Add0~4                                 ; combout          ;
; |risc5|alu32:inst6|Add0~289                               ; |risc5|alu32:inst6|Add0~289                               ; combout          ;
; |risc5|alu32:inst6|Add0~13                                ; |risc5|alu32:inst6|Add0~13                                ; combout          ;
; |risc5|alu32:inst6|Add0~290                               ; |risc5|alu32:inst6|Add0~290                               ; combout          ;
; |risc5|alu32:inst6|Add0~22                                ; |risc5|alu32:inst6|Add0~22                                ; combout          ;
; |risc5|alu32:inst6|Add0~291                               ; |risc5|alu32:inst6|Add0~291                               ; combout          ;
; |risc5|alu32:inst6|Add0~31                                ; |risc5|alu32:inst6|Add0~31                                ; combout          ;
; |risc5|alu32:inst6|Add0~292                               ; |risc5|alu32:inst6|Add0~292                               ; combout          ;
; |risc5|alu32:inst6|Add0~40                                ; |risc5|alu32:inst6|Add0~40                                ; combout          ;
; |risc5|alu32:inst6|Add0~293                               ; |risc5|alu32:inst6|Add0~293                               ; combout          ;
; |risc5|alu32:inst6|Add0~49                                ; |risc5|alu32:inst6|Add0~49                                ; combout          ;
; |risc5|alu32:inst6|Add0~294                               ; |risc5|alu32:inst6|Add0~294                               ; combout          ;
; |risc5|alu32:inst6|Add0~58                                ; |risc5|alu32:inst6|Add0~58                                ; combout          ;
; |risc5|alu32:inst6|Add0~295                               ; |risc5|alu32:inst6|Add0~295                               ; combout          ;
; |risc5|alu32:inst6|Add0~67                                ; |risc5|alu32:inst6|Add0~67                                ; combout          ;
; |risc5|alu32:inst6|Add0~296                               ; |risc5|alu32:inst6|Add0~296                               ; combout          ;
; |risc5|alu32:inst6|Add0~76                                ; |risc5|alu32:inst6|Add0~76                                ; combout          ;
; |risc5|alu32:inst6|Add0~297                               ; |risc5|alu32:inst6|Add0~297                               ; combout          ;
; |risc5|alu32:inst6|Add0~85                                ; |risc5|alu32:inst6|Add0~85                                ; combout          ;
; |risc5|alu32:inst6|Add0~298                               ; |risc5|alu32:inst6|Add0~298                               ; combout          ;
; |risc5|alu32:inst6|Add0~94                                ; |risc5|alu32:inst6|Add0~94                                ; combout          ;
; |risc5|alu32:inst6|Add0~299                               ; |risc5|alu32:inst6|Add0~299                               ; combout          ;
; |risc5|alu32:inst6|Add0~103                               ; |risc5|alu32:inst6|Add0~103                               ; combout          ;
; |risc5|alu32:inst6|Add0~300                               ; |risc5|alu32:inst6|Add0~300                               ; combout          ;
; |risc5|alu32:inst6|Add0~112                               ; |risc5|alu32:inst6|Add0~112                               ; combout          ;
; |risc5|alu32:inst6|Add0~301                               ; |risc5|alu32:inst6|Add0~301                               ; combout          ;
; |risc5|alu32:inst6|Add0~121                               ; |risc5|alu32:inst6|Add0~121                               ; combout          ;
; |risc5|alu32:inst6|Add0~302                               ; |risc5|alu32:inst6|Add0~302                               ; combout          ;
; |risc5|alu32:inst6|Add0~130                               ; |risc5|alu32:inst6|Add0~130                               ; combout          ;
; |risc5|alu32:inst6|Add0~303                               ; |risc5|alu32:inst6|Add0~303                               ; combout          ;
; |risc5|alu32:inst6|Add0~139                               ; |risc5|alu32:inst6|Add0~139                               ; combout          ;
; |risc5|alu32:inst6|Add0~304                               ; |risc5|alu32:inst6|Add0~304                               ; combout          ;
; |risc5|alu32:inst6|Add0~148                               ; |risc5|alu32:inst6|Add0~148                               ; combout          ;
; |risc5|alu32:inst6|Add0~305                               ; |risc5|alu32:inst6|Add0~305                               ; combout          ;
; |risc5|alu32:inst6|Add0~157                               ; |risc5|alu32:inst6|Add0~157                               ; combout          ;
; |risc5|alu32:inst6|Add0~306                               ; |risc5|alu32:inst6|Add0~306                               ; combout          ;
; |risc5|alu32:inst6|Add0~166                               ; |risc5|alu32:inst6|Add0~166                               ; combout          ;
; |risc5|alu32:inst6|Add0~307                               ; |risc5|alu32:inst6|Add0~307                               ; combout          ;
; |risc5|alu32:inst6|Add0~175                               ; |risc5|alu32:inst6|Add0~175                               ; combout          ;
; |risc5|alu32:inst6|Add0~308                               ; |risc5|alu32:inst6|Add0~308                               ; combout          ;
; |risc5|alu32:inst6|Add0~184                               ; |risc5|alu32:inst6|Add0~184                               ; combout          ;
; |risc5|alu32:inst6|Add0~309                               ; |risc5|alu32:inst6|Add0~309                               ; combout          ;
; |risc5|alu32:inst6|Add0~193                               ; |risc5|alu32:inst6|Add0~193                               ; combout          ;
; |risc5|alu32:inst6|Add0~310                               ; |risc5|alu32:inst6|Add0~310                               ; combout          ;
; |risc5|alu32:inst6|Add0~202                               ; |risc5|alu32:inst6|Add0~202                               ; combout          ;
; |risc5|alu32:inst6|Add0~311                               ; |risc5|alu32:inst6|Add0~311                               ; combout          ;
; |risc5|alu32:inst6|Add0~211                               ; |risc5|alu32:inst6|Add0~211                               ; combout          ;
; |risc5|alu32:inst6|Add0~312                               ; |risc5|alu32:inst6|Add0~312                               ; combout          ;
; |risc5|regfile:inst5|reg_array~1286                       ; |risc5|regfile:inst5|reg_array~1286                       ; combout          ;
; |risc5|pin_name~output                                    ; |risc5|pin_name~output                                    ; o                ;
; |risc5|pin_name                                           ; |risc5|pin_name                                           ; padout           ;
; |risc5|pc_out[31]~output                                  ; |risc5|pc_out[31]~output                                  ; o                ;
; |risc5|pc_out[31]                                         ; |risc5|pc_out[31]                                         ; padout           ;
; |risc5|pc_out[30]~output                                  ; |risc5|pc_out[30]~output                                  ; o                ;
; |risc5|pc_out[30]                                         ; |risc5|pc_out[30]                                         ; padout           ;
; |risc5|pc_out[29]~output                                  ; |risc5|pc_out[29]~output                                  ; o                ;
; |risc5|pc_out[29]                                         ; |risc5|pc_out[29]                                         ; padout           ;
; |risc5|pc_out[28]~output                                  ; |risc5|pc_out[28]~output                                  ; o                ;
; |risc5|pc_out[28]                                         ; |risc5|pc_out[28]                                         ; padout           ;
; |risc5|pc_out[27]~output                                  ; |risc5|pc_out[27]~output                                  ; o                ;
; |risc5|pc_out[27]                                         ; |risc5|pc_out[27]                                         ; padout           ;
; |risc5|pc_out[26]~output                                  ; |risc5|pc_out[26]~output                                  ; o                ;
; |risc5|pc_out[26]                                         ; |risc5|pc_out[26]                                         ; padout           ;
; |risc5|pc_out[25]~output                                  ; |risc5|pc_out[25]~output                                  ; o                ;
; |risc5|pc_out[25]                                         ; |risc5|pc_out[25]                                         ; padout           ;
; |risc5|pc_out[24]~output                                  ; |risc5|pc_out[24]~output                                  ; o                ;
; |risc5|pc_out[24]                                         ; |risc5|pc_out[24]                                         ; padout           ;
; |risc5|pc_out[23]~output                                  ; |risc5|pc_out[23]~output                                  ; o                ;
; |risc5|pc_out[23]                                         ; |risc5|pc_out[23]                                         ; padout           ;
; |risc5|pc_out[22]~output                                  ; |risc5|pc_out[22]~output                                  ; o                ;
; |risc5|pc_out[22]                                         ; |risc5|pc_out[22]                                         ; padout           ;
; |risc5|pc_out[21]~output                                  ; |risc5|pc_out[21]~output                                  ; o                ;
; |risc5|pc_out[21]                                         ; |risc5|pc_out[21]                                         ; padout           ;
; |risc5|pc_out[20]~output                                  ; |risc5|pc_out[20]~output                                  ; o                ;
; |risc5|pc_out[20]                                         ; |risc5|pc_out[20]                                         ; padout           ;
; |risc5|pc_out[19]~output                                  ; |risc5|pc_out[19]~output                                  ; o                ;
; |risc5|pc_out[19]                                         ; |risc5|pc_out[19]                                         ; padout           ;
; |risc5|pc_out[18]~output                                  ; |risc5|pc_out[18]~output                                  ; o                ;
; |risc5|pc_out[18]                                         ; |risc5|pc_out[18]                                         ; padout           ;
; |risc5|pc_out[17]~output                                  ; |risc5|pc_out[17]~output                                  ; o                ;
; |risc5|pc_out[17]                                         ; |risc5|pc_out[17]                                         ; padout           ;
; |risc5|pc_out[16]~output                                  ; |risc5|pc_out[16]~output                                  ; o                ;
; |risc5|pc_out[16]                                         ; |risc5|pc_out[16]                                         ; padout           ;
; |risc5|pc_out[15]~output                                  ; |risc5|pc_out[15]~output                                  ; o                ;
; |risc5|pc_out[15]                                         ; |risc5|pc_out[15]                                         ; padout           ;
; |risc5|pc_out[14]~output                                  ; |risc5|pc_out[14]~output                                  ; o                ;
; |risc5|pc_out[14]                                         ; |risc5|pc_out[14]                                         ; padout           ;
; |risc5|pc_out[13]~output                                  ; |risc5|pc_out[13]~output                                  ; o                ;
; |risc5|pc_out[13]                                         ; |risc5|pc_out[13]                                         ; padout           ;
; |risc5|pc_out[12]~output                                  ; |risc5|pc_out[12]~output                                  ; o                ;
; |risc5|pc_out[12]                                         ; |risc5|pc_out[12]                                         ; padout           ;
; |risc5|pc_out[11]~output                                  ; |risc5|pc_out[11]~output                                  ; o                ;
; |risc5|pc_out[11]                                         ; |risc5|pc_out[11]                                         ; padout           ;
; |risc5|pc_out[10]~output                                  ; |risc5|pc_out[10]~output                                  ; o                ;
; |risc5|pc_out[10]                                         ; |risc5|pc_out[10]                                         ; padout           ;
; |risc5|pc_out[9]~output                                   ; |risc5|pc_out[9]~output                                   ; o                ;
; |risc5|pc_out[9]                                          ; |risc5|pc_out[9]                                          ; padout           ;
; |risc5|pc_out[8]~output                                   ; |risc5|pc_out[8]~output                                   ; o                ;
; |risc5|pc_out[8]                                          ; |risc5|pc_out[8]                                          ; padout           ;
; |risc5|pc_out[7]~output                                   ; |risc5|pc_out[7]~output                                   ; o                ;
; |risc5|pc_out[7]                                          ; |risc5|pc_out[7]                                          ; padout           ;
; |risc5|pc_out[6]~output                                   ; |risc5|pc_out[6]~output                                   ; o                ;
; |risc5|pc_out[6]                                          ; |risc5|pc_out[6]                                          ; padout           ;
; |risc5|pc_out[1]~output                                   ; |risc5|pc_out[1]~output                                   ; o                ;
; |risc5|pc_out[1]                                          ; |risc5|pc_out[1]                                          ; padout           ;
; |risc5|pc_out[0]~output                                   ; |risc5|pc_out[0]~output                                   ; o                ;
; |risc5|pc_out[0]                                          ; |risc5|pc_out[0]                                          ; padout           ;
; |risc5|pin_name12~output                                  ; |risc5|pin_name12~output                                  ; o                ;
; |risc5|pin_name12                                         ; |risc5|pin_name12                                         ; padout           ;
; |risc5|pin_name13~output                                  ; |risc5|pin_name13~output                                  ; o                ;
; |risc5|pin_name13                                         ; |risc5|pin_name13                                         ; padout           ;
; |risc5|alu_out[31]~output                                 ; |risc5|alu_out[31]~output                                 ; o                ;
; |risc5|alu_out[31]                                        ; |risc5|alu_out[31]                                        ; padout           ;
; |risc5|alu_out[30]~output                                 ; |risc5|alu_out[30]~output                                 ; o                ;
; |risc5|alu_out[30]                                        ; |risc5|alu_out[30]                                        ; padout           ;
; |risc5|alu_out[29]~output                                 ; |risc5|alu_out[29]~output                                 ; o                ;
; |risc5|alu_out[29]                                        ; |risc5|alu_out[29]                                        ; padout           ;
; |risc5|alu_out[28]~output                                 ; |risc5|alu_out[28]~output                                 ; o                ;
; |risc5|alu_out[28]                                        ; |risc5|alu_out[28]                                        ; padout           ;
; |risc5|alu_out[27]~output                                 ; |risc5|alu_out[27]~output                                 ; o                ;
; |risc5|alu_out[27]                                        ; |risc5|alu_out[27]                                        ; padout           ;
; |risc5|alu_out[26]~output                                 ; |risc5|alu_out[26]~output                                 ; o                ;
; |risc5|alu_out[26]                                        ; |risc5|alu_out[26]                                        ; padout           ;
; |risc5|alu_out[25]~output                                 ; |risc5|alu_out[25]~output                                 ; o                ;
; |risc5|alu_out[25]                                        ; |risc5|alu_out[25]                                        ; padout           ;
; |risc5|alu_out[24]~output                                 ; |risc5|alu_out[24]~output                                 ; o                ;
; |risc5|alu_out[24]                                        ; |risc5|alu_out[24]                                        ; padout           ;
; |risc5|alu_out[23]~output                                 ; |risc5|alu_out[23]~output                                 ; o                ;
; |risc5|alu_out[23]                                        ; |risc5|alu_out[23]                                        ; padout           ;
; |risc5|alu_out[22]~output                                 ; |risc5|alu_out[22]~output                                 ; o                ;
; |risc5|alu_out[22]                                        ; |risc5|alu_out[22]                                        ; padout           ;
; |risc5|alu_out[21]~output                                 ; |risc5|alu_out[21]~output                                 ; o                ;
; |risc5|alu_out[21]                                        ; |risc5|alu_out[21]                                        ; padout           ;
; |risc5|alu_out[20]~output                                 ; |risc5|alu_out[20]~output                                 ; o                ;
; |risc5|alu_out[20]                                        ; |risc5|alu_out[20]                                        ; padout           ;
; |risc5|alu_out[19]~output                                 ; |risc5|alu_out[19]~output                                 ; o                ;
; |risc5|alu_out[19]                                        ; |risc5|alu_out[19]                                        ; padout           ;
; |risc5|alu_out[18]~output                                 ; |risc5|alu_out[18]~output                                 ; o                ;
; |risc5|alu_out[18]                                        ; |risc5|alu_out[18]                                        ; padout           ;
; |risc5|alu_out[17]~output                                 ; |risc5|alu_out[17]~output                                 ; o                ;
; |risc5|alu_out[17]                                        ; |risc5|alu_out[17]                                        ; padout           ;
; |risc5|alu_out[16]~output                                 ; |risc5|alu_out[16]~output                                 ; o                ;
; |risc5|alu_out[16]                                        ; |risc5|alu_out[16]                                        ; padout           ;
; |risc5|alu_out[15]~output                                 ; |risc5|alu_out[15]~output                                 ; o                ;
; |risc5|alu_out[15]                                        ; |risc5|alu_out[15]                                        ; padout           ;
; |risc5|alu_out[14]~output                                 ; |risc5|alu_out[14]~output                                 ; o                ;
; |risc5|alu_out[14]                                        ; |risc5|alu_out[14]                                        ; padout           ;
; |risc5|alu_out[13]~output                                 ; |risc5|alu_out[13]~output                                 ; o                ;
; |risc5|alu_out[13]                                        ; |risc5|alu_out[13]                                        ; padout           ;
; |risc5|alu_out[12]~output                                 ; |risc5|alu_out[12]~output                                 ; o                ;
; |risc5|alu_out[12]                                        ; |risc5|alu_out[12]                                        ; padout           ;
; |risc5|alu_out[7]~output                                  ; |risc5|alu_out[7]~output                                  ; o                ;
; |risc5|alu_out[7]                                         ; |risc5|alu_out[7]                                         ; padout           ;
; |risc5|alu_out[6]~output                                  ; |risc5|alu_out[6]~output                                  ; o                ;
; |risc5|alu_out[6]                                         ; |risc5|alu_out[6]                                         ; padout           ;
; |risc5|alu_out[5]~output                                  ; |risc5|alu_out[5]~output                                  ; o                ;
; |risc5|alu_out[5]                                         ; |risc5|alu_out[5]                                         ; padout           ;
; |risc5|pc_clr~input                                       ; |risc5|pc_clr~input                                       ; o                ;
; |risc5|pc_clr                                             ; |risc5|pc_clr                                             ; padout           ;
; |risc5|pc_clr~inputclkctrl                                ; |risc5|pc_clr~inputclkctrl                                ; outclk           ;
+-----------------------------------------------------------+-----------------------------------------------------------+------------------+


The following table displays output ports that do not toggle to 0 during simulation.
+------------------------------------------------------------------------------------------------------------------------------------------+
; Missing 0-Value Coverage                                                                                                                 ;
+-----------------------------------------------------------+-----------------------------------------------------------+------------------+
; Node Name                                                 ; Output Port Name                                          ; Output Port Type ;
+-----------------------------------------------------------+-----------------------------------------------------------+------------------+
; |risc5|lpm_dff2:inst2|lpm_ff:lpm_ff_component|dffs[31]    ; |risc5|lpm_dff2:inst2|lpm_ff:lpm_ff_component|dffs[31]    ; q                ;
; |risc5|lpm_dff2:inst2|lpm_ff:lpm_ff_component|dffs[30]    ; |risc5|lpm_dff2:inst2|lpm_ff:lpm_ff_component|dffs[30]    ; q                ;
; |risc5|lpm_dff2:inst2|lpm_ff:lpm_ff_component|dffs[29]    ; |risc5|lpm_dff2:inst2|lpm_ff:lpm_ff_component|dffs[29]    ; q                ;
; |risc5|lpm_dff2:inst2|lpm_ff:lpm_ff_component|dffs[28]    ; |risc5|lpm_dff2:inst2|lpm_ff:lpm_ff_component|dffs[28]    ; q                ;
; |risc5|lpm_dff2:inst2|lpm_ff:lpm_ff_component|dffs[27]    ; |risc5|lpm_dff2:inst2|lpm_ff:lpm_ff_component|dffs[27]    ; q                ;
; |risc5|lpm_dff2:inst2|lpm_ff:lpm_ff_component|dffs[26]    ; |risc5|lpm_dff2:inst2|lpm_ff:lpm_ff_component|dffs[26]    ; q                ;
; |risc5|lpm_dff2:inst2|lpm_ff:lpm_ff_component|dffs[25]    ; |risc5|lpm_dff2:inst2|lpm_ff:lpm_ff_component|dffs[25]    ; q                ;
; |risc5|lpm_dff2:inst2|lpm_ff:lpm_ff_component|dffs[24]    ; |risc5|lpm_dff2:inst2|lpm_ff:lpm_ff_component|dffs[24]    ; q                ;
; |risc5|lpm_dff2:inst2|lpm_ff:lpm_ff_component|dffs[23]    ; |risc5|lpm_dff2:inst2|lpm_ff:lpm_ff_component|dffs[23]    ; q                ;
; |risc5|lpm_dff2:inst2|lpm_ff:lpm_ff_component|dffs[22]    ; |risc5|lpm_dff2:inst2|lpm_ff:lpm_ff_component|dffs[22]    ; q                ;
; |risc5|lpm_dff2:inst2|lpm_ff:lpm_ff_component|dffs[21]    ; |risc5|lpm_dff2:inst2|lpm_ff:lpm_ff_component|dffs[21]    ; q                ;
; |risc5|lpm_dff2:inst2|lpm_ff:lpm_ff_component|dffs[20]    ; |risc5|lpm_dff2:inst2|lpm_ff:lpm_ff_component|dffs[20]    ; q                ;
; |risc5|lpm_dff2:inst2|lpm_ff:lpm_ff_component|dffs[19]    ; |risc5|lpm_dff2:inst2|lpm_ff:lpm_ff_component|dffs[19]    ; q                ;
; |risc5|lpm_dff2:inst2|lpm_ff:lpm_ff_component|dffs[18]    ; |risc5|lpm_dff2:inst2|lpm_ff:lpm_ff_component|dffs[18]    ; q                ;
; |risc5|lpm_dff2:inst2|lpm_ff:lpm_ff_component|dffs[17]    ; |risc5|lpm_dff2:inst2|lpm_ff:lpm_ff_component|dffs[17]    ; q                ;
; |risc5|lpm_dff2:inst2|lpm_ff:lpm_ff_component|dffs[16]    ; |risc5|lpm_dff2:inst2|lpm_ff:lpm_ff_component|dffs[16]    ; q                ;
; |risc5|lpm_dff2:inst2|lpm_ff:lpm_ff_component|dffs[15]    ; |risc5|lpm_dff2:inst2|lpm_ff:lpm_ff_component|dffs[15]    ; q                ;
; |risc5|lpm_dff2:inst2|lpm_ff:lpm_ff_component|dffs[14]    ; |risc5|lpm_dff2:inst2|lpm_ff:lpm_ff_component|dffs[14]    ; q                ;
; |risc5|lpm_dff2:inst2|lpm_ff:lpm_ff_component|dffs[13]    ; |risc5|lpm_dff2:inst2|lpm_ff:lpm_ff_component|dffs[13]    ; q                ;
; |risc5|lpm_dff2:inst2|lpm_ff:lpm_ff_component|dffs[12]    ; |risc5|lpm_dff2:inst2|lpm_ff:lpm_ff_component|dffs[12]    ; q                ;
; |risc5|lpm_dff2:inst2|lpm_ff:lpm_ff_component|dffs[11]    ; |risc5|lpm_dff2:inst2|lpm_ff:lpm_ff_component|dffs[11]    ; q                ;
; |risc5|lpm_dff2:inst2|lpm_ff:lpm_ff_component|dffs[10]    ; |risc5|lpm_dff2:inst2|lpm_ff:lpm_ff_component|dffs[10]    ; q                ;
; |risc5|lpm_dff2:inst2|lpm_ff:lpm_ff_component|dffs[9]     ; |risc5|lpm_dff2:inst2|lpm_ff:lpm_ff_component|dffs[9]     ; q                ;
; |risc5|lpm_dff2:inst2|lpm_ff:lpm_ff_component|dffs[8]     ; |risc5|lpm_dff2:inst2|lpm_ff:lpm_ff_component|dffs[8]     ; q                ;
; |risc5|lpm_dff2:inst2|lpm_ff:lpm_ff_component|dffs[7]     ; |risc5|lpm_dff2:inst2|lpm_ff:lpm_ff_component|dffs[7]     ; q                ;
; |risc5|lpm_dff2:inst2|lpm_ff:lpm_ff_component|dffs[6]     ; |risc5|lpm_dff2:inst2|lpm_ff:lpm_ff_component|dffs[6]     ; q                ;
; |risc5|lpm_dff2:inst2|lpm_ff:lpm_ff_component|dffs[5]     ; |risc5|lpm_dff2:inst2|lpm_ff:lpm_ff_component|dffs[5]     ; q                ;
; |risc5|alu32:inst6|Add0~227                               ; |risc5|alu32:inst6|Add0~228                               ; cout             ;
; |risc5|alu32:inst6|Add0~229                               ; |risc5|alu32:inst6|Add0~230                               ; cout             ;
; |risc5|alu32:inst6|Add0~231                               ; |risc5|alu32:inst6|Add0~232                               ; cout             ;
; |risc5|alu32:inst6|Add0~233                               ; |risc5|alu32:inst6|Add0~234                               ; cout             ;
; |risc5|alu32:inst6|Add0~235                               ; |risc5|alu32:inst6|Add0~235                               ; combout          ;
; |risc5|alu32:inst6|Add0~235                               ; |risc5|alu32:inst6|Add0~236                               ; cout             ;
; |risc5|alu32:inst6|Add0~237                               ; |risc5|alu32:inst6|Add0~237                               ; combout          ;
; |risc5|alu32:inst6|Add0~237                               ; |risc5|alu32:inst6|Add0~238                               ; cout             ;
; |risc5|alu32:inst6|Add0~239                               ; |risc5|alu32:inst6|Add0~239                               ; combout          ;
; |risc5|alu32:inst6|Add0~239                               ; |risc5|alu32:inst6|Add0~240                               ; cout             ;
; |risc5|alu32:inst6|Add0~247                               ; |risc5|alu32:inst6|Add0~248                               ; cout             ;
; |risc5|alu32:inst6|Add0~249                               ; |risc5|alu32:inst6|Add0~249                               ; combout          ;
; |risc5|alu32:inst6|Add0~249                               ; |risc5|alu32:inst6|Add0~250                               ; cout             ;
; |risc5|alu32:inst6|Add0~251                               ; |risc5|alu32:inst6|Add0~251                               ; combout          ;
; |risc5|alu32:inst6|Add0~251                               ; |risc5|alu32:inst6|Add0~252                               ; cout             ;
; |risc5|alu32:inst6|Add0~253                               ; |risc5|alu32:inst6|Add0~253                               ; combout          ;
; |risc5|alu32:inst6|Add0~253                               ; |risc5|alu32:inst6|Add0~254                               ; cout             ;
; |risc5|alu32:inst6|Add0~255                               ; |risc5|alu32:inst6|Add0~255                               ; combout          ;
; |risc5|alu32:inst6|Add0~255                               ; |risc5|alu32:inst6|Add0~256                               ; cout             ;
; |risc5|alu32:inst6|Add0~257                               ; |risc5|alu32:inst6|Add0~257                               ; combout          ;
; |risc5|alu32:inst6|Add0~257                               ; |risc5|alu32:inst6|Add0~258                               ; cout             ;
; |risc5|alu32:inst6|Add0~259                               ; |risc5|alu32:inst6|Add0~259                               ; combout          ;
; |risc5|alu32:inst6|Add0~259                               ; |risc5|alu32:inst6|Add0~260                               ; cout             ;
; |risc5|alu32:inst6|Add0~261                               ; |risc5|alu32:inst6|Add0~261                               ; combout          ;
; |risc5|alu32:inst6|Add0~261                               ; |risc5|alu32:inst6|Add0~262                               ; cout             ;
; |risc5|alu32:inst6|Add0~263                               ; |risc5|alu32:inst6|Add0~263                               ; combout          ;
; |risc5|alu32:inst6|Add0~263                               ; |risc5|alu32:inst6|Add0~264                               ; cout             ;
; |risc5|alu32:inst6|Add0~265                               ; |risc5|alu32:inst6|Add0~265                               ; combout          ;
; |risc5|alu32:inst6|Add0~265                               ; |risc5|alu32:inst6|Add0~266                               ; cout             ;
; |risc5|alu32:inst6|Add0~267                               ; |risc5|alu32:inst6|Add0~267                               ; combout          ;
; |risc5|alu32:inst6|Add0~267                               ; |risc5|alu32:inst6|Add0~268                               ; cout             ;
; |risc5|alu32:inst6|Add0~269                               ; |risc5|alu32:inst6|Add0~269                               ; combout          ;
; |risc5|alu32:inst6|Add0~269                               ; |risc5|alu32:inst6|Add0~270                               ; cout             ;
; |risc5|alu32:inst6|Add0~271                               ; |risc5|alu32:inst6|Add0~271                               ; combout          ;
; |risc5|alu32:inst6|Add0~271                               ; |risc5|alu32:inst6|Add0~272                               ; cout             ;
; |risc5|alu32:inst6|Add0~273                               ; |risc5|alu32:inst6|Add0~273                               ; combout          ;
; |risc5|alu32:inst6|Add0~273                               ; |risc5|alu32:inst6|Add0~274                               ; cout             ;
; |risc5|alu32:inst6|Add0~275                               ; |risc5|alu32:inst6|Add0~275                               ; combout          ;
; |risc5|alu32:inst6|Add0~275                               ; |risc5|alu32:inst6|Add0~276                               ; cout             ;
; |risc5|alu32:inst6|Add0~277                               ; |risc5|alu32:inst6|Add0~277                               ; combout          ;
; |risc5|alu32:inst6|Add0~277                               ; |risc5|alu32:inst6|Add0~278                               ; cout             ;
; |risc5|alu32:inst6|Add0~279                               ; |risc5|alu32:inst6|Add0~279                               ; combout          ;
; |risc5|alu32:inst6|Add0~279                               ; |risc5|alu32:inst6|Add0~280                               ; cout             ;
; |risc5|alu32:inst6|Add0~281                               ; |risc5|alu32:inst6|Add0~281                               ; combout          ;
; |risc5|alu32:inst6|Add0~281                               ; |risc5|alu32:inst6|Add0~282                               ; cout             ;
; |risc5|alu32:inst6|Add0~283                               ; |risc5|alu32:inst6|Add0~283                               ; combout          ;
; |risc5|alu32:inst6|Add0~283                               ; |risc5|alu32:inst6|Add0~284                               ; cout             ;
; |risc5|alu32:inst6|Add0~285                               ; |risc5|alu32:inst6|Add0~285                               ; combout          ;
; |risc5|alu32:inst6|Add0~285                               ; |risc5|alu32:inst6|Add0~286                               ; cout             ;
; |risc5|alu32:inst6|Add0~287                               ; |risc5|alu32:inst6|Add0~287                               ; combout          ;
; |risc5|lpm_dff2:inst2|lpm_ff:lpm_ff_component|dffs[6]~36  ; |risc5|lpm_dff2:inst2|lpm_ff:lpm_ff_component|dffs[6]~37  ; cout             ;
; |risc5|lpm_dff2:inst2|lpm_ff:lpm_ff_component|dffs[7]~38  ; |risc5|lpm_dff2:inst2|lpm_ff:lpm_ff_component|dffs[7]~38  ; combout          ;
; |risc5|lpm_dff2:inst2|lpm_ff:lpm_ff_component|dffs[7]~38  ; |risc5|lpm_dff2:inst2|lpm_ff:lpm_ff_component|dffs[7]~39  ; cout             ;
; |risc5|lpm_dff2:inst2|lpm_ff:lpm_ff_component|dffs[8]~40  ; |risc5|lpm_dff2:inst2|lpm_ff:lpm_ff_component|dffs[8]~40  ; combout          ;
; |risc5|lpm_dff2:inst2|lpm_ff:lpm_ff_component|dffs[8]~40  ; |risc5|lpm_dff2:inst2|lpm_ff:lpm_ff_component|dffs[8]~41  ; cout             ;
; |risc5|lpm_dff2:inst2|lpm_ff:lpm_ff_component|dffs[9]~42  ; |risc5|lpm_dff2:inst2|lpm_ff:lpm_ff_component|dffs[9]~42  ; combout          ;
; |risc5|lpm_dff2:inst2|lpm_ff:lpm_ff_component|dffs[9]~42  ; |risc5|lpm_dff2:inst2|lpm_ff:lpm_ff_component|dffs[9]~43  ; cout             ;
; |risc5|lpm_dff2:inst2|lpm_ff:lpm_ff_component|dffs[10]~44 ; |risc5|lpm_dff2:inst2|lpm_ff:lpm_ff_component|dffs[10]~44 ; combout          ;
; |risc5|lpm_dff2:inst2|lpm_ff:lpm_ff_component|dffs[10]~44 ; |risc5|lpm_dff2:inst2|lpm_ff:lpm_ff_component|dffs[10]~45 ; cout             ;
; |risc5|lpm_dff2:inst2|lpm_ff:lpm_ff_component|dffs[11]~46 ; |risc5|lpm_dff2:inst2|lpm_ff:lpm_ff_component|dffs[11]~46 ; combout          ;
; |risc5|lpm_dff2:inst2|lpm_ff:lpm_ff_component|dffs[11]~46 ; |risc5|lpm_dff2:inst2|lpm_ff:lpm_ff_component|dffs[11]~47 ; cout             ;
; |risc5|lpm_dff2:inst2|lpm_ff:lpm_ff_component|dffs[12]~48 ; |risc5|lpm_dff2:inst2|lpm_ff:lpm_ff_component|dffs[12]~48 ; combout          ;
; |risc5|lpm_dff2:inst2|lpm_ff:lpm_ff_component|dffs[12]~48 ; |risc5|lpm_dff2:inst2|lpm_ff:lpm_ff_component|dffs[12]~49 ; cout             ;
; |risc5|lpm_dff2:inst2|lpm_ff:lpm_ff_component|dffs[13]~50 ; |risc5|lpm_dff2:inst2|lpm_ff:lpm_ff_component|dffs[13]~50 ; combout          ;
; |risc5|lpm_dff2:inst2|lpm_ff:lpm_ff_component|dffs[13]~50 ; |risc5|lpm_dff2:inst2|lpm_ff:lpm_ff_component|dffs[13]~51 ; cout             ;
; |risc5|lpm_dff2:inst2|lpm_ff:lpm_ff_component|dffs[14]~52 ; |risc5|lpm_dff2:inst2|lpm_ff:lpm_ff_component|dffs[14]~52 ; combout          ;
; |risc5|lpm_dff2:inst2|lpm_ff:lpm_ff_component|dffs[14]~52 ; |risc5|lpm_dff2:inst2|lpm_ff:lpm_ff_component|dffs[14]~53 ; cout             ;
; |risc5|lpm_dff2:inst2|lpm_ff:lpm_ff_component|dffs[15]~54 ; |risc5|lpm_dff2:inst2|lpm_ff:lpm_ff_component|dffs[15]~54 ; combout          ;
; |risc5|lpm_dff2:inst2|lpm_ff:lpm_ff_component|dffs[15]~54 ; |risc5|lpm_dff2:inst2|lpm_ff:lpm_ff_component|dffs[15]~55 ; cout             ;
; |risc5|lpm_dff2:inst2|lpm_ff:lpm_ff_component|dffs[16]~56 ; |risc5|lpm_dff2:inst2|lpm_ff:lpm_ff_component|dffs[16]~56 ; combout          ;
; |risc5|lpm_dff2:inst2|lpm_ff:lpm_ff_component|dffs[16]~56 ; |risc5|lpm_dff2:inst2|lpm_ff:lpm_ff_component|dffs[16]~57 ; cout             ;
; |risc5|lpm_dff2:inst2|lpm_ff:lpm_ff_component|dffs[17]~58 ; |risc5|lpm_dff2:inst2|lpm_ff:lpm_ff_component|dffs[17]~58 ; combout          ;
; |risc5|lpm_dff2:inst2|lpm_ff:lpm_ff_component|dffs[17]~58 ; |risc5|lpm_dff2:inst2|lpm_ff:lpm_ff_component|dffs[17]~59 ; cout             ;
; |risc5|lpm_dff2:inst2|lpm_ff:lpm_ff_component|dffs[18]~60 ; |risc5|lpm_dff2:inst2|lpm_ff:lpm_ff_component|dffs[18]~60 ; combout          ;
; |risc5|lpm_dff2:inst2|lpm_ff:lpm_ff_component|dffs[18]~60 ; |risc5|lpm_dff2:inst2|lpm_ff:lpm_ff_component|dffs[18]~61 ; cout             ;
; |risc5|lpm_dff2:inst2|lpm_ff:lpm_ff_component|dffs[19]~62 ; |risc5|lpm_dff2:inst2|lpm_ff:lpm_ff_component|dffs[19]~62 ; combout          ;
; |risc5|lpm_dff2:inst2|lpm_ff:lpm_ff_component|dffs[19]~62 ; |risc5|lpm_dff2:inst2|lpm_ff:lpm_ff_component|dffs[19]~63 ; cout             ;
; |risc5|lpm_dff2:inst2|lpm_ff:lpm_ff_component|dffs[20]~64 ; |risc5|lpm_dff2:inst2|lpm_ff:lpm_ff_component|dffs[20]~64 ; combout          ;
; |risc5|lpm_dff2:inst2|lpm_ff:lpm_ff_component|dffs[20]~64 ; |risc5|lpm_dff2:inst2|lpm_ff:lpm_ff_component|dffs[20]~65 ; cout             ;
; |risc5|lpm_dff2:inst2|lpm_ff:lpm_ff_component|dffs[21]~66 ; |risc5|lpm_dff2:inst2|lpm_ff:lpm_ff_component|dffs[21]~66 ; combout          ;
; |risc5|lpm_dff2:inst2|lpm_ff:lpm_ff_component|dffs[21]~66 ; |risc5|lpm_dff2:inst2|lpm_ff:lpm_ff_component|dffs[21]~67 ; cout             ;
; |risc5|lpm_dff2:inst2|lpm_ff:lpm_ff_component|dffs[22]~68 ; |risc5|lpm_dff2:inst2|lpm_ff:lpm_ff_component|dffs[22]~68 ; combout          ;
; |risc5|lpm_dff2:inst2|lpm_ff:lpm_ff_component|dffs[22]~68 ; |risc5|lpm_dff2:inst2|lpm_ff:lpm_ff_component|dffs[22]~69 ; cout             ;
; |risc5|lpm_dff2:inst2|lpm_ff:lpm_ff_component|dffs[23]~70 ; |risc5|lpm_dff2:inst2|lpm_ff:lpm_ff_component|dffs[23]~70 ; combout          ;
; |risc5|lpm_dff2:inst2|lpm_ff:lpm_ff_component|dffs[23]~70 ; |risc5|lpm_dff2:inst2|lpm_ff:lpm_ff_component|dffs[23]~71 ; cout             ;
; |risc5|lpm_dff2:inst2|lpm_ff:lpm_ff_component|dffs[24]~72 ; |risc5|lpm_dff2:inst2|lpm_ff:lpm_ff_component|dffs[24]~72 ; combout          ;
; |risc5|lpm_dff2:inst2|lpm_ff:lpm_ff_component|dffs[24]~72 ; |risc5|lpm_dff2:inst2|lpm_ff:lpm_ff_component|dffs[24]~73 ; cout             ;
; |risc5|lpm_dff2:inst2|lpm_ff:lpm_ff_component|dffs[25]~74 ; |risc5|lpm_dff2:inst2|lpm_ff:lpm_ff_component|dffs[25]~74 ; combout          ;
; |risc5|lpm_dff2:inst2|lpm_ff:lpm_ff_component|dffs[25]~74 ; |risc5|lpm_dff2:inst2|lpm_ff:lpm_ff_component|dffs[25]~75 ; cout             ;
; |risc5|lpm_dff2:inst2|lpm_ff:lpm_ff_component|dffs[26]~76 ; |risc5|lpm_dff2:inst2|lpm_ff:lpm_ff_component|dffs[26]~76 ; combout          ;
; |risc5|lpm_dff2:inst2|lpm_ff:lpm_ff_component|dffs[26]~76 ; |risc5|lpm_dff2:inst2|lpm_ff:lpm_ff_component|dffs[26]~77 ; cout             ;
; |risc5|lpm_dff2:inst2|lpm_ff:lpm_ff_component|dffs[27]~78 ; |risc5|lpm_dff2:inst2|lpm_ff:lpm_ff_component|dffs[27]~78 ; combout          ;
; |risc5|lpm_dff2:inst2|lpm_ff:lpm_ff_component|dffs[27]~78 ; |risc5|lpm_dff2:inst2|lpm_ff:lpm_ff_component|dffs[27]~79 ; cout             ;
; |risc5|lpm_dff2:inst2|lpm_ff:lpm_ff_component|dffs[28]~80 ; |risc5|lpm_dff2:inst2|lpm_ff:lpm_ff_component|dffs[28]~80 ; combout          ;
; |risc5|lpm_dff2:inst2|lpm_ff:lpm_ff_component|dffs[28]~80 ; |risc5|lpm_dff2:inst2|lpm_ff:lpm_ff_component|dffs[28]~81 ; cout             ;
; |risc5|lpm_dff2:inst2|lpm_ff:lpm_ff_component|dffs[29]~82 ; |risc5|lpm_dff2:inst2|lpm_ff:lpm_ff_component|dffs[29]~82 ; combout          ;
; |risc5|lpm_dff2:inst2|lpm_ff:lpm_ff_component|dffs[29]~82 ; |risc5|lpm_dff2:inst2|lpm_ff:lpm_ff_component|dffs[29]~83 ; cout             ;
; |risc5|lpm_dff2:inst2|lpm_ff:lpm_ff_component|dffs[30]~84 ; |risc5|lpm_dff2:inst2|lpm_ff:lpm_ff_component|dffs[30]~84 ; combout          ;
; |risc5|lpm_dff2:inst2|lpm_ff:lpm_ff_component|dffs[30]~84 ; |risc5|lpm_dff2:inst2|lpm_ff:lpm_ff_component|dffs[30]~85 ; cout             ;
; |risc5|lpm_dff2:inst2|lpm_ff:lpm_ff_component|dffs[31]~86 ; |risc5|lpm_dff2:inst2|lpm_ff:lpm_ff_component|dffs[31]~86 ; combout          ;
; |risc5|regfile:inst5|reg_array~63                         ; |risc5|regfile:inst5|reg_array~63                         ; q                ;
; |risc5|regfile:inst5|reg_data1[31]~32                     ; |risc5|regfile:inst5|reg_data1[31]~32                     ; combout          ;
; |risc5|regfile:inst5|reg_array~511                        ; |risc5|regfile:inst5|reg_array~511                        ; q                ;
; |risc5|regfile:inst5|reg_array~62                         ; |risc5|regfile:inst5|reg_array~62                         ; q                ;
; |risc5|regfile:inst5|reg_data1[30]~33                     ; |risc5|regfile:inst5|reg_data1[30]~33                     ; combout          ;
; |risc5|regfile:inst5|reg_array~510                        ; |risc5|regfile:inst5|reg_array~510                        ; q                ;
; |risc5|regfile:inst5|reg_array~61                         ; |risc5|regfile:inst5|reg_array~61                         ; q                ;
; |risc5|regfile:inst5|reg_data1[29]~34                     ; |risc5|regfile:inst5|reg_data1[29]~34                     ; combout          ;
; |risc5|regfile:inst5|reg_array~509                        ; |risc5|regfile:inst5|reg_array~509                        ; q                ;
; |risc5|regfile:inst5|reg_array~60                         ; |risc5|regfile:inst5|reg_array~60                         ; q                ;
; |risc5|regfile:inst5|reg_data1[28]~35                     ; |risc5|regfile:inst5|reg_data1[28]~35                     ; combout          ;
; |risc5|regfile:inst5|reg_array~508                        ; |risc5|regfile:inst5|reg_array~508                        ; q                ;
; |risc5|regfile:inst5|reg_array~59                         ; |risc5|regfile:inst5|reg_array~59                         ; q                ;
; |risc5|regfile:inst5|reg_data1[27]~36                     ; |risc5|regfile:inst5|reg_data1[27]~36                     ; combout          ;
; |risc5|regfile:inst5|reg_array~507                        ; |risc5|regfile:inst5|reg_array~507                        ; q                ;
; |risc5|regfile:inst5|reg_array~58                         ; |risc5|regfile:inst5|reg_array~58                         ; q                ;
; |risc5|regfile:inst5|reg_data1[26]~37                     ; |risc5|regfile:inst5|reg_data1[26]~37                     ; combout          ;
; |risc5|regfile:inst5|reg_array~506                        ; |risc5|regfile:inst5|reg_array~506                        ; q                ;
; |risc5|regfile:inst5|reg_array~57                         ; |risc5|regfile:inst5|reg_array~57                         ; q                ;
; |risc5|regfile:inst5|reg_data1[25]~38                     ; |risc5|regfile:inst5|reg_data1[25]~38                     ; combout          ;
; |risc5|regfile:inst5|reg_array~505                        ; |risc5|regfile:inst5|reg_array~505                        ; q                ;
; |risc5|regfile:inst5|reg_array~56                         ; |risc5|regfile:inst5|reg_array~56                         ; q                ;
; |risc5|regfile:inst5|reg_data1[24]~39                     ; |risc5|regfile:inst5|reg_data1[24]~39                     ; combout          ;
; |risc5|regfile:inst5|reg_array~504                        ; |risc5|regfile:inst5|reg_array~504                        ; q                ;
; |risc5|regfile:inst5|reg_array~55                         ; |risc5|regfile:inst5|reg_array~55                         ; q                ;
; |risc5|regfile:inst5|reg_data1[23]~40                     ; |risc5|regfile:inst5|reg_data1[23]~40                     ; combout          ;
; |risc5|regfile:inst5|reg_array~503                        ; |risc5|regfile:inst5|reg_array~503                        ; q                ;
; |risc5|regfile:inst5|reg_array~54                         ; |risc5|regfile:inst5|reg_array~54                         ; q                ;
; |risc5|regfile:inst5|reg_data1[22]~41                     ; |risc5|regfile:inst5|reg_data1[22]~41                     ; combout          ;
; |risc5|regfile:inst5|reg_array~502                        ; |risc5|regfile:inst5|reg_array~502                        ; q                ;
; |risc5|regfile:inst5|reg_array~53                         ; |risc5|regfile:inst5|reg_array~53                         ; q                ;
; |risc5|regfile:inst5|reg_data1[21]~42                     ; |risc5|regfile:inst5|reg_data1[21]~42                     ; combout          ;
; |risc5|regfile:inst5|reg_array~501                        ; |risc5|regfile:inst5|reg_array~501                        ; q                ;
; |risc5|regfile:inst5|reg_array~52                         ; |risc5|regfile:inst5|reg_array~52                         ; q                ;
; |risc5|regfile:inst5|reg_data1[20]~43                     ; |risc5|regfile:inst5|reg_data1[20]~43                     ; combout          ;
; |risc5|regfile:inst5|reg_array~500                        ; |risc5|regfile:inst5|reg_array~500                        ; q                ;
; |risc5|regfile:inst5|reg_array~51                         ; |risc5|regfile:inst5|reg_array~51                         ; q                ;
; |risc5|regfile:inst5|reg_data1[19]~44                     ; |risc5|regfile:inst5|reg_data1[19]~44                     ; combout          ;
; |risc5|regfile:inst5|reg_array~499                        ; |risc5|regfile:inst5|reg_array~499                        ; q                ;
; |risc5|regfile:inst5|reg_array~50                         ; |risc5|regfile:inst5|reg_array~50                         ; q                ;
; |risc5|regfile:inst5|reg_data1[18]~45                     ; |risc5|regfile:inst5|reg_data1[18]~45                     ; combout          ;
; |risc5|regfile:inst5|reg_array~498                        ; |risc5|regfile:inst5|reg_array~498                        ; q                ;
; |risc5|regfile:inst5|reg_array~49                         ; |risc5|regfile:inst5|reg_array~49                         ; q                ;
; |risc5|regfile:inst5|reg_data1[17]~46                     ; |risc5|regfile:inst5|reg_data1[17]~46                     ; combout          ;
; |risc5|regfile:inst5|reg_array~497                        ; |risc5|regfile:inst5|reg_array~497                        ; q                ;
; |risc5|regfile:inst5|reg_array~48                         ; |risc5|regfile:inst5|reg_array~48                         ; q                ;
; |risc5|regfile:inst5|reg_data1[16]~47                     ; |risc5|regfile:inst5|reg_data1[16]~47                     ; combout          ;
; |risc5|regfile:inst5|reg_array~496                        ; |risc5|regfile:inst5|reg_array~496                        ; q                ;
; |risc5|regfile:inst5|reg_array~47                         ; |risc5|regfile:inst5|reg_array~47                         ; q                ;
; |risc5|regfile:inst5|reg_data1[15]~48                     ; |risc5|regfile:inst5|reg_data1[15]~48                     ; combout          ;
; |risc5|regfile:inst5|reg_array~495                        ; |risc5|regfile:inst5|reg_array~495                        ; q                ;
; |risc5|regfile:inst5|reg_array~46                         ; |risc5|regfile:inst5|reg_array~46                         ; q                ;
; |risc5|regfile:inst5|reg_data1[14]~49                     ; |risc5|regfile:inst5|reg_data1[14]~49                     ; combout          ;
; |risc5|regfile:inst5|reg_array~494                        ; |risc5|regfile:inst5|reg_array~494                        ; q                ;
; |risc5|regfile:inst5|reg_array~45                         ; |risc5|regfile:inst5|reg_array~45                         ; q                ;
; |risc5|regfile:inst5|reg_data1[13]~50                     ; |risc5|regfile:inst5|reg_data1[13]~50                     ; combout          ;
; |risc5|regfile:inst5|reg_array~493                        ; |risc5|regfile:inst5|reg_array~493                        ; q                ;
; |risc5|regfile:inst5|reg_array~44                         ; |risc5|regfile:inst5|reg_array~44                         ; q                ;
; |risc5|regfile:inst5|reg_data1[12]~51                     ; |risc5|regfile:inst5|reg_data1[12]~51                     ; combout          ;
; |risc5|regfile:inst5|reg_array~492                        ; |risc5|regfile:inst5|reg_array~492                        ; q                ;
; |risc5|regfile:inst5|reg_array~43                         ; |risc5|regfile:inst5|reg_array~43                         ; q                ;
; |risc5|regfile:inst5|reg_data1[11]~52                     ; |risc5|regfile:inst5|reg_data1[11]~52                     ; combout          ;
; |risc5|regfile:inst5|reg_array~491                        ; |risc5|regfile:inst5|reg_array~491                        ; q                ;
; |risc5|regfile:inst5|reg_array~42                         ; |risc5|regfile:inst5|reg_array~42                         ; q                ;
; |risc5|regfile:inst5|reg_array~522                        ; |risc5|regfile:inst5|reg_array~522                        ; q                ;
; |risc5|regfile:inst5|reg_array~266                        ; |risc5|regfile:inst5|reg_array~266                        ; q                ;
; |risc5|regfile:inst5|reg_array~138                        ; |risc5|regfile:inst5|reg_array~138                        ; q                ;
; |risc5|regfile:inst5|reg_array~234                        ; |risc5|regfile:inst5|reg_array~234                        ; q                ;
; |risc5|regfile:inst5|reg_array~170                        ; |risc5|regfile:inst5|reg_array~170                        ; q                ;
; |risc5|regfile:inst5|reg_array~202                        ; |risc5|regfile:inst5|reg_array~202                        ; q                ;
; |risc5|regfile:inst5|reg_array~106                        ; |risc5|regfile:inst5|reg_array~106                        ; q                ;
; |risc5|regfile:inst5|reg_array~74                         ; |risc5|regfile:inst5|reg_array~74                         ; q                ;
; |risc5|regfile:inst5|reg_array~490                        ; |risc5|regfile:inst5|reg_array~490                        ; q                ;
; |risc5|regfile:inst5|reg_array~41                         ; |risc5|regfile:inst5|reg_array~41                         ; q                ;
; |risc5|regfile:inst5|reg_array~521                        ; |risc5|regfile:inst5|reg_array~521                        ; q                ;
; |risc5|regfile:inst5|reg_array~233                        ; |risc5|regfile:inst5|reg_array~233                        ; q                ;
; |risc5|regfile:inst5|reg_array~137                        ; |risc5|regfile:inst5|reg_array~137                        ; q                ;
; |risc5|regfile:inst5|reg_array~169                        ; |risc5|regfile:inst5|reg_array~169                        ; q                ;
; |risc5|regfile:inst5|reg_array~201                        ; |risc5|regfile:inst5|reg_array~201                        ; q                ;
; |risc5|regfile:inst5|reg_array~1216                       ; |risc5|regfile:inst5|reg_array~1216                       ; combout          ;
; |risc5|regfile:inst5|reg_array~265                        ; |risc5|regfile:inst5|reg_array~265                        ; q                ;
; |risc5|regfile:inst5|reg_array~105                        ; |risc5|regfile:inst5|reg_array~105                        ; q                ;
; |risc5|regfile:inst5|reg_array~73                         ; |risc5|regfile:inst5|reg_array~73                         ; q                ;
; |risc5|regfile:inst5|reg_array~489                        ; |risc5|regfile:inst5|reg_array~489                        ; q                ;
; |risc5|regfile:inst5|reg_array~40                         ; |risc5|regfile:inst5|reg_array~40                         ; q                ;
; |risc5|regfile:inst5|reg_array~520                        ; |risc5|regfile:inst5|reg_array~520                        ; q                ;
; |risc5|regfile:inst5|reg_array~264                        ; |risc5|regfile:inst5|reg_array~264                        ; q                ;
; |risc5|regfile:inst5|reg_array~136                        ; |risc5|regfile:inst5|reg_array~136                        ; q                ;
; |risc5|regfile:inst5|reg_array~232                        ; |risc5|regfile:inst5|reg_array~232                        ; q                ;
; |risc5|regfile:inst5|reg_array~168                        ; |risc5|regfile:inst5|reg_array~168                        ; q                ;
; |risc5|regfile:inst5|reg_array~200                        ; |risc5|regfile:inst5|reg_array~200                        ; q                ;
; |risc5|regfile:inst5|reg_array~104                        ; |risc5|regfile:inst5|reg_array~104                        ; q                ;
; |risc5|regfile:inst5|reg_array~72                         ; |risc5|regfile:inst5|reg_array~72                         ; q                ;
; |risc5|regfile:inst5|reg_array~488                        ; |risc5|regfile:inst5|reg_array~488                        ; q                ;
; |risc5|regfile:inst5|reg_array~39                         ; |risc5|regfile:inst5|reg_array~39                         ; q                ;
; |risc5|regfile:inst5|reg_data1[7]~56                      ; |risc5|regfile:inst5|reg_data1[7]~56                      ; combout          ;
; |risc5|regfile:inst5|reg_array~487                        ; |risc5|regfile:inst5|reg_array~487                        ; q                ;
; |risc5|regfile:inst5|reg_array~38                         ; |risc5|regfile:inst5|reg_array~38                         ; q                ;
; |risc5|regfile:inst5|reg_data1[6]~57                      ; |risc5|regfile:inst5|reg_data1[6]~57                      ; combout          ;
; |risc5|regfile:inst5|reg_array~486                        ; |risc5|regfile:inst5|reg_array~486                        ; q                ;
; |risc5|regfile:inst5|reg_array~37                         ; |risc5|regfile:inst5|reg_array~37                         ; q                ;
; |risc5|regfile:inst5|reg_data1[5]~58                      ; |risc5|regfile:inst5|reg_data1[5]~58                      ; combout          ;
; |risc5|regfile:inst5|reg_array~485                        ; |risc5|regfile:inst5|reg_array~485                        ; q                ;
; |risc5|regfile:inst5|reg_array~36                         ; |risc5|regfile:inst5|reg_array~36                         ; q                ;
; |risc5|regfile:inst5|reg_data1[4]~59                      ; |risc5|regfile:inst5|reg_data1[4]~59                      ; combout          ;
; |risc5|regfile:inst5|reg_array~516                        ; |risc5|regfile:inst5|reg_array~516                        ; q                ;
; |risc5|regfile:inst5|reg_array~260                        ; |risc5|regfile:inst5|reg_array~260                        ; q                ;
; |risc5|regfile:inst5|reg_array~132                        ; |risc5|regfile:inst5|reg_array~132                        ; q                ;
; |risc5|regfile:inst5|reg_array~228                        ; |risc5|regfile:inst5|reg_array~228                        ; q                ;
; |risc5|regfile:inst5|reg_array~164                        ; |risc5|regfile:inst5|reg_array~164                        ; q                ;
; |risc5|regfile:inst5|reg_array~196                        ; |risc5|regfile:inst5|reg_array~196                        ; q                ;
; |risc5|regfile:inst5|reg_array~100                        ; |risc5|regfile:inst5|reg_array~100                        ; q                ;
; |risc5|regfile:inst5|reg_array~68                         ; |risc5|regfile:inst5|reg_array~68                         ; q                ;
; |risc5|regfile:inst5|reg_array~484                        ; |risc5|regfile:inst5|reg_array~484                        ; q                ;
; |risc5|regfile:inst5|reg_array~35                         ; |risc5|regfile:inst5|reg_array~35                         ; q                ;
; |risc5|regfile:inst5|reg_data1[3]~60                      ; |risc5|regfile:inst5|reg_data1[3]~60                      ; combout          ;
; |risc5|regfile:inst5|reg_array~515                        ; |risc5|regfile:inst5|reg_array~515                        ; q                ;
; |risc5|regfile:inst5|reg_array~227                        ; |risc5|regfile:inst5|reg_array~227                        ; q                ;
; |risc5|regfile:inst5|reg_array~131                        ; |risc5|regfile:inst5|reg_array~131                        ; q                ;
; |risc5|regfile:inst5|reg_array~163                        ; |risc5|regfile:inst5|reg_array~163                        ; q                ;
; |risc5|regfile:inst5|reg_array~195                        ; |risc5|regfile:inst5|reg_array~195                        ; q                ;
; |risc5|regfile:inst5|reg_array~259                        ; |risc5|regfile:inst5|reg_array~259                        ; q                ;
; |risc5|regfile:inst5|reg_array~99                         ; |risc5|regfile:inst5|reg_array~99                         ; q                ;
; |risc5|regfile:inst5|reg_array~67                         ; |risc5|regfile:inst5|reg_array~67                         ; q                ;
; |risc5|regfile:inst5|reg_array~483                        ; |risc5|regfile:inst5|reg_array~483                        ; q                ;
; |risc5|regfile:inst5|reg_array~1242                       ; |risc5|regfile:inst5|reg_array~1242                       ; combout          ;
; |risc5|regfile:inst5|reg_array~34                         ; |risc5|regfile:inst5|reg_array~34                         ; q                ;
; |risc5|regfile:inst5|reg_data1[2]~61                      ; |risc5|regfile:inst5|reg_data1[2]~61                      ; combout          ;
; |risc5|regfile:inst5|reg_array~514                        ; |risc5|regfile:inst5|reg_array~514                        ; q                ;
; |risc5|regfile:inst5|reg_array~258                        ; |risc5|regfile:inst5|reg_array~258                        ; q                ;
; |risc5|regfile:inst5|reg_array~130                        ; |risc5|regfile:inst5|reg_array~130                        ; q                ;
; |risc5|regfile:inst5|reg_array~226                        ; |risc5|regfile:inst5|reg_array~226                        ; q                ;
; |risc5|regfile:inst5|reg_array~162                        ; |risc5|regfile:inst5|reg_array~162                        ; q                ;
; |risc5|regfile:inst5|reg_array~194                        ; |risc5|regfile:inst5|reg_array~194                        ; q                ;
; |risc5|regfile:inst5|reg_array~98                         ; |risc5|regfile:inst5|reg_array~98                         ; q                ;
; |risc5|regfile:inst5|reg_array~66                         ; |risc5|regfile:inst5|reg_array~66                         ; q                ;
; |risc5|regfile:inst5|reg_array~482                        ; |risc5|regfile:inst5|reg_array~482                        ; q                ;
; |risc5|regfile:inst5|reg_array~33                         ; |risc5|regfile:inst5|reg_array~33                         ; q                ;
; |risc5|regfile:inst5|reg_data1[1]~62                      ; |risc5|regfile:inst5|reg_data1[1]~62                      ; combout          ;
; |risc5|regfile:inst5|reg_array~513                        ; |risc5|regfile:inst5|reg_array~513                        ; q                ;
; |risc5|regfile:inst5|reg_array~225                        ; |risc5|regfile:inst5|reg_array~225                        ; q                ;
; |risc5|regfile:inst5|reg_array~129                        ; |risc5|regfile:inst5|reg_array~129                        ; q                ;
; |risc5|regfile:inst5|reg_array~161                        ; |risc5|regfile:inst5|reg_array~161                        ; q                ;
; |risc5|regfile:inst5|reg_array~193                        ; |risc5|regfile:inst5|reg_array~193                        ; q                ;
; |risc5|regfile:inst5|reg_array~257                        ; |risc5|regfile:inst5|reg_array~257                        ; q                ;
; |risc5|regfile:inst5|reg_array~1253                       ; |risc5|regfile:inst5|reg_array~1253                       ; combout          ;
; |risc5|regfile:inst5|reg_array~97                         ; |risc5|regfile:inst5|reg_array~97                         ; q                ;
; |risc5|regfile:inst5|reg_array~65                         ; |risc5|regfile:inst5|reg_array~65                         ; q                ;
; |risc5|regfile:inst5|reg_array~481                        ; |risc5|regfile:inst5|reg_array~481                        ; q                ;
; |risc5|regfile:inst5|reg_array~1257                       ; |risc5|regfile:inst5|reg_array~1257                       ; combout          ;
; |risc5|regfile:inst5|reg_array~32                         ; |risc5|regfile:inst5|reg_array~32                         ; q                ;
; |risc5|regfile:inst5|reg_array~512                        ; |risc5|regfile:inst5|reg_array~512                        ; q                ;
; |risc5|regfile:inst5|reg_array~256                        ; |risc5|regfile:inst5|reg_array~256                        ; q                ;
; |risc5|regfile:inst5|reg_array~128                        ; |risc5|regfile:inst5|reg_array~128                        ; q                ;
; |risc5|regfile:inst5|reg_array~224                        ; |risc5|regfile:inst5|reg_array~224                        ; q                ;
; |risc5|regfile:inst5|reg_array~160                        ; |risc5|regfile:inst5|reg_array~160                        ; q                ;
; |risc5|regfile:inst5|reg_array~192                        ; |risc5|regfile:inst5|reg_array~192                        ; q                ;
; |risc5|regfile:inst5|reg_array~96                         ; |risc5|regfile:inst5|reg_array~96                         ; q                ;
; |risc5|regfile:inst5|reg_array~64                         ; |risc5|regfile:inst5|reg_array~64                         ; q                ;
; |risc5|regfile:inst5|reg_array~480                        ; |risc5|regfile:inst5|reg_array~480                        ; q                ;
; |risc5|regfile:inst5|reg_array~1269                       ; |risc5|regfile:inst5|reg_array~1269                       ; combout          ;
; |risc5|regfile:inst5|reg_array~1270                       ; |risc5|regfile:inst5|reg_array~1270                       ; combout          ;
; |risc5|regfile:inst5|reg_array~1271                       ; |risc5|regfile:inst5|reg_array~1271                       ; combout          ;
; |risc5|regfile:inst5|reg_array~1272                       ; |risc5|regfile:inst5|reg_array~1272                       ; combout          ;
; |risc5|regfile:inst5|reg_array~1273                       ; |risc5|regfile:inst5|reg_array~1273                       ; combout          ;
; |risc5|regfile:inst5|reg_array~1274                       ; |risc5|regfile:inst5|reg_array~1274                       ; combout          ;
; |risc5|regfile:inst5|reg_array~1275                       ; |risc5|regfile:inst5|reg_array~1275                       ; combout          ;
; |risc5|regfile:inst5|reg_array~1276                       ; |risc5|regfile:inst5|reg_array~1276                       ; combout          ;
; |risc5|alu32:inst6|Add0~4                                 ; |risc5|alu32:inst6|Add0~4                                 ; combout          ;
; |risc5|alu32:inst6|Add0~289                               ; |risc5|alu32:inst6|Add0~289                               ; combout          ;
; |risc5|alu32:inst6|Add0~13                                ; |risc5|alu32:inst6|Add0~13                                ; combout          ;
; |risc5|alu32:inst6|Add0~290                               ; |risc5|alu32:inst6|Add0~290                               ; combout          ;
; |risc5|alu32:inst6|Add0~22                                ; |risc5|alu32:inst6|Add0~22                                ; combout          ;
; |risc5|alu32:inst6|Add0~291                               ; |risc5|alu32:inst6|Add0~291                               ; combout          ;
; |risc5|alu32:inst6|Add0~31                                ; |risc5|alu32:inst6|Add0~31                                ; combout          ;
; |risc5|alu32:inst6|Add0~292                               ; |risc5|alu32:inst6|Add0~292                               ; combout          ;
; |risc5|alu32:inst6|Add0~40                                ; |risc5|alu32:inst6|Add0~40                                ; combout          ;
; |risc5|alu32:inst6|Add0~293                               ; |risc5|alu32:inst6|Add0~293                               ; combout          ;
; |risc5|alu32:inst6|Add0~49                                ; |risc5|alu32:inst6|Add0~49                                ; combout          ;
; |risc5|alu32:inst6|Add0~294                               ; |risc5|alu32:inst6|Add0~294                               ; combout          ;
; |risc5|alu32:inst6|Add0~58                                ; |risc5|alu32:inst6|Add0~58                                ; combout          ;
; |risc5|alu32:inst6|Add0~295                               ; |risc5|alu32:inst6|Add0~295                               ; combout          ;
; |risc5|alu32:inst6|Add0~67                                ; |risc5|alu32:inst6|Add0~67                                ; combout          ;
; |risc5|alu32:inst6|Add0~296                               ; |risc5|alu32:inst6|Add0~296                               ; combout          ;
; |risc5|alu32:inst6|Add0~76                                ; |risc5|alu32:inst6|Add0~76                                ; combout          ;
; |risc5|alu32:inst6|Add0~297                               ; |risc5|alu32:inst6|Add0~297                               ; combout          ;
; |risc5|alu32:inst6|Add0~85                                ; |risc5|alu32:inst6|Add0~85                                ; combout          ;
; |risc5|alu32:inst6|Add0~298                               ; |risc5|alu32:inst6|Add0~298                               ; combout          ;
; |risc5|alu32:inst6|Add0~94                                ; |risc5|alu32:inst6|Add0~94                                ; combout          ;
; |risc5|alu32:inst6|Add0~299                               ; |risc5|alu32:inst6|Add0~299                               ; combout          ;
; |risc5|alu32:inst6|Add0~103                               ; |risc5|alu32:inst6|Add0~103                               ; combout          ;
; |risc5|alu32:inst6|Add0~300                               ; |risc5|alu32:inst6|Add0~300                               ; combout          ;
; |risc5|alu32:inst6|Add0~112                               ; |risc5|alu32:inst6|Add0~112                               ; combout          ;
; |risc5|alu32:inst6|Add0~301                               ; |risc5|alu32:inst6|Add0~301                               ; combout          ;
; |risc5|alu32:inst6|Add0~121                               ; |risc5|alu32:inst6|Add0~121                               ; combout          ;
; |risc5|alu32:inst6|Add0~302                               ; |risc5|alu32:inst6|Add0~302                               ; combout          ;
; |risc5|alu32:inst6|Add0~130                               ; |risc5|alu32:inst6|Add0~130                               ; combout          ;
; |risc5|alu32:inst6|Add0~303                               ; |risc5|alu32:inst6|Add0~303                               ; combout          ;
; |risc5|alu32:inst6|Add0~139                               ; |risc5|alu32:inst6|Add0~139                               ; combout          ;
; |risc5|alu32:inst6|Add0~304                               ; |risc5|alu32:inst6|Add0~304                               ; combout          ;
; |risc5|alu32:inst6|Add0~148                               ; |risc5|alu32:inst6|Add0~148                               ; combout          ;
; |risc5|alu32:inst6|Add0~305                               ; |risc5|alu32:inst6|Add0~305                               ; combout          ;
; |risc5|alu32:inst6|Add0~157                               ; |risc5|alu32:inst6|Add0~157                               ; combout          ;
; |risc5|alu32:inst6|Add0~306                               ; |risc5|alu32:inst6|Add0~306                               ; combout          ;
; |risc5|alu32:inst6|Add0~166                               ; |risc5|alu32:inst6|Add0~166                               ; combout          ;
; |risc5|alu32:inst6|Add0~307                               ; |risc5|alu32:inst6|Add0~307                               ; combout          ;
; |risc5|alu32:inst6|Add0~175                               ; |risc5|alu32:inst6|Add0~175                               ; combout          ;
; |risc5|alu32:inst6|Add0~308                               ; |risc5|alu32:inst6|Add0~308                               ; combout          ;
; |risc5|alu32:inst6|Add0~184                               ; |risc5|alu32:inst6|Add0~184                               ; combout          ;
; |risc5|alu32:inst6|Add0~309                               ; |risc5|alu32:inst6|Add0~309                               ; combout          ;
; |risc5|alu32:inst6|Add0~193                               ; |risc5|alu32:inst6|Add0~193                               ; combout          ;
; |risc5|alu32:inst6|Add0~310                               ; |risc5|alu32:inst6|Add0~310                               ; combout          ;
; |risc5|alu32:inst6|Add0~202                               ; |risc5|alu32:inst6|Add0~202                               ; combout          ;
; |risc5|alu32:inst6|Add0~311                               ; |risc5|alu32:inst6|Add0~311                               ; combout          ;
; |risc5|alu32:inst6|Add0~211                               ; |risc5|alu32:inst6|Add0~211                               ; combout          ;
; |risc5|alu32:inst6|Add0~312                               ; |risc5|alu32:inst6|Add0~312                               ; combout          ;
; |risc5|regfile:inst5|reg_array~1286                       ; |risc5|regfile:inst5|reg_array~1286                       ; combout          ;
; |risc5|pin_name~output                                    ; |risc5|pin_name~output                                    ; o                ;
; |risc5|pin_name                                           ; |risc5|pin_name                                           ; padout           ;
; |risc5|pc_out[31]~output                                  ; |risc5|pc_out[31]~output                                  ; o                ;
; |risc5|pc_out[31]                                         ; |risc5|pc_out[31]                                         ; padout           ;
; |risc5|pc_out[30]~output                                  ; |risc5|pc_out[30]~output                                  ; o                ;
; |risc5|pc_out[30]                                         ; |risc5|pc_out[30]                                         ; padout           ;
; |risc5|pc_out[29]~output                                  ; |risc5|pc_out[29]~output                                  ; o                ;
; |risc5|pc_out[29]                                         ; |risc5|pc_out[29]                                         ; padout           ;
; |risc5|pc_out[28]~output                                  ; |risc5|pc_out[28]~output                                  ; o                ;
; |risc5|pc_out[28]                                         ; |risc5|pc_out[28]                                         ; padout           ;
; |risc5|pc_out[27]~output                                  ; |risc5|pc_out[27]~output                                  ; o                ;
; |risc5|pc_out[27]                                         ; |risc5|pc_out[27]                                         ; padout           ;
; |risc5|pc_out[26]~output                                  ; |risc5|pc_out[26]~output                                  ; o                ;
; |risc5|pc_out[26]                                         ; |risc5|pc_out[26]                                         ; padout           ;
; |risc5|pc_out[25]~output                                  ; |risc5|pc_out[25]~output                                  ; o                ;
; |risc5|pc_out[25]                                         ; |risc5|pc_out[25]                                         ; padout           ;
; |risc5|pc_out[24]~output                                  ; |risc5|pc_out[24]~output                                  ; o                ;
; |risc5|pc_out[24]                                         ; |risc5|pc_out[24]                                         ; padout           ;
; |risc5|pc_out[23]~output                                  ; |risc5|pc_out[23]~output                                  ; o                ;
; |risc5|pc_out[23]                                         ; |risc5|pc_out[23]                                         ; padout           ;
; |risc5|pc_out[22]~output                                  ; |risc5|pc_out[22]~output                                  ; o                ;
; |risc5|pc_out[22]                                         ; |risc5|pc_out[22]                                         ; padout           ;
; |risc5|pc_out[21]~output                                  ; |risc5|pc_out[21]~output                                  ; o                ;
; |risc5|pc_out[21]                                         ; |risc5|pc_out[21]                                         ; padout           ;
; |risc5|pc_out[20]~output                                  ; |risc5|pc_out[20]~output                                  ; o                ;
; |risc5|pc_out[20]                                         ; |risc5|pc_out[20]                                         ; padout           ;
; |risc5|pc_out[19]~output                                  ; |risc5|pc_out[19]~output                                  ; o                ;
; |risc5|pc_out[19]                                         ; |risc5|pc_out[19]                                         ; padout           ;
; |risc5|pc_out[18]~output                                  ; |risc5|pc_out[18]~output                                  ; o                ;
; |risc5|pc_out[18]                                         ; |risc5|pc_out[18]                                         ; padout           ;
; |risc5|pc_out[17]~output                                  ; |risc5|pc_out[17]~output                                  ; o                ;
; |risc5|pc_out[17]                                         ; |risc5|pc_out[17]                                         ; padout           ;
; |risc5|pc_out[16]~output                                  ; |risc5|pc_out[16]~output                                  ; o                ;
; |risc5|pc_out[16]                                         ; |risc5|pc_out[16]                                         ; padout           ;
; |risc5|pc_out[15]~output                                  ; |risc5|pc_out[15]~output                                  ; o                ;
; |risc5|pc_out[15]                                         ; |risc5|pc_out[15]                                         ; padout           ;
; |risc5|pc_out[14]~output                                  ; |risc5|pc_out[14]~output                                  ; o                ;
; |risc5|pc_out[14]                                         ; |risc5|pc_out[14]                                         ; padout           ;
; |risc5|pc_out[13]~output                                  ; |risc5|pc_out[13]~output                                  ; o                ;
; |risc5|pc_out[13]                                         ; |risc5|pc_out[13]                                         ; padout           ;
; |risc5|pc_out[12]~output                                  ; |risc5|pc_out[12]~output                                  ; o                ;
; |risc5|pc_out[12]                                         ; |risc5|pc_out[12]                                         ; padout           ;
; |risc5|pc_out[11]~output                                  ; |risc5|pc_out[11]~output                                  ; o                ;
; |risc5|pc_out[11]                                         ; |risc5|pc_out[11]                                         ; padout           ;
; |risc5|pc_out[10]~output                                  ; |risc5|pc_out[10]~output                                  ; o                ;
; |risc5|pc_out[10]                                         ; |risc5|pc_out[10]                                         ; padout           ;
; |risc5|pc_out[9]~output                                   ; |risc5|pc_out[9]~output                                   ; o                ;
; |risc5|pc_out[9]                                          ; |risc5|pc_out[9]                                          ; padout           ;
; |risc5|pc_out[8]~output                                   ; |risc5|pc_out[8]~output                                   ; o                ;
; |risc5|pc_out[8]                                          ; |risc5|pc_out[8]                                          ; padout           ;
; |risc5|pc_out[7]~output                                   ; |risc5|pc_out[7]~output                                   ; o                ;
; |risc5|pc_out[7]                                          ; |risc5|pc_out[7]                                          ; padout           ;
; |risc5|pc_out[6]~output                                   ; |risc5|pc_out[6]~output                                   ; o                ;
; |risc5|pc_out[6]                                          ; |risc5|pc_out[6]                                          ; padout           ;
; |risc5|pc_out[5]~output                                   ; |risc5|pc_out[5]~output                                   ; o                ;
; |risc5|pc_out[5]                                          ; |risc5|pc_out[5]                                          ; padout           ;
; |risc5|pc_out[1]~output                                   ; |risc5|pc_out[1]~output                                   ; o                ;
; |risc5|pc_out[1]                                          ; |risc5|pc_out[1]                                          ; padout           ;
; |risc5|pc_out[0]~output                                   ; |risc5|pc_out[0]~output                                   ; o                ;
; |risc5|pc_out[0]                                          ; |risc5|pc_out[0]                                          ; padout           ;
; |risc5|pin_name12~output                                  ; |risc5|pin_name12~output                                  ; o                ;
; |risc5|pin_name12                                         ; |risc5|pin_name12                                         ; padout           ;
; |risc5|pin_name13~output                                  ; |risc5|pin_name13~output                                  ; o                ;
; |risc5|pin_name13                                         ; |risc5|pin_name13                                         ; padout           ;
; |risc5|alu_out[31]~output                                 ; |risc5|alu_out[31]~output                                 ; o                ;
; |risc5|alu_out[31]                                        ; |risc5|alu_out[31]                                        ; padout           ;
; |risc5|alu_out[30]~output                                 ; |risc5|alu_out[30]~output                                 ; o                ;
; |risc5|alu_out[30]                                        ; |risc5|alu_out[30]                                        ; padout           ;
; |risc5|alu_out[29]~output                                 ; |risc5|alu_out[29]~output                                 ; o                ;
; |risc5|alu_out[29]                                        ; |risc5|alu_out[29]                                        ; padout           ;
; |risc5|alu_out[28]~output                                 ; |risc5|alu_out[28]~output                                 ; o                ;
; |risc5|alu_out[28]                                        ; |risc5|alu_out[28]                                        ; padout           ;
; |risc5|alu_out[27]~output                                 ; |risc5|alu_out[27]~output                                 ; o                ;
; |risc5|alu_out[27]                                        ; |risc5|alu_out[27]                                        ; padout           ;
; |risc5|alu_out[26]~output                                 ; |risc5|alu_out[26]~output                                 ; o                ;
; |risc5|alu_out[26]                                        ; |risc5|alu_out[26]                                        ; padout           ;
; |risc5|alu_out[25]~output                                 ; |risc5|alu_out[25]~output                                 ; o                ;
; |risc5|alu_out[25]                                        ; |risc5|alu_out[25]                                        ; padout           ;
; |risc5|alu_out[24]~output                                 ; |risc5|alu_out[24]~output                                 ; o                ;
; |risc5|alu_out[24]                                        ; |risc5|alu_out[24]                                        ; padout           ;
; |risc5|alu_out[23]~output                                 ; |risc5|alu_out[23]~output                                 ; o                ;
; |risc5|alu_out[23]                                        ; |risc5|alu_out[23]                                        ; padout           ;
; |risc5|alu_out[22]~output                                 ; |risc5|alu_out[22]~output                                 ; o                ;
; |risc5|alu_out[22]                                        ; |risc5|alu_out[22]                                        ; padout           ;
; |risc5|alu_out[21]~output                                 ; |risc5|alu_out[21]~output                                 ; o                ;
; |risc5|alu_out[21]                                        ; |risc5|alu_out[21]                                        ; padout           ;
; |risc5|alu_out[20]~output                                 ; |risc5|alu_out[20]~output                                 ; o                ;
; |risc5|alu_out[20]                                        ; |risc5|alu_out[20]                                        ; padout           ;
; |risc5|alu_out[19]~output                                 ; |risc5|alu_out[19]~output                                 ; o                ;
; |risc5|alu_out[19]                                        ; |risc5|alu_out[19]                                        ; padout           ;
; |risc5|alu_out[18]~output                                 ; |risc5|alu_out[18]~output                                 ; o                ;
; |risc5|alu_out[18]                                        ; |risc5|alu_out[18]                                        ; padout           ;
; |risc5|alu_out[17]~output                                 ; |risc5|alu_out[17]~output                                 ; o                ;
; |risc5|alu_out[17]                                        ; |risc5|alu_out[17]                                        ; padout           ;
; |risc5|alu_out[16]~output                                 ; |risc5|alu_out[16]~output                                 ; o                ;
; |risc5|alu_out[16]                                        ; |risc5|alu_out[16]                                        ; padout           ;
; |risc5|alu_out[15]~output                                 ; |risc5|alu_out[15]~output                                 ; o                ;
; |risc5|alu_out[15]                                        ; |risc5|alu_out[15]                                        ; padout           ;
; |risc5|alu_out[14]~output                                 ; |risc5|alu_out[14]~output                                 ; o                ;
; |risc5|alu_out[14]                                        ; |risc5|alu_out[14]                                        ; padout           ;
; |risc5|alu_out[13]~output                                 ; |risc5|alu_out[13]~output                                 ; o                ;
; |risc5|alu_out[13]                                        ; |risc5|alu_out[13]                                        ; padout           ;
; |risc5|alu_out[12]~output                                 ; |risc5|alu_out[12]~output                                 ; o                ;
; |risc5|alu_out[12]                                        ; |risc5|alu_out[12]                                        ; padout           ;
; |risc5|alu_out[7]~output                                  ; |risc5|alu_out[7]~output                                  ; o                ;
; |risc5|alu_out[7]                                         ; |risc5|alu_out[7]                                         ; padout           ;
; |risc5|alu_out[6]~output                                  ; |risc5|alu_out[6]~output                                  ; o                ;
; |risc5|alu_out[6]                                         ; |risc5|alu_out[6]                                         ; padout           ;
; |risc5|alu_out[5]~output                                  ; |risc5|alu_out[5]~output                                  ; o                ;
; |risc5|alu_out[5]                                         ; |risc5|alu_out[5]                                         ; padout           ;
; |risc5|pc_clr~input                                       ; |risc5|pc_clr~input                                       ; o                ;
; |risc5|pc_clr                                             ; |risc5|pc_clr                                             ; padout           ;
; |risc5|pc_clr~inputclkctrl                                ; |risc5|pc_clr~inputclkctrl                                ; outclk           ;
+-----------------------------------------------------------+-----------------------------------------------------------+------------------+


+---------------------+
; Simulator INI Usage ;
+--------+------------+
; Option ; Usage      ;
+--------+------------+


+--------------------+
; Simulator Messages ;
+--------------------+
Info: *******************************************************************
Info: Running Quartus II Simulator
    Info: Version 9.0 Build 132 02/25/2009 SJ Full Version
    Info: Processing started: Wed Oct 18 16:56:24 2023
Info: Command: quartus_sim --read_settings_files=on --write_settings_files=off risc5 -c risc5
Info: Using vector source file "F:/210063002026/lab3/lab3_skel/risc5.vwf"
Info: Option to preserve fewer signal transitions to reduce memory requirements is enabled
    Info: Simulation has been partitioned into sub-simulations according to the maximum transition count determined by the engine. Transitions from memory will be flushed out to disk at the end of each sub-simulation to reduce memory requirements.
Info: Simulation partitioned into 1 sub-simulations
Info: Simulation coverage is      25.53 %
Info: Number of transitions in simulation is 1190
Info: Quartus II Simulator was successful. 0 errors, 0 warnings
    Info: Peak virtual memory: 173 megabytes
    Info: Processing ended: Wed Oct 18 16:56:24 2023
    Info: Elapsed time: 00:00:00
    Info: Total CPU time (on all processors): 00:00:00


